logical_index,point_index,parent_point_index,axis0,axis1,axis2,valid_time,lat,lon,value
0,0,0,0,0,0,2016-12-22 00:00:00,89.94727325439453,0.0,NULL
1,0,0,0,0,1,2016-12-22 01:00:00,89.94727325439453,0.0,NULL
2,0,0,0,0,2,2016-12-22 02:00:00,89.94727325439453,0.0,NULL
3,0,0,0,0,3,2016-12-22 03:00:00,89.94727325439453,0.0,NULL
4,0,0,0,0,4,2016-12-22 04:00:00,89.94727325439453,0.0,NULL
5,0,0,0,0,5,2016-12-22 05:00:00,89.94727325439453,0.0,NULL
6,0,0,0,0,6,2016-12-22 06:00:00,89.94727325439453,0.0,NULL
7,0,0,0,0,7,2016-12-22 07:00:00,89.94727325439453,0.0,NULL
8,0,0,0,0,8,2016-12-22 08:00:00,89.94727325439453,0.0,NULL
9,0,0,0,0,9,2016-12-22 09:00:00,89.94727325439453,0.0,NULL
10,0,0,0,0,10,2016-12-22 10:00:00,89.94727325439453,0.0,NULL
11,0,0,0,0,11,2016-12-22 11:00:00,89.94727325439453,0.0,NULL
12,0,0,0,0,12,2016-12-22 12:00:00,89.94727325439453,0.0,NULL
13,0,0,0,0,13,2016-12-22 13:00:00,89.94727325439453,0.0,NULL
14,0,0,0,0,14,2016-12-22 14:00:00,89.94727325439453,0.0,NULL
15,0,0,0,0,15,2016-12-22 15:00:00,89.94727325439453,0.0,NULL
16,0,0,0,0,16,2016-12-22 16:00:00,89.94727325439453,0.0,NULL
17,0,0,0,0,17,2016-12-22 17:00:00,89.94727325439453,0.0,NULL
18,0,0,0,0,18,2016-12-22 18:00:00,89.94727325439453,0.0,NULL
19,0,0,0,0,19,2016-12-22 19:00:00,89.94727325439453,0.0,NULL
20,0,0,0,0,20,2016-12-22 20:00:00,89.94727325439453,0.0,NULL
21,0,0,0,0,21,2016-12-22 21:00:00,89.94727325439453,0.0,NULL
22,0,0,0,0,22,2016-12-22 22:00:00,89.94727325439453,0.0,NULL
23,0,0,0,0,23,2016-12-22 23:00:00,89.94727325439453,0.0,NULL
24,0,0,0,0,24,2016-12-23 00:00:00,89.94727325439453,0.0,NULL
25,0,0,0,0,25,2016-12-23 01:00:00,89.94727325439453,0.0,NULL
26,0,0,0,0,26,2016-12-23 02:00:00,89.94727325439453,0.0,NULL
27,0,0,0,0,27,2016-12-23 03:00:00,89.94727325439453,0.0,NULL
28,0,0,0,0,28,2016-12-23 04:00:00,89.94727325439453,0.0,NULL
29,0,0,0,0,29,2016-12-23 05:00:00,89.94727325439453,0.0,NULL
30,0,0,0,0,30,2016-12-23 06:00:00,89.94727325439453,0.0,NULL
31,0,0,0,0,31,2016-12-23 07:00:00,89.94727325439453,0.0,NULL
32,0,0,0,0,32,2016-12-23 08:00:00,89.94727325439453,0.0,NULL
33,0,0,0,0,33,2016-12-23 09:00:00,89.94727325439453,0.0,NULL
34,0,0,0,0,34,2016-12-23 10:00:00,89.94727325439453,0.0,NULL
35,0,0,0,0,35,2016-12-23 11:00:00,89.94727325439453,0.0,NULL
36,0,0,0,0,36,2016-12-23 12:00:00,89.94727325439453,0.0,NULL
37,0,0,0,0,37,2016-12-23 13:00:00,89.94727325439453,0.0,NULL
38,0,0,0,0,38,2016-12-23 14:00:00,89.94727325439453,0.0,NULL
39,0,0,0,0,39,2016-12-23 15:00:00,89.94727325439453,0.0,NULL
40,0,0,0,0,40,2016-12-23 16:00:00,89.94727325439453,0.0,NULL
41,0,0,0,0,41,2016-12-23 17:00:00,89.94727325439453,0.0,NULL
42,0,0,0,0,42,2016-12-23 18:00:00,89.94727325439453,0.0,NULL
43,0,0,0,0,43,2016-12-23 19:00:00,89.94727325439453,0.0,NULL
44,0,0,0,0,44,2016-12-23 20:00:00,89.94727325439453,0.0,NULL
45,0,0,0,0,45,2016-12-23 21:00:00,89.94727325439453,0.0,NULL
46,0,0,0,0,46,2016-12-23 22:00:00,89.94727325439453,0.0,NULL
47,0,0,0,0,47,2016-12-23 23:00:00,89.94727325439453,0.0,NULL
48,0,0,0,0,48,2016-12-24 00:00:00,89.94727325439453,0.0,NULL
49,0,0,0,0,49,2016-12-24 01:00:00,89.94727325439453,0.0,NULL
50,0,0,0,0,50,2016-12-24 02:00:00,89.94727325439453,0.0,NULL
51,0,0,0,0,51,2016-12-24 03:00:00,89.94727325439453,0.0,NULL
52,0,0,0,0,52,2016-12-24 04:00:00,89.94727325439453,0.0,NULL
53,0,0,0,0,53,2016-12-24 05:00:00,89.94727325439453,0.0,NULL
54,0,0,0,0,54,2016-12-24 06:00:00,89.94727325439453,0.0,NULL
55,0,0,0,0,55,2016-12-24 07:00:00,89.94727325439453,0.0,NULL
56,0,0,0,0,56,2016-12-24 08:00:00,89.94727325439453,0.0,NULL
57,0,0,0,0,57,2016-12-24 09:00:00,89.94727325439453,0.0,NULL
58,0,0,0,0,58,2016-12-24 10:00:00,89.94727325439453,0.0,NULL
59,0,0,0,0,59,2016-12-24 11:00:00,89.94727325439453,0.0,NULL
60,0,0,0,0,60,2016-12-24 12:00:00,89.94727325439453,0.0,NULL
61,0,0,0,0,61,2016-12-24 13:00:00,89.94727325439453,0.0,NULL
62,0,0,0,0,62,2016-12-24 14:00:00,89.94727325439453,0.0,NULL
63,0,0,0,0,63,2016-12-24 15:00:00,89.94727325439453,0.0,NULL
64,0,0,0,0,64,2016-12-24 16:00:00,89.94727325439453,0.0,NULL
65,0,0,0,0,65,2016-12-24 17:00:00,89.94727325439453,0.0,NULL
66,0,0,0,0,66,2016-12-24 18:00:00,89.94727325439453,0.0,NULL
67,0,0,0,0,67,2016-12-24 19:00:00,89.94727325439453,0.0,NULL
68,0,0,0,0,68,2016-12-24 20:00:00,89.94727325439453,0.0,NULL
69,0,0,0,0,69,2016-12-24 21:00:00,89.94727325439453,0.0,NULL
70,0,0,0,0,70,2016-12-24 22:00:00,89.94727325439453,0.0,NULL
71,0,0,0,0,71,2016-12-24 23:00:00,89.94727325439453,0.0,NULL
72,0,0,0,0,72,2016-12-25 00:00:00,89.94727325439453,0.0,NULL
73,0,0,0,0,73,2016-12-25 01:00:00,89.94727325439453,0.0,NULL
74,0,0,0,0,74,2016-12-25 02:00:00,89.94727325439453,0.0,NULL
75,0,0,0,0,75,2016-12-25 03:00:00,89.94727325439453,0.0,NULL
76,0,0,0,0,76,2016-12-25 04:00:00,89.94727325439453,0.0,NULL
77,0,0,0,0,77,2016-12-25 05:00:00,89.94727325439453,0.0,NULL
78,0,0,0,0,78,2016-12-25 06:00:00,89.94727325439453,0.0,NULL
79,0,0,0,0,79,2016-12-25 07:00:00,89.94727325439453,0.0,NULL
80,0,0,0,0,80,2016-12-25 08:00:00,89.94727325439453,0.0,NULL
81,0,0,0,0,81,2016-12-25 09:00:00,89.94727325439453,0.0,NULL
82,0,0,0,0,82,2016-12-25 10:00:00,89.94727325439453,0.0,NULL
83,0,0,0,0,83,2016-12-25 11:00:00,89.94727325439453,0.0,NULL
84,0,0,0,0,84,2016-12-25 12:00:00,89.94727325439453,0.0,NULL
85,0,0,0,0,85,2016-12-25 13:00:00,89.94727325439453,0.0,NULL
86,0,0,0,0,86,2016-12-25 14:00:00,89.94727325439453,0.0,NULL
87,0,0,0,0,87,2016-12-25 15:00:00,89.94727325439453,0.0,NULL
88,0,0,0,0,88,2016-12-25 16:00:00,89.94727325439453,0.0,NULL
89,0,0,0,0,89,2016-12-25 17:00:00,89.94727325439453,0.0,NULL
90,0,0,0,0,90,2016-12-25 18:00:00,89.94727325439453,0.0,NULL
91,0,0,0,0,91,2016-12-25 19:00:00,89.94727325439453,0.0,NULL
92,0,0,0,0,92,2016-12-25 20:00:00,89.94727325439453,0.0,NULL
93,0,0,0,0,93,2016-12-25 21:00:00,89.94727325439453,0.0,NULL
94,0,0,0,0,94,2016-12-25 22:00:00,89.94727325439453,0.0,NULL
95,0,0,0,0,95,2016-12-25 23:00:00,89.94727325439453,0.0,NULL
96,0,0,0,0,96,2016-12-26 00:00:00,89.94727325439453,0.0,NULL
97,0,0,0,0,97,2016-12-26 01:00:00,89.94727325439453,0.0,NULL
98,0,0,0,0,98,2016-12-26 02:00:00,89.94727325439453,0.0,NULL
99,0,0,0,0,99,2016-12-26 03:00:00,89.94727325439453,0.0,NULL
100,0,0,0,0,100,2016-12-26 04:00:00,89.94727325439453,0.0,NULL
101,0,0,0,0,101,2016-12-26 05:00:00,89.94727325439453,0.0,NULL
102,0,0,0,0,102,2016-12-26 06:00:00,89.94727325439453,0.0,NULL
103,0,0,0,0,103,2016-12-26 07:00:00,89.94727325439453,0.0,NULL
104,0,0,0,0,104,2016-12-26 08:00:00,89.94727325439453,0.0,NULL
105,0,0,0,0,105,2016-12-26 09:00:00,89.94727325439453,0.0,NULL
106,0,0,0,0,106,2016-12-26 10:00:00,89.94727325439453,0.0,NULL
107,0,0,0,0,107,2016-12-26 11:00:00,89.94727325439453,0.0,NULL
108,0,0,0,0,108,2016-12-26 12:00:00,89.94727325439453,0.0,NULL
109,0,0,0,0,109,2016-12-26 13:00:00,89.94727325439453,0.0,NULL
110,0,0,0,0,110,2016-12-26 14:00:00,89.94727325439453,0.0,NULL
111,0,0,0,0,111,2016-12-26 15:00:00,89.94727325439453,0.0,NULL
112,0,0,0,0,112,2016-12-26 16:00:00,89.94727325439453,0.0,NULL
113,0,0,0,0,113,2016-12-26 17:00:00,89.94727325439453,0.0,NULL
114,0,0,0,0,114,2016-12-26 18:00:00,89.94727325439453,0.0,NULL
115,0,0,0,0,115,2016-12-26 19:00:00,89.94727325439453,0.0,NULL
116,0,0,0,0,116,2016-12-26 20:00:00,89.94727325439453,0.0,NULL
117,0,0,0,0,117,2016-12-26 21:00:00,89.94727325439453,0.0,NULL
118,0,0,0,0,118,2016-12-26 22:00:00,89.94727325439453,0.0,NULL
119,0,0,0,0,119,2016-12-26 23:00:00,89.94727325439453,0.0,NULL
120,0,0,0,0,120,2016-12-27 00:00:00,89.94727325439453,0.0,NULL
121,0,0,0,0,121,2016-12-27 01:00:00,89.94727325439453,0.0,NULL
122,0,0,0,0,122,2016-12-27 02:00:00,89.94727325439453,0.0,NULL
123,0,0,0,0,123,2016-12-27 03:00:00,89.94727325439453,0.0,NULL
124,0,0,0,0,124,2016-12-27 04:00:00,89.94727325439453,0.0,NULL
125,0,0,0,0,125,2016-12-27 05:00:00,89.94727325439453,0.0,NULL
126,0,0,0,0,126,2016-12-27 06:00:00,89.94727325439453,0.0,NULL
127,0,0,0,0,127,2016-12-27 07:00:00,89.94727325439453,0.0,NULL
128,0,0,0,0,128,2016-12-27 08:00:00,89.94727325439453,0.0,NULL
129,0,0,0,0,129,2016-12-27 09:00:00,89.94727325439453,0.0,NULL
130,0,0,0,0,130,2016-12-27 10:00:00,89.94727325439453,0.0,NULL
131,0,0,0,0,131,2016-12-27 11:00:00,89.94727325439453,0.0,NULL
132,0,0,0,0,132,2016-12-27 12:00:00,89.94727325439453,0.0,NULL
133,0,0,0,0,133,2016-12-27 13:00:00,89.94727325439453,0.0,NULL
134,0,0,0,0,134,2016-12-27 14:00:00,89.94727325439453,0.0,NULL
135,0,0,0,0,135,2016-12-27 15:00:00,89.94727325439453,0.0,NULL
136,0,0,0,0,136,2016-12-27 16:00:00,89.94727325439453,0.0,NULL
137,0,0,0,0,137,2016-12-27 17:00:00,89.94727325439453,0.0,NULL
138,0,0,0,0,138,2016-12-27 18:00:00,89.94727325439453,0.0,NULL
139,0,0,0,0,139,2016-12-27 19:00:00,89.94727325439453,0.0,NULL
140,0,0,0,0,140,2016-12-27 20:00:00,89.94727325439453,0.0,NULL
141,0,0,0,0,141,2016-12-27 21:00:00,89.94727325439453,0.0,NULL
142,0,0,0,0,142,2016-12-27 22:00:00,89.94727325439453,0.0,NULL
143,0,0,0,0,143,2016-12-27 23:00:00,89.94727325439453,0.0,NULL
144,0,0,0,0,144,2016-12-28 00:00:00,89.94727325439453,0.0,NULL
145,0,0,0,0,145,2016-12-28 01:00:00,89.94727325439453,0.0,NULL
146,0,0,0,0,146,2016-12-28 02:00:00,89.94727325439453,0.0,NULL
147,0,0,0,0,147,2016-12-28 03:00:00,89.94727325439453,0.0,NULL
148,0,0,0,0,148,2016-12-28 04:00:00,89.94727325439453,0.0,NULL
149,0,0,0,0,149,2016-12-28 05:00:00,89.94727325439453,0.0,NULL
150,0,0,0,0,150,2016-12-28 06:00:00,89.94727325439453,0.0,NULL
151,0,0,0,0,151,2016-12-28 07:00:00,89.94727325439453,0.0,NULL
152,0,0,0,0,152,2016-12-28 08:00:00,89.94727325439453,0.0,NULL
153,0,0,0,0,153,2016-12-28 09:00:00,89.94727325439453,0.0,NULL
154,0,0,0,0,154,2016-12-28 10:00:00,89.94727325439453,0.0,NULL
155,0,0,0,0,155,2016-12-28 11:00:00,89.94727325439453,0.0,NULL
156,0,0,0,0,156,2016-12-28 12:00:00,89.94727325439453,0.0,NULL
157,0,0,0,0,157,2016-12-28 13:00:00,89.94727325439453,0.0,NULL
158,0,0,0,0,158,2016-12-28 14:00:00,89.94727325439453,0.0,NULL
159,0,0,0,0,159,2016-12-28 15:00:00,89.94727325439453,0.0,NULL
160,0,0,0,0,160,2016-12-28 16:00:00,89.94727325439453,0.0,NULL
161,0,0,0,0,161,2016-12-28 17:00:00,89.94727325439453,0.0,NULL
162,0,0,0,0,162,2016-12-28 18:00:00,89.94727325439453,0.0,NULL
163,0,0,0,0,163,2016-12-28 19:00:00,89.94727325439453,0.0,NULL
164,0,0,0,0,164,2016-12-28 20:00:00,89.94727325439453,0.0,NULL
165,0,0,0,0,165,2016-12-28 21:00:00,89.94727325439453,0.0,NULL
166,0,0,0,0,166,2016-12-28 22:00:00,89.94727325439453,0.0,NULL
167,0,0,0,0,167,2016-12-28 23:00:00,89.94727325439453,0.0,NULL
168,0,0,0,0,168,2016-12-29 00:00:00,89.94727325439453,0.0,NULL
169,0,0,0,0,169,2016-12-29 01:00:00,89.94727325439453,0.0,NULL
170,0,0,0,0,170,2016-12-29 02:00:00,89.94727325439453,0.0,NULL
171,0,0,0,0,171,2016-12-29 03:00:00,89.94727325439453,0.0,NULL
172,0,0,0,0,172,2016-12-29 04:00:00,89.94727325439453,0.0,NULL
173,0,0,0,0,173,2016-12-29 05:00:00,89.94727325439453,0.0,NULL
174,0,0,0,0,174,2016-12-29 06:00:00,89.94727325439453,0.0,NULL
175,0,0,0,0,175,2016-12-29 07:00:00,89.94727325439453,0.0,NULL
176,0,0,0,0,176,2016-12-29 08:00:00,89.94727325439453,0.0,NULL
177,0,0,0,0,177,2016-12-29 09:00:00,89.94727325439453,0.0,NULL
178,0,0,0,0,178,2016-12-29 10:00:00,89.94727325439453,0.0,NULL
179,0,0,0,0,179,2016-12-29 11:00:00,89.94727325439453,0.0,NULL
180,0,0,0,0,180,2016-12-29 12:00:00,89.94727325439453,0.0,NULL
181,0,0,0,0,181,2016-12-29 13:00:00,89.94727325439453,0.0,NULL
182,0,0,0,0,182,2016-12-29 14:00:00,89.94727325439453,0.0,NULL
183,0,0,0,0,183,2016-12-29 15:00:00,89.94727325439453,0.0,NULL
184,0,0,0,0,184,2016-12-29 16:00:00,89.94727325439453,0.0,NULL
185,0,0,0,0,185,2016-12-29 17:00:00,89.94727325439453,0.0,NULL
186,0,0,0,0,186,2016-12-29 18:00:00,89.94727325439453,0.0,NULL
187,0,0,0,0,187,2016-12-29 19:00:00,89.94727325439453,0.0,NULL
188,0,0,0,0,188,2016-12-29 20:00:00,89.94727325439453,0.0,NULL
189,0,0,0,0,189,2016-12-29 21:00:00,89.94727325439453,0.0,NULL
190,0,0,0,0,190,2016-12-29 22:00:00,89.94727325439453,0.0,NULL
191,0,0,0,0,191,2016-12-29 23:00:00,89.94727325439453,0.0,NULL
192,0,0,0,0,192,2016-12-30 00:00:00,89.94727325439453,0.0,NULL
193,0,0,0,0,193,2016-12-30 01:00:00,89.94727325439453,0.0,NULL
194,0,0,0,0,194,2016-12-30 02:00:00,89.94727325439453,0.0,NULL
195,0,0,0,0,195,2016-12-30 03:00:00,89.94727325439453,0.0,NULL
196,0,0,0,0,196,2016-12-30 04:00:00,89.94727325439453,0.0,NULL
197,0,0,0,0,197,2016-12-30 05:00:00,89.94727325439453,0.0,NULL
198,0,0,0,0,198,2016-12-30 06:00:00,89.94727325439453,0.0,NULL
199,0,0,0,0,199,2016-12-30 07:00:00,89.94727325439453,0.0,NULL
200,0,0,0,0,200,2016-12-30 08:00:00,89.94727325439453,0.0,NULL
201,0,0,0,0,201,2016-12-30 09:00:00,89.94727325439453,0.0,NULL
202,0,0,0,0,202,2016-12-30 10:00:00,89.94727325439453,0.0,NULL
203,0,0,0,0,203,2016-12-30 11:00:00,89.94727325439453,0.0,NULL
204,0,0,0,0,204,2016-12-30 12:00:00,89.94727325439453,0.0,NULL
205,0,0,0,0,205,2016-12-30 13:00:00,89.94727325439453,0.0,NULL
206,0,0,0,0,206,2016-12-30 14:00:00,89.94727325439453,0.0,NULL
207,0,0,0,0,207,2016-12-30 15:00:00,89.94727325439453,0.0,NULL
208,0,0,0,0,208,2016-12-30 16:00:00,89.94727325439453,0.0,NULL
209,0,0,0,0,209,2016-12-30 17:00:00,89.94727325439453,0.0,NULL
210,0,0,0,0,210,2016-12-30 18:00:00,89.94727325439453,0.0,NULL
211,0,0,0,0,211,2016-12-30 19:00:00,89.94727325439453,0.0,NULL
212,0,0,0,0,212,2016-12-30 20:00:00,89.94727325439453,0.0,NULL
213,0,0,0,0,213,2016-12-30 21:00:00,89.94727325439453,0.0,NULL
214,0,0,0,0,214,2016-12-30 22:00:00,89.94727325439453,0.0,NULL
215,0,0,0,0,215,2016-12-30 23:00:00,89.94727325439453,0.0,NULL
216,0,0,0,0,216,2016-12-31 00:00:00,89.94727325439453,0.0,NULL
217,0,0,0,0,217,2016-12-31 01:00:00,89.94727325439453,0.0,-21.05
218,0,0,0,0,218,2016-12-31 02:00:00,89.94727325439453,0.0,-20.9
219,0,0,0,0,219,2016-12-31 03:00:00,89.94727325439453,0.0,-20.7
220,0,0,0,0,220,2016-12-31 04:00:00,89.94727325439453,0.0,-20.45
221,0,0,0,0,221,2016-12-31 05:00:00,89.94727325439453,0.0,-20.2
222,0,0,0,0,222,2016-12-31 06:00:00,89.94727325439453,0.0,-19.95
223,0,0,0,0,223,2016-12-31 07:00:00,89.94727325439453,0.0,-19.65
224,0,0,0,0,224,2016-12-31 08:00:00,89.94727325439453,0.0,-19.35
225,0,0,0,0,225,2016-12-31 09:00:00,89.94727325439453,0.0,-19.1
226,0,0,0,0,226,2016-12-31 10:00:00,89.94727325439453,0.0,-18.8
227,0,0,0,0,227,2016-12-31 11:00:00,89.94727325439453,0.0,-18.75
228,0,0,0,0,228,2016-12-31 12:00:00,89.94727325439453,0.0,-18.65
229,0,0,0,0,229,2016-12-31 13:00:00,89.94727325439453,0.0,-19.85
230,0,0,0,0,230,2016-12-31 14:00:00,89.94727325439453,0.0,-19.65
231,0,0,0,0,231,2016-12-31 15:00:00,89.94727325439453,0.0,-19.55
232,0,0,0,0,232,2016-12-31 16:00:00,89.94727325439453,0.0,-19.55
233,0,0,0,0,233,2016-12-31 17:00:00,89.94727325439453,0.0,-19.55
234,0,0,0,0,234,2016-12-31 18:00:00,89.94727325439453,0.0,-19.6
235,0,0,0,0,235,2016-12-31 19:00:00,89.94727325439453,0.0,-19.7
236,0,0,0,0,236,2016-12-31 20:00:00,89.94727325439453,0.0,-19.75
237,0,0,0,0,237,2016-12-31 21:00:00,89.94727325439453,0.0,-19.65
238,0,0,0,0,238,2016-12-31 22:00:00,89.94727325439453,0.0,-19.5
239,0,0,0,0,239,2016-12-31 23:00:00,89.94727325439453,0.0,-19.35
240,0,0,0,0,240,2017-01-01 00:00:00,89.94727325439453,0.0,-19.0
241,0,0,0,0,241,2017-01-01 01:00:00,89.94727325439453,0.0,-18.6
242,0,0,0,0,242,2017-01-01 02:00:00,89.94727325439453,0.0,-18.25
243,0,0,0,0,243,2017-01-01 03:00:00,89.94727325439453,0.0,-18.0
244,0,0,0,0,244,2017-01-01 04:00:00,89.94727325439453,0.0,-17.8
245,0,0,0,0,245,2017-01-01 05:00:00,89.94727325439453,0.0,-17.75
246,0,0,0,0,246,2017-01-01 06:00:00,89.94727325439453,0.0,-18.25
247,0,0,0,0,247,2017-01-01 07:00:00,89.94727325439453,0.0,-18.75
248,0,0,0,0,248,2017-01-01 08:00:00,89.94727325439453,0.0,-18.9
249,0,0,0,0,249,2017-01-01 09:00:00,89.94727325439453,0.0,-19.0
250,0,0,0,0,250,2017-01-01 10:00:00,89.94727325439453,0.0,-19.1
251,0,0,0,0,251,2017-01-01 11:00:00,89.94727325439453,0.0,-19.35
252,0,0,0,0,252,2017-01-01 12:00:00,89.94727325439453,0.0,-19.5
253,0,0,0,0,253,2017-01-01 13:00:00,89.94727325439453,0.0,-21.2
254,0,0,0,0,254,2017-01-01 14:00:00,89.94727325439453,0.0,-21.5
255,0,0,0,0,255,2017-01-01 15:00:00,89.94727325439453,0.0,-21.75
256,0,0,0,0,256,2017-01-01 16:00:00,89.94727325439453,0.0,-21.95
257,0,0,0,0,257,2017-01-01 17:00:00,89.94727325439453,0.0,-22.25
258,0,0,0,0,258,2017-01-01 18:00:00,89.94727325439453,0.0,-22.4
259,0,0,0,0,259,2017-01-01 19:00:00,89.94727325439453,0.0,-22.35
260,0,0,0,0,260,2017-01-01 20:00:00,89.94727325439453,0.0,-21.65
261,0,0,0,0,261,2017-01-01 21:00:00,89.94727325439453,0.0,-20.7
262,0,0,0,0,262,2017-01-01 22:00:00,89.94727325439453,0.0,-20.2
263,0,0,0,0,263,2017-01-01 23:00:00,89.94727325439453,0.0,-19.8
264,0,0,0,0,264,2017-01-02 00:00:00,89.94727325439453,0.0,-20.1
265,0,0,0,0,265,2017-01-02 01:00:00,89.94727325439453,0.0,NULL
266,0,0,0,0,266,2017-01-02 02:00:00,89.94727325439453,0.0,NULL
267,0,0,0,0,267,2017-01-02 03:00:00,89.94727325439453,0.0,NULL
268,0,0,0,0,268,2017-01-02 04:00:00,89.94727325439453,0.0,NULL
269,0,0,0,0,269,2017-01-02 05:00:00,89.94727325439453,0.0,NULL
270,0,0,0,0,270,2017-01-02 06:00:00,89.94727325439453,0.0,NULL
271,0,0,0,0,271,2017-01-02 07:00:00,89.94727325439453,0.0,NULL
272,0,0,0,0,272,2017-01-02 08:00:00,89.94727325439453,0.0,NULL
273,0,0,0,0,273,2017-01-02 09:00:00,89.94727325439453,0.0,NULL
274,0,0,0,0,274,2017-01-02 10:00:00,89.94727325439453,0.0,NULL
275,0,0,0,0,275,2017-01-02 11:00:00,89.94727325439453,0.0,NULL
276,0,0,0,0,276,2017-01-02 12:00:00,89.94727325439453,0.0,NULL
277,0,0,0,0,277,2017-01-02 13:00:00,89.94727325439453,0.0,NULL
278,0,0,0,0,278,2017-01-02 14:00:00,89.94727325439453,0.0,NULL
279,0,0,0,0,279,2017-01-02 15:00:00,89.94727325439453,0.0,NULL
280,0,0,0,0,280,2017-01-02 16:00:00,89.94727325439453,0.0,NULL
281,0,0,0,0,281,2017-01-02 17:00:00,89.94727325439453,0.0,NULL
282,0,0,0,0,282,2017-01-02 18:00:00,89.94727325439453,0.0,NULL
283,0,0,0,0,283,2017-01-02 19:00:00,89.94727325439453,0.0,NULL
284,0,0,0,0,284,2017-01-02 20:00:00,89.94727325439453,0.0,NULL
285,0,0,0,0,285,2017-01-02 21:00:00,89.94727325439453,0.0,NULL
286,0,0,0,0,286,2017-01-02 22:00:00,89.94727325439453,0.0,NULL
287,0,0,0,0,287,2017-01-02 23:00:00,89.94727325439453,0.0,NULL
288,0,0,0,0,288,2017-01-03 00:00:00,89.94727325439453,0.0,NULL
289,0,0,0,0,289,2017-01-03 01:00:00,89.94727325439453,0.0,NULL
290,0,0,0,0,290,2017-01-03 02:00:00,89.94727325439453,0.0,NULL
291,0,0,0,0,291,2017-01-03 03:00:00,89.94727325439453,0.0,NULL
292,0,0,0,0,292,2017-01-03 04:00:00,89.94727325439453,0.0,NULL
293,0,0,0,0,293,2017-01-03 05:00:00,89.94727325439453,0.0,NULL
294,0,0,0,0,294,2017-01-03 06:00:00,89.94727325439453,0.0,NULL
295,0,0,0,0,295,2017-01-03 07:00:00,89.94727325439453,0.0,NULL
296,0,0,0,0,296,2017-01-03 08:00:00,89.94727325439453,0.0,NULL
297,0,0,0,0,297,2017-01-03 09:00:00,89.94727325439453,0.0,NULL
298,0,0,0,0,298,2017-01-03 10:00:00,89.94727325439453,0.0,NULL
299,0,0,0,0,299,2017-01-03 11:00:00,89.94727325439453,0.0,NULL
300,0,0,0,0,300,2017-01-03 12:00:00,89.94727325439453,0.0,NULL
301,0,0,0,0,301,2017-01-03 13:00:00,89.94727325439453,0.0,NULL
302,0,0,0,0,302,2017-01-03 14:00:00,89.94727325439453,0.0,NULL
303,0,0,0,0,303,2017-01-03 15:00:00,89.94727325439453,0.0,NULL
304,0,0,0,0,304,2017-01-03 16:00:00,89.94727325439453,0.0,NULL
305,0,0,0,0,305,2017-01-03 17:00:00,89.94727325439453,0.0,NULL
306,0,0,0,0,306,2017-01-03 18:00:00,89.94727325439453,0.0,NULL
307,0,0,0,0,307,2017-01-03 19:00:00,89.94727325439453,0.0,NULL
308,0,0,0,0,308,2017-01-03 20:00:00,89.94727325439453,0.0,NULL
309,0,0,0,0,309,2017-01-03 21:00:00,89.94727325439453,0.0,NULL
310,0,0,0,0,310,2017-01-03 22:00:00,89.94727325439453,0.0,NULL
311,0,0,0,0,311,2017-01-03 23:00:00,89.94727325439453,0.0,NULL
312,0,0,0,0,312,2017-01-04 00:00:00,89.94727325439453,0.0,NULL
313,0,0,0,0,313,2017-01-04 01:00:00,89.94727325439453,0.0,NULL
314,0,0,0,0,314,2017-01-04 02:00:00,89.94727325439453,0.0,NULL
315,0,0,0,0,315,2017-01-04 03:00:00,89.94727325439453,0.0,NULL
316,0,0,0,0,316,2017-01-04 04:00:00,89.94727325439453,0.0,NULL
317,0,0,0,0,317,2017-01-04 05:00:00,89.94727325439453,0.0,NULL
318,0,0,0,0,318,2017-01-04 06:00:00,89.94727325439453,0.0,NULL
319,0,0,0,0,319,2017-01-04 07:00:00,89.94727325439453,0.0,NULL
320,0,0,0,0,320,2017-01-04 08:00:00,89.94727325439453,0.0,NULL
321,0,0,0,0,321,2017-01-04 09:00:00,89.94727325439453,0.0,NULL
322,0,0,0,0,322,2017-01-04 10:00:00,89.94727325439453,0.0,NULL
323,0,0,0,0,323,2017-01-04 11:00:00,89.94727325439453,0.0,NULL
324,0,0,0,0,324,2017-01-04 12:00:00,89.94727325439453,0.0,NULL
325,0,0,0,0,325,2017-01-04 13:00:00,89.94727325439453,0.0,NULL
326,0,0,0,0,326,2017-01-04 14:00:00,89.94727325439453,0.0,NULL
327,0,0,0,0,327,2017-01-04 15:00:00,89.94727325439453,0.0,NULL
328,0,0,0,0,328,2017-01-04 16:00:00,89.94727325439453,0.0,NULL
329,0,0,0,0,329,2017-01-04 17:00:00,89.94727325439453,0.0,NULL
330,0,0,0,0,330,2017-01-04 18:00:00,89.94727325439453,0.0,NULL
331,0,0,0,0,331,2017-01-04 19:00:00,89.94727325439453,0.0,NULL
332,0,0,0,0,332,2017-01-04 20:00:00,89.94727325439453,0.0,NULL
333,0,0,0,0,333,2017-01-04 21:00:00,89.94727325439453,0.0,NULL
334,0,0,0,0,334,2017-01-04 22:00:00,89.94727325439453,0.0,NULL
335,0,0,0,0,335,2017-01-04 23:00:00,89.94727325439453,0.0,NULL
336,0,0,0,0,336,2017-01-05 00:00:00,89.94727325439453,0.0,NULL
337,0,0,0,0,337,2017-01-05 01:00:00,89.94727325439453,0.0,NULL
338,0,0,0,0,338,2017-01-05 02:00:00,89.94727325439453,0.0,NULL
339,0,0,0,0,339,2017-01-05 03:00:00,89.94727325439453,0.0,NULL
340,0,0,0,0,340,2017-01-05 04:00:00,89.94727325439453,0.0,NULL
341,0,0,0,0,341,2017-01-05 05:00:00,89.94727325439453,0.0,NULL
342,0,0,0,0,342,2017-01-05 06:00:00,89.94727325439453,0.0,NULL
343,0,0,0,0,343,2017-01-05 07:00:00,89.94727325439453,0.0,NULL
344,0,0,0,0,344,2017-01-05 08:00:00,89.94727325439453,0.0,NULL
345,0,0,0,0,345,2017-01-05 09:00:00,89.94727325439453,0.0,NULL
346,0,0,0,0,346,2017-01-05 10:00:00,89.94727325439453,0.0,NULL
347,0,0,0,0,347,2017-01-05 11:00:00,89.94727325439453,0.0,NULL
348,0,0,0,0,348,2017-01-05 12:00:00,89.94727325439453,0.0,NULL
349,0,0,0,0,349,2017-01-05 13:00:00,89.94727325439453,0.0,NULL
350,0,0,0,0,350,2017-01-05 14:00:00,89.94727325439453,0.0,NULL
351,0,0,0,0,351,2017-01-05 15:00:00,89.94727325439453,0.0,NULL
352,0,0,0,0,352,2017-01-05 16:00:00,89.94727325439453,0.0,NULL
353,0,0,0,0,353,2017-01-05 17:00:00,89.94727325439453,0.0,NULL
354,0,0,0,0,354,2017-01-05 18:00:00,89.94727325439453,0.0,NULL
355,0,0,0,0,355,2017-01-05 19:00:00,89.94727325439453,0.0,NULL
356,0,0,0,0,356,2017-01-05 20:00:00,89.94727325439453,0.0,NULL
357,0,0,0,0,357,2017-01-05 21:00:00,89.94727325439453,0.0,NULL
358,0,0,0,0,358,2017-01-05 22:00:00,89.94727325439453,0.0,NULL
359,0,0,0,0,359,2017-01-05 23:00:00,89.94727325439453,0.0,NULL
360,0,0,0,0,360,2017-01-06 00:00:00,89.94727325439453,0.0,NULL
361,0,0,0,0,361,2017-01-06 01:00:00,89.94727325439453,0.0,NULL
362,0,0,0,0,362,2017-01-06 02:00:00,89.94727325439453,0.0,NULL
363,0,0,0,0,363,2017-01-06 03:00:00,89.94727325439453,0.0,NULL
364,0,0,0,0,364,2017-01-06 04:00:00,89.94727325439453,0.0,NULL
365,0,0,0,0,365,2017-01-06 05:00:00,89.94727325439453,0.0,NULL
366,0,0,0,0,366,2017-01-06 06:00:00,89.94727325439453,0.0,NULL
367,0,0,0,0,367,2017-01-06 07:00:00,89.94727325439453,0.0,NULL
368,0,0,0,0,368,2017-01-06 08:00:00,89.94727325439453,0.0,NULL
369,0,0,0,0,369,2017-01-06 09:00:00,89.94727325439453,0.0,NULL
370,0,0,0,0,370,2017-01-06 10:00:00,89.94727325439453,0.0,NULL
371,0,0,0,0,371,2017-01-06 11:00:00,89.94727325439453,0.0,NULL
372,0,0,0,0,372,2017-01-06 12:00:00,89.94727325439453,0.0,NULL
373,0,0,0,0,373,2017-01-06 13:00:00,89.94727325439453,0.0,NULL
374,0,0,0,0,374,2017-01-06 14:00:00,89.94727325439453,0.0,NULL
375,0,0,0,0,375,2017-01-06 15:00:00,89.94727325439453,0.0,NULL
376,0,0,0,0,376,2017-01-06 16:00:00,89.94727325439453,0.0,NULL
377,0,0,0,0,377,2017-01-06 17:00:00,89.94727325439453,0.0,NULL
378,0,0,0,0,378,2017-01-06 18:00:00,89.94727325439453,0.0,NULL
379,0,0,0,0,379,2017-01-06 19:00:00,89.94727325439453,0.0,NULL
380,0,0,0,0,380,2017-01-06 20:00:00,89.94727325439453,0.0,NULL
381,0,0,0,0,381,2017-01-06 21:00:00,89.94727325439453,0.0,NULL
382,0,0,0,0,382,2017-01-06 22:00:00,89.94727325439453,0.0,NULL
383,0,0,0,0,383,2017-01-06 23:00:00,89.94727325439453,0.0,NULL
384,0,0,0,0,384,2017-01-07 00:00:00,89.94727325439453,0.0,NULL
385,0,0,0,0,385,2017-01-07 01:00:00,89.94727325439453,0.0,NULL
386,0,0,0,0,386,2017-01-07 02:00:00,89.94727325439453,0.0,NULL
387,0,0,0,0,387,2017-01-07 03:00:00,89.94727325439453,0.0,NULL
388,0,0,0,0,388,2017-01-07 04:00:00,89.94727325439453,0.0,NULL
389,0,0,0,0,389,2017-01-07 05:00:00,89.94727325439453,0.0,NULL
390,0,0,0,0,390,2017-01-07 06:00:00,89.94727325439453,0.0,NULL
391,0,0,0,0,391,2017-01-07 07:00:00,89.94727325439453,0.0,NULL
392,0,0,0,0,392,2017-01-07 08:00:00,89.94727325439453,0.0,NULL
393,0,0,0,0,393,2017-01-07 09:00:00,89.94727325439453,0.0,NULL
394,0,0,0,0,394,2017-01-07 10:00:00,89.94727325439453,0.0,NULL
395,0,0,0,0,395,2017-01-07 11:00:00,89.94727325439453,0.0,NULL
396,0,0,0,0,396,2017-01-07 12:00:00,89.94727325439453,0.0,NULL
397,0,0,0,0,397,2017-01-07 13:00:00,89.94727325439453,0.0,NULL
398,0,0,0,0,398,2017-01-07 14:00:00,89.94727325439453,0.0,NULL
399,0,0,0,0,399,2017-01-07 15:00:00,89.94727325439453,0.0,NULL
400,0,0,0,0,400,2017-01-07 16:00:00,89.94727325439453,0.0,NULL
401,0,0,0,0,401,2017-01-07 17:00:00,89.94727325439453,0.0,NULL
402,0,0,0,0,402,2017-01-07 18:00:00,89.94727325439453,0.0,NULL
403,0,0,0,0,403,2017-01-07 19:00:00,89.94727325439453,0.0,NULL
404,0,0,0,0,404,2017-01-07 20:00:00,89.94727325439453,0.0,NULL
405,0,0,0,0,405,2017-01-07 21:00:00,89.94727325439453,0.0,NULL
406,0,0,0,0,406,2017-01-07 22:00:00,89.94727325439453,0.0,NULL
407,0,0,0,0,407,2017-01-07 23:00:00,89.94727325439453,0.0,NULL
408,0,0,0,0,408,2017-01-08 00:00:00,89.94727325439453,0.0,NULL
409,0,0,0,0,409,2017-01-08 01:00:00,89.94727325439453,0.0,NULL
410,0,0,0,0,410,2017-01-08 02:00:00,89.94727325439453,0.0,NULL
411,0,0,0,0,411,2017-01-08 03:00:00,89.94727325439453,0.0,NULL
412,0,0,0,0,412,2017-01-08 04:00:00,89.94727325439453,0.0,NULL
413,0,0,0,0,413,2017-01-08 05:00:00,89.94727325439453,0.0,NULL
414,0,0,0,0,414,2017-01-08 06:00:00,89.94727325439453,0.0,NULL
415,0,0,0,0,415,2017-01-08 07:00:00,89.94727325439453,0.0,NULL
416,0,0,0,0,416,2017-01-08 08:00:00,89.94727325439453,0.0,NULL
417,0,0,0,0,417,2017-01-08 09:00:00,89.94727325439453,0.0,NULL
418,0,0,0,0,418,2017-01-08 10:00:00,89.94727325439453,0.0,NULL
419,0,0,0,0,419,2017-01-08 11:00:00,89.94727325439453,0.0,NULL
420,0,0,0,0,420,2017-01-08 12:00:00,89.94727325439453,0.0,NULL
421,0,0,0,0,421,2017-01-08 13:00:00,89.94727325439453,0.0,NULL
422,0,0,0,0,422,2017-01-08 14:00:00,89.94727325439453,0.0,NULL
423,0,0,0,0,423,2017-01-08 15:00:00,89.94727325439453,0.0,NULL
424,0,0,0,0,424,2017-01-08 16:00:00,89.94727325439453,0.0,NULL
425,0,0,0,0,425,2017-01-08 17:00:00,89.94727325439453,0.0,NULL
426,0,0,0,0,426,2017-01-08 18:00:00,89.94727325439453,0.0,NULL
427,0,0,0,0,427,2017-01-08 19:00:00,89.94727325439453,0.0,NULL
428,0,0,0,0,428,2017-01-08 20:00:00,89.94727325439453,0.0,NULL
429,0,0,0,0,429,2017-01-08 21:00:00,89.94727325439453,0.0,NULL
430,0,0,0,0,430,2017-01-08 22:00:00,89.94727325439453,0.0,NULL
431,0,0,0,0,431,2017-01-08 23:00:00,89.94727325439453,0.0,NULL
432,0,0,0,0,432,2017-01-09 00:00:00,89.94727325439453,0.0,NULL
433,0,0,0,0,433,2017-01-09 01:00:00,89.94727325439453,0.0,NULL
434,0,0,0,0,434,2017-01-09 02:00:00,89.94727325439453,0.0,NULL
435,0,0,0,0,435,2017-01-09 03:00:00,89.94727325439453,0.0,NULL
436,0,0,0,0,436,2017-01-09 04:00:00,89.94727325439453,0.0,NULL
437,0,0,0,0,437,2017-01-09 05:00:00,89.94727325439453,0.0,NULL
438,0,0,0,0,438,2017-01-09 06:00:00,89.94727325439453,0.0,NULL
439,0,0,0,0,439,2017-01-09 07:00:00,89.94727325439453,0.0,NULL
440,0,0,0,0,440,2017-01-09 08:00:00,89.94727325439453,0.0,NULL
441,0,0,0,0,441,2017-01-09 09:00:00,89.94727325439453,0.0,NULL
442,0,0,0,0,442,2017-01-09 10:00:00,89.94727325439453,0.0,NULL
443,0,0,0,0,443,2017-01-09 11:00:00,89.94727325439453,0.0,NULL
444,0,0,0,0,444,2017-01-09 12:00:00,89.94727325439453,0.0,NULL
445,0,0,0,0,445,2017-01-09 13:00:00,89.94727325439453,0.0,NULL
446,0,0,0,0,446,2017-01-09 14:00:00,89.94727325439453,0.0,NULL
447,0,0,0,0,447,2017-01-09 15:00:00,89.94727325439453,0.0,NULL
448,0,0,0,0,448,2017-01-09 16:00:00,89.94727325439453,0.0,NULL
449,0,0,0,0,449,2017-01-09 17:00:00,89.94727325439453,0.0,NULL
450,0,0,0,0,450,2017-01-09 18:00:00,89.94727325439453,0.0,NULL
451,0,0,0,0,451,2017-01-09 19:00:00,89.94727325439453,0.0,NULL
452,0,0,0,0,452,2017-01-09 20:00:00,89.94727325439453,0.0,NULL
453,0,0,0,0,453,2017-01-09 21:00:00,89.94727325439453,0.0,NULL
454,0,0,0,0,454,2017-01-09 22:00:00,89.94727325439453,0.0,NULL
455,0,0,0,0,455,2017-01-09 23:00:00,89.94727325439453,0.0,NULL
456,0,0,0,0,456,2017-01-10 00:00:00,89.94727325439453,0.0,NULL
457,0,0,0,0,457,2017-01-10 01:00:00,89.94727325439453,0.0,NULL
458,0,0,0,0,458,2017-01-10 02:00:00,89.94727325439453,0.0,NULL
459,0,0,0,0,459,2017-01-10 03:00:00,89.94727325439453,0.0,NULL
460,0,0,0,0,460,2017-01-10 04:00:00,89.94727325439453,0.0,NULL
461,0,0,0,0,461,2017-01-10 05:00:00,89.94727325439453,0.0,NULL
462,0,0,0,0,462,2017-01-10 06:00:00,89.94727325439453,0.0,NULL
463,0,0,0,0,463,2017-01-10 07:00:00,89.94727325439453,0.0,NULL
464,0,0,0,0,464,2017-01-10 08:00:00,89.94727325439453,0.0,NULL
465,0,0,0,0,465,2017-01-10 09:00:00,89.94727325439453,0.0,NULL
466,0,0,0,0,466,2017-01-10 10:00:00,89.94727325439453,0.0,NULL
467,0,0,0,0,467,2017-01-10 11:00:00,89.94727325439453,0.0,NULL
468,0,0,0,0,468,2017-01-10 12:00:00,89.94727325439453,0.0,NULL
469,0,0,0,0,469,2017-01-10 13:00:00,89.94727325439453,0.0,NULL
470,0,0,0,0,470,2017-01-10 14:00:00,89.94727325439453,0.0,NULL
471,0,0,0,0,471,2017-01-10 15:00:00,89.94727325439453,0.0,NULL
472,0,0,0,0,472,2017-01-10 16:00:00,89.94727325439453,0.0,NULL
473,0,0,0,0,473,2017-01-10 17:00:00,89.94727325439453,0.0,NULL
474,0,0,0,0,474,2017-01-10 18:00:00,89.94727325439453,0.0,NULL
475,0,0,0,0,475,2017-01-10 19:00:00,89.94727325439453,0.0,NULL
476,0,0,0,0,476,2017-01-10 20:00:00,89.94727325439453,0.0,NULL
477,0,0,0,0,477,2017-01-10 21:00:00,89.94727325439453,0.0,NULL
478,0,0,0,0,478,2017-01-10 22:00:00,89.94727325439453,0.0,NULL
479,0,0,0,0,479,2017-01-10 23:00:00,89.94727325439453,0.0,NULL
480,0,0,0,0,480,2017-01-11 00:00:00,89.94727325439453,0.0,NULL
481,0,0,0,0,481,2017-01-11 01:00:00,89.94727325439453,0.0,NULL
482,0,0,0,0,482,2017-01-11 02:00:00,89.94727325439453,0.0,NULL
483,0,0,0,0,483,2017-01-11 03:00:00,89.94727325439453,0.0,NULL
484,0,0,0,0,484,2017-01-11 04:00:00,89.94727325439453,0.0,NULL
485,0,0,0,0,485,2017-01-11 05:00:00,89.94727325439453,0.0,NULL
486,0,0,0,0,486,2017-01-11 06:00:00,89.94727325439453,0.0,NULL
487,0,0,0,0,487,2017-01-11 07:00:00,89.94727325439453,0.0,NULL
488,0,0,0,0,488,2017-01-11 08:00:00,89.94727325439453,0.0,NULL
489,0,0,0,0,489,2017-01-11 09:00:00,89.94727325439453,0.0,NULL
490,0,0,0,0,490,2017-01-11 10:00:00,89.94727325439453,0.0,NULL
491,0,0,0,0,491,2017-01-11 11:00:00,89.94727325439453,0.0,NULL
492,0,0,0,0,492,2017-01-11 12:00:00,89.94727325439453,0.0,NULL
493,0,0,0,0,493,2017-01-11 13:00:00,89.94727325439453,0.0,NULL
494,0,0,0,0,494,2017-01-11 14:00:00,89.94727325439453,0.0,NULL
495,0,0,0,0,495,2017-01-11 15:00:00,89.94727325439453,0.0,NULL
496,0,0,0,0,496,2017-01-11 16:00:00,89.94727325439453,0.0,NULL
497,0,0,0,0,497,2017-01-11 17:00:00,89.94727325439453,0.0,NULL
498,0,0,0,0,498,2017-01-11 18:00:00,89.94727325439453,0.0,NULL
499,0,0,0,0,499,2017-01-11 19:00:00,89.94727325439453,0.0,NULL
500,0,0,0,0,500,2017-01-11 20:00:00,89.94727325439453,0.0,NULL
501,0,0,0,0,501,2017-01-11 21:00:00,89.94727325439453,0.0,NULL
502,0,0,0,0,502,2017-01-11 22:00:00,89.94727325439453,0.0,NULL
503,0,0,0,0,503,2017-01-11 23:00:00,89.94727325439453,0.0,NULL
504,1,1,0,1,0,2016-12-22 00:00:00,89.94727325439453,18.0,NULL
505,1,1,0,1,1,2016-12-22 01:00:00,89.94727325439453,18.0,NULL
506,1,1,0,1,2,2016-12-22 02:00:00,89.94727325439453,18.0,NULL
507,1,1,0,1,3,2016-12-22 03:00:00,89.94727325439453,18.0,NULL
508,1,1,0,1,4,2016-12-22 04:00:00,89.94727325439453,18.0,NULL
509,1,1,0,1,5,2016-12-22 05:00:00,89.94727325439453,18.0,NULL
510,1,1,0,1,6,2016-12-22 06:00:00,89.94727325439453,18.0,NULL
511,1,1,0,1,7,2016-12-22 07:00:00,89.94727325439453,18.0,NULL
512,1,1,0,1,8,2016-12-22 08:00:00,89.94727325439453,18.0,NULL
513,1,1,0,1,9,2016-12-22 09:00:00,89.94727325439453,18.0,NULL
514,1,1,0,1,10,2016-12-22 10:00:00,89.94727325439453,18.0,NULL
515,1,1,0,1,11,2016-12-22 11:00:00,89.94727325439453,18.0,NULL
516,1,1,0,1,12,2016-12-22 12:00:00,89.94727325439453,18.0,NULL
517,1,1,0,1,13,2016-12-22 13:00:00,89.94727325439453,18.0,NULL
518,1,1,0,1,14,2016-12-22 14:00:00,89.94727325439453,18.0,NULL
519,1,1,0,1,15,2016-12-22 15:00:00,89.94727325439453,18.0,NULL
520,1,1,0,1,16,2016-12-22 16:00:00,89.94727325439453,18.0,NULL
521,1,1,0,1,17,2016-12-22 17:00:00,89.94727325439453,18.0,NULL
522,1,1,0,1,18,2016-12-22 18:00:00,89.94727325439453,18.0,NULL
523,1,1,0,1,19,2016-12-22 19:00:00,89.94727325439453,18.0,NULL
524,1,1,0,1,20,2016-12-22 20:00:00,89.94727325439453,18.0,NULL
525,1,1,0,1,21,2016-12-22 21:00:00,89.94727325439453,18.0,NULL
526,1,1,0,1,22,2016-12-22 22:00:00,89.94727325439453,18.0,NULL
527,1,1,0,1,23,2016-12-22 23:00:00,89.94727325439453,18.0,NULL
528,1,1,0,1,24,2016-12-23 00:00:00,89.94727325439453,18.0,NULL
529,1,1,0,1,25,2016-12-23 01:00:00,89.94727325439453,18.0,NULL
530,1,1,0,1,26,2016-12-23 02:00:00,89.94727325439453,18.0,NULL
531,1,1,0,1,27,2016-12-23 03:00:00,89.94727325439453,18.0,NULL
532,1,1,0,1,28,2016-12-23 04:00:00,89.94727325439453,18.0,NULL
533,1,1,0,1,29,2016-12-23 05:00:00,89.94727325439453,18.0,NULL
534,1,1,0,1,30,2016-12-23 06:00:00,89.94727325439453,18.0,NULL
535,1,1,0,1,31,2016-12-23 07:00:00,89.94727325439453,18.0,NULL
536,1,1,0,1,32,2016-12-23 08:00:00,89.94727325439453,18.0,NULL
537,1,1,0,1,33,2016-12-23 09:00:00,89.94727325439453,18.0,NULL
538,1,1,0,1,34,2016-12-23 10:00:00,89.94727325439453,18.0,NULL
539,1,1,0,1,35,2016-12-23 11:00:00,89.94727325439453,18.0,NULL
540,1,1,0,1,36,2016-12-23 12:00:00,89.94727325439453,18.0,NULL
541,1,1,0,1,37,2016-12-23 13:00:00,89.94727325439453,18.0,NULL
542,1,1,0,1,38,2016-12-23 14:00:00,89.94727325439453,18.0,NULL
543,1,1,0,1,39,2016-12-23 15:00:00,89.94727325439453,18.0,NULL
544,1,1,0,1,40,2016-12-23 16:00:00,89.94727325439453,18.0,NULL
545,1,1,0,1,41,2016-12-23 17:00:00,89.94727325439453,18.0,NULL
546,1,1,0,1,42,2016-12-23 18:00:00,89.94727325439453,18.0,NULL
547,1,1,0,1,43,2016-12-23 19:00:00,89.94727325439453,18.0,NULL
548,1,1,0,1,44,2016-12-23 20:00:00,89.94727325439453,18.0,NULL
549,1,1,0,1,45,2016-12-23 21:00:00,89.94727325439453,18.0,NULL
550,1,1,0,1,46,2016-12-23 22:00:00,89.94727325439453,18.0,NULL
551,1,1,0,1,47,2016-12-23 23:00:00,89.94727325439453,18.0,NULL
552,1,1,0,1,48,2016-12-24 00:00:00,89.94727325439453,18.0,NULL
553,1,1,0,1,49,2016-12-24 01:00:00,89.94727325439453,18.0,NULL
554,1,1,0,1,50,2016-12-24 02:00:00,89.94727325439453,18.0,NULL
555,1,1,0,1,51,2016-12-24 03:00:00,89.94727325439453,18.0,NULL
556,1,1,0,1,52,2016-12-24 04:00:00,89.94727325439453,18.0,NULL
557,1,1,0,1,53,2016-12-24 05:00:00,89.94727325439453,18.0,NULL
558,1,1,0,1,54,2016-12-24 06:00:00,89.94727325439453,18.0,NULL
559,1,1,0,1,55,2016-12-24 07:00:00,89.94727325439453,18.0,NULL
560,1,1,0,1,56,2016-12-24 08:00:00,89.94727325439453,18.0,NULL
561,1,1,0,1,57,2016-12-24 09:00:00,89.94727325439453,18.0,NULL
562,1,1,0,1,58,2016-12-24 10:00:00,89.94727325439453,18.0,NULL
563,1,1,0,1,59,2016-12-24 11:00:00,89.94727325439453,18.0,NULL
564,1,1,0,1,60,2016-12-24 12:00:00,89.94727325439453,18.0,NULL
565,1,1,0,1,61,2016-12-24 13:00:00,89.94727325439453,18.0,NULL
566,1,1,0,1,62,2016-12-24 14:00:00,89.94727325439453,18.0,NULL
567,1,1,0,1,63,2016-12-24 15:00:00,89.94727325439453,18.0,NULL
568,1,1,0,1,64,2016-12-24 16:00:00,89.94727325439453,18.0,NULL
569,1,1,0,1,65,2016-12-24 17:00:00,89.94727325439453,18.0,NULL
570,1,1,0,1,66,2016-12-24 18:00:00,89.94727325439453,18.0,NULL
571,1,1,0,1,67,2016-12-24 19:00:00,89.94727325439453,18.0,NULL
572,1,1,0,1,68,2016-12-24 20:00:00,89.94727325439453,18.0,NULL
573,1,1,0,1,69,2016-12-24 21:00:00,89.94727325439453,18.0,NULL
574,1,1,0,1,70,2016-12-24 22:00:00,89.94727325439453,18.0,NULL
575,1,1,0,1,71,2016-12-24 23:00:00,89.94727325439453,18.0,NULL
576,1,1,0,1,72,2016-12-25 00:00:00,89.94727325439453,18.0,NULL
577,1,1,0,1,73,2016-12-25 01:00:00,89.94727325439453,18.0,NULL
578,1,1,0,1,74,2016-12-25 02:00:00,89.94727325439453,18.0,NULL
579,1,1,0,1,75,2016-12-25 03:00:00,89.94727325439453,18.0,NULL
580,1,1,0,1,76,2016-12-25 04:00:00,89.94727325439453,18.0,NULL
581,1,1,0,1,77,2016-12-25 05:00:00,89.94727325439453,18.0,NULL
582,1,1,0,1,78,2016-12-25 06:00:00,89.94727325439453,18.0,NULL
583,1,1,0,1,79,2016-12-25 07:00:00,89.94727325439453,18.0,NULL
584,1,1,0,1,80,2016-12-25 08:00:00,89.94727325439453,18.0,NULL
585,1,1,0,1,81,2016-12-25 09:00:00,89.94727325439453,18.0,NULL
586,1,1,0,1,82,2016-12-25 10:00:00,89.94727325439453,18.0,NULL
587,1,1,0,1,83,2016-12-25 11:00:00,89.94727325439453,18.0,NULL
588,1,1,0,1,84,2016-12-25 12:00:00,89.94727325439453,18.0,NULL
589,1,1,0,1,85,2016-12-25 13:00:00,89.94727325439453,18.0,NULL
590,1,1,0,1,86,2016-12-25 14:00:00,89.94727325439453,18.0,NULL
591,1,1,0,1,87,2016-12-25 15:00:00,89.94727325439453,18.0,NULL
592,1,1,0,1,88,2016-12-25 16:00:00,89.94727325439453,18.0,NULL
593,1,1,0,1,89,2016-12-25 17:00:00,89.94727325439453,18.0,NULL
594,1,1,0,1,90,2016-12-25 18:00:00,89.94727325439453,18.0,NULL
595,1,1,0,1,91,2016-12-25 19:00:00,89.94727325439453,18.0,NULL
596,1,1,0,1,92,2016-12-25 20:00:00,89.94727325439453,18.0,NULL
597,1,1,0,1,93,2016-12-25 21:00:00,89.94727325439453,18.0,NULL
598,1,1,0,1,94,2016-12-25 22:00:00,89.94727325439453,18.0,NULL
599,1,1,0,1,95,2016-12-25 23:00:00,89.94727325439453,18.0,NULL
600,1,1,0,1,96,2016-12-26 00:00:00,89.94727325439453,18.0,NULL
601,1,1,0,1,97,2016-12-26 01:00:00,89.94727325439453,18.0,NULL
602,1,1,0,1,98,2016-12-26 02:00:00,89.94727325439453,18.0,NULL
603,1,1,0,1,99,2016-12-26 03:00:00,89.94727325439453,18.0,NULL
604,1,1,0,1,100,2016-12-26 04:00:00,89.94727325439453,18.0,NULL
605,1,1,0,1,101,2016-12-26 05:00:00,89.94727325439453,18.0,NULL
606,1,1,0,1,102,2016-12-26 06:00:00,89.94727325439453,18.0,NULL
607,1,1,0,1,103,2016-12-26 07:00:00,89.94727325439453,18.0,NULL
608,1,1,0,1,104,2016-12-26 08:00:00,89.94727325439453,18.0,NULL
609,1,1,0,1,105,2016-12-26 09:00:00,89.94727325439453,18.0,NULL
610,1,1,0,1,106,2016-12-26 10:00:00,89.94727325439453,18.0,NULL
611,1,1,0,1,107,2016-12-26 11:00:00,89.94727325439453,18.0,NULL
612,1,1,0,1,108,2016-12-26 12:00:00,89.94727325439453,18.0,NULL
613,1,1,0,1,109,2016-12-26 13:00:00,89.94727325439453,18.0,NULL
614,1,1,0,1,110,2016-12-26 14:00:00,89.94727325439453,18.0,NULL
615,1,1,0,1,111,2016-12-26 15:00:00,89.94727325439453,18.0,NULL
616,1,1,0,1,112,2016-12-26 16:00:00,89.94727325439453,18.0,NULL
617,1,1,0,1,113,2016-12-26 17:00:00,89.94727325439453,18.0,NULL
618,1,1,0,1,114,2016-12-26 18:00:00,89.94727325439453,18.0,NULL
619,1,1,0,1,115,2016-12-26 19:00:00,89.94727325439453,18.0,NULL
620,1,1,0,1,116,2016-12-26 20:00:00,89.94727325439453,18.0,NULL
621,1,1,0,1,117,2016-12-26 21:00:00,89.94727325439453,18.0,NULL
622,1,1,0,1,118,2016-12-26 22:00:00,89.94727325439453,18.0,NULL
623,1,1,0,1,119,2016-12-26 23:00:00,89.94727325439453,18.0,NULL
624,1,1,0,1,120,2016-12-27 00:00:00,89.94727325439453,18.0,NULL
625,1,1,0,1,121,2016-12-27 01:00:00,89.94727325439453,18.0,NULL
626,1,1,0,1,122,2016-12-27 02:00:00,89.94727325439453,18.0,NULL
627,1,1,0,1,123,2016-12-27 03:00:00,89.94727325439453,18.0,NULL
628,1,1,0,1,124,2016-12-27 04:00:00,89.94727325439453,18.0,NULL
629,1,1,0,1,125,2016-12-27 05:00:00,89.94727325439453,18.0,NULL
630,1,1,0,1,126,2016-12-27 06:00:00,89.94727325439453,18.0,NULL
631,1,1,0,1,127,2016-12-27 07:00:00,89.94727325439453,18.0,NULL
632,1,1,0,1,128,2016-12-27 08:00:00,89.94727325439453,18.0,NULL
633,1,1,0,1,129,2016-12-27 09:00:00,89.94727325439453,18.0,NULL
634,1,1,0,1,130,2016-12-27 10:00:00,89.94727325439453,18.0,NULL
635,1,1,0,1,131,2016-12-27 11:00:00,89.94727325439453,18.0,NULL
636,1,1,0,1,132,2016-12-27 12:00:00,89.94727325439453,18.0,NULL
637,1,1,0,1,133,2016-12-27 13:00:00,89.94727325439453,18.0,NULL
638,1,1,0,1,134,2016-12-27 14:00:00,89.94727325439453,18.0,NULL
639,1,1,0,1,135,2016-12-27 15:00:00,89.94727325439453,18.0,NULL
640,1,1,0,1,136,2016-12-27 16:00:00,89.94727325439453,18.0,NULL
641,1,1,0,1,137,2016-12-27 17:00:00,89.94727325439453,18.0,NULL
642,1,1,0,1,138,2016-12-27 18:00:00,89.94727325439453,18.0,NULL
643,1,1,0,1,139,2016-12-27 19:00:00,89.94727325439453,18.0,NULL
644,1,1,0,1,140,2016-12-27 20:00:00,89.94727325439453,18.0,NULL
645,1,1,0,1,141,2016-12-27 21:00:00,89.94727325439453,18.0,NULL
646,1,1,0,1,142,2016-12-27 22:00:00,89.94727325439453,18.0,NULL
647,1,1,0,1,143,2016-12-27 23:00:00,89.94727325439453,18.0,NULL
648,1,1,0,1,144,2016-12-28 00:00:00,89.94727325439453,18.0,NULL
649,1,1,0,1,145,2016-12-28 01:00:00,89.94727325439453,18.0,NULL
650,1,1,0,1,146,2016-12-28 02:00:00,89.94727325439453,18.0,NULL
651,1,1,0,1,147,2016-12-28 03:00:00,89.94727325439453,18.0,NULL
652,1,1,0,1,148,2016-12-28 04:00:00,89.94727325439453,18.0,NULL
653,1,1,0,1,149,2016-12-28 05:00:00,89.94727325439453,18.0,NULL
654,1,1,0,1,150,2016-12-28 06:00:00,89.94727325439453,18.0,NULL
655,1,1,0,1,151,2016-12-28 07:00:00,89.94727325439453,18.0,NULL
656,1,1,0,1,152,2016-12-28 08:00:00,89.94727325439453,18.0,NULL
657,1,1,0,1,153,2016-12-28 09:00:00,89.94727325439453,18.0,NULL
658,1,1,0,1,154,2016-12-28 10:00:00,89.94727325439453,18.0,NULL
659,1,1,0,1,155,2016-12-28 11:00:00,89.94727325439453,18.0,NULL
660,1,1,0,1,156,2016-12-28 12:00:00,89.94727325439453,18.0,NULL
661,1,1,0,1,157,2016-12-28 13:00:00,89.94727325439453,18.0,NULL
662,1,1,0,1,158,2016-12-28 14:00:00,89.94727325439453,18.0,NULL
663,1,1,0,1,159,2016-12-28 15:00:00,89.94727325439453,18.0,NULL
664,1,1,0,1,160,2016-12-28 16:00:00,89.94727325439453,18.0,NULL
665,1,1,0,1,161,2016-12-28 17:00:00,89.94727325439453,18.0,NULL
666,1,1,0,1,162,2016-12-28 18:00:00,89.94727325439453,18.0,NULL
667,1,1,0,1,163,2016-12-28 19:00:00,89.94727325439453,18.0,NULL
668,1,1,0,1,164,2016-12-28 20:00:00,89.94727325439453,18.0,NULL
669,1,1,0,1,165,2016-12-28 21:00:00,89.94727325439453,18.0,NULL
670,1,1,0,1,166,2016-12-28 22:00:00,89.94727325439453,18.0,NULL
671,1,1,0,1,167,2016-12-28 23:00:00,89.94727325439453,18.0,NULL
672,1,1,0,1,168,2016-12-29 00:00:00,89.94727325439453,18.0,NULL
673,1,1,0,1,169,2016-12-29 01:00:00,89.94727325439453,18.0,NULL
674,1,1,0,1,170,2016-12-29 02:00:00,89.94727325439453,18.0,NULL
675,1,1,0,1,171,2016-12-29 03:00:00,89.94727325439453,18.0,NULL
676,1,1,0,1,172,2016-12-29 04:00:00,89.94727325439453,18.0,NULL
677,1,1,0,1,173,2016-12-29 05:00:00,89.94727325439453,18.0,NULL
678,1,1,0,1,174,2016-12-29 06:00:00,89.94727325439453,18.0,NULL
679,1,1,0,1,175,2016-12-29 07:00:00,89.94727325439453,18.0,NULL
680,1,1,0,1,176,2016-12-29 08:00:00,89.94727325439453,18.0,NULL
681,1,1,0,1,177,2016-12-29 09:00:00,89.94727325439453,18.0,NULL
682,1,1,0,1,178,2016-12-29 10:00:00,89.94727325439453,18.0,NULL
683,1,1,0,1,179,2016-12-29 11:00:00,89.94727325439453,18.0,NULL
684,1,1,0,1,180,2016-12-29 12:00:00,89.94727325439453,18.0,NULL
685,1,1,0,1,181,2016-12-29 13:00:00,89.94727325439453,18.0,NULL
686,1,1,0,1,182,2016-12-29 14:00:00,89.94727325439453,18.0,NULL
687,1,1,0,1,183,2016-12-29 15:00:00,89.94727325439453,18.0,NULL
688,1,1,0,1,184,2016-12-29 16:00:00,89.94727325439453,18.0,NULL
689,1,1,0,1,185,2016-12-29 17:00:00,89.94727325439453,18.0,NULL
690,1,1,0,1,186,2016-12-29 18:00:00,89.94727325439453,18.0,NULL
691,1,1,0,1,187,2016-12-29 19:00:00,89.94727325439453,18.0,NULL
692,1,1,0,1,188,2016-12-29 20:00:00,89.94727325439453,18.0,NULL
693,1,1,0,1,189,2016-12-29 21:00:00,89.94727325439453,18.0,NULL
694,1,1,0,1,190,2016-12-29 22:00:00,89.94727325439453,18.0,NULL
695,1,1,0,1,191,2016-12-29 23:00:00,89.94727325439453,18.0,NULL
696,1,1,0,1,192,2016-12-30 00:00:00,89.94727325439453,18.0,NULL
697,1,1,0,1,193,2016-12-30 01:00:00,89.94727325439453,18.0,NULL
698,1,1,0,1,194,2016-12-30 02:00:00,89.94727325439453,18.0,NULL
699,1,1,0,1,195,2016-12-30 03:00:00,89.94727325439453,18.0,NULL
700,1,1,0,1,196,2016-12-30 04:00:00,89.94727325439453,18.0,NULL
701,1,1,0,1,197,2016-12-30 05:00:00,89.94727325439453,18.0,NULL
702,1,1,0,1,198,2016-12-30 06:00:00,89.94727325439453,18.0,NULL
703,1,1,0,1,199,2016-12-30 07:00:00,89.94727325439453,18.0,NULL
704,1,1,0,1,200,2016-12-30 08:00:00,89.94727325439453,18.0,NULL
705,1,1,0,1,201,2016-12-30 09:00:00,89.94727325439453,18.0,NULL
706,1,1,0,1,202,2016-12-30 10:00:00,89.94727325439453,18.0,NULL
707,1,1,0,1,203,2016-12-30 11:00:00,89.94727325439453,18.0,NULL
708,1,1,0,1,204,2016-12-30 12:00:00,89.94727325439453,18.0,NULL
709,1,1,0,1,205,2016-12-30 13:00:00,89.94727325439453,18.0,NULL
710,1,1,0,1,206,2016-12-30 14:00:00,89.94727325439453,18.0,NULL
711,1,1,0,1,207,2016-12-30 15:00:00,89.94727325439453,18.0,NULL
712,1,1,0,1,208,2016-12-30 16:00:00,89.94727325439453,18.0,NULL
713,1,1,0,1,209,2016-12-30 17:00:00,89.94727325439453,18.0,NULL
714,1,1,0,1,210,2016-12-30 18:00:00,89.94727325439453,18.0,NULL
715,1,1,0,1,211,2016-12-30 19:00:00,89.94727325439453,18.0,NULL
716,1,1,0,1,212,2016-12-30 20:00:00,89.94727325439453,18.0,NULL
717,1,1,0,1,213,2016-12-30 21:00:00,89.94727325439453,18.0,NULL
718,1,1,0,1,214,2016-12-30 22:00:00,89.94727325439453,18.0,NULL
719,1,1,0,1,215,2016-12-30 23:00:00,89.94727325439453,18.0,NULL
720,1,1,0,1,216,2016-12-31 00:00:00,89.94727325439453,18.0,NULL
721,1,1,0,1,217,2016-12-31 01:00:00,89.94727325439453,18.0,-21.05
722,1,1,0,1,218,2016-12-31 02:00:00,89.94727325439453,18.0,-20.95
723,1,1,0,1,219,2016-12-31 03:00:00,89.94727325439453,18.0,-20.75
724,1,1,0,1,220,2016-12-31 04:00:00,89.94727325439453,18.0,-20.5
725,1,1,0,1,221,2016-12-31 05:00:00,89.94727325439453,18.0,-20.2
726,1,1,0,1,222,2016-12-31 06:00:00,89.94727325439453,18.0,-19.95
727,1,1,0,1,223,2016-12-31 07:00:00,89.94727325439453,18.0,-19.7
728,1,1,0,1,224,2016-12-31 08:00:00,89.94727325439453,18.0,-19.4
729,1,1,0,1,225,2016-12-31 09:00:00,89.94727325439453,18.0,-19.2
730,1,1,0,1,226,2016-12-31 10:00:00,89.94727325439453,18.0,-18.85
731,1,1,0,1,227,2016-12-31 11:00:00,89.94727325439453,18.0,-18.85
732,1,1,0,1,228,2016-12-31 12:00:00,89.94727325439453,18.0,-18.7
733,1,1,0,1,229,2016-12-31 13:00:00,89.94727325439453,18.0,-19.95
734,1,1,0,1,230,2016-12-31 14:00:00,89.94727325439453,18.0,-19.75
735,1,1,0,1,231,2016-12-31 15:00:00,89.94727325439453,18.0,-19.6
736,1,1,0,1,232,2016-12-31 16:00:00,89.94727325439453,18.0,-19.6
737,1,1,0,1,233,2016-12-31 17:00:00,89.94727325439453,18.0,-19.6
738,1,1,0,1,234,2016-12-31 18:00:00,89.94727325439453,18.0,-19.65
739,1,1,0,1,235,2016-12-31 19:00:00,89.94727325439453,18.0,-19.75
740,1,1,0,1,236,2016-12-31 20:00:00,89.94727325439453,18.0,-19.8
741,1,1,0,1,237,2016-12-31 21:00:00,89.94727325439453,18.0,-19.7
742,1,1,0,1,238,2016-12-31 22:00:00,89.94727325439453,18.0,-19.55
743,1,1,0,1,239,2016-12-31 23:00:00,89.94727325439453,18.0,-19.4
744,1,1,0,1,240,2017-01-01 00:00:00,89.94727325439453,18.0,-19.1
745,1,1,0,1,241,2017-01-01 01:00:00,89.94727325439453,18.0,-18.7
746,1,1,0,1,242,2017-01-01 02:00:00,89.94727325439453,18.0,-18.35
747,1,1,0,1,243,2017-01-01 03:00:00,89.94727325439453,18.0,-18.1
748,1,1,0,1,244,2017-01-01 04:00:00,89.94727325439453,18.0,-17.95
749,1,1,0,1,245,2017-01-01 05:00:00,89.94727325439453,18.0,-17.95
750,1,1,0,1,246,2017-01-01 06:00:00,89.94727325439453,18.0,-18.4
751,1,1,0,1,247,2017-01-01 07:00:00,89.94727325439453,18.0,-18.9
752,1,1,0,1,248,2017-01-01 08:00:00,89.94727325439453,18.0,-19.05
753,1,1,0,1,249,2017-01-01 09:00:00,89.94727325439453,18.0,-19.25
754,1,1,0,1,250,2017-01-01 10:00:00,89.94727325439453,18.0,-19.3
755,1,1,0,1,251,2017-01-01 11:00:00,89.94727325439453,18.0,-19.55
756,1,1,0,1,252,2017-01-01 12:00:00,89.94727325439453,18.0,-19.7
757,1,1,0,1,253,2017-01-01 13:00:00,89.94727325439453,18.0,-21.3
758,1,1,0,1,254,2017-01-01 14:00:00,89.94727325439453,18.0,-21.55
759,1,1,0,1,255,2017-01-01 15:00:00,89.94727325439453,18.0,-21.8
760,1,1,0,1,256,2017-01-01 16:00:00,89.94727325439453,18.0,-22.0
761,1,1,0,1,257,2017-01-01 17:00:00,89.94727325439453,18.0,-22.3
762,1,1,0,1,258,2017-01-01 18:00:00,89.94727325439453,18.0,-22.5
763,1,1,0,1,259,2017-01-01 19:00:00,89.94727325439453,18.0,-22.4
764,1,1,0,1,260,2017-01-01 20:00:00,89.94727325439453,18.0,-21.85
765,1,1,0,1,261,2017-01-01 21:00:00,89.94727325439453,18.0,-20.9
766,1,1,0,1,262,2017-01-01 22:00:00,89.94727325439453,18.0,-20.4
767,1,1,0,1,263,2017-01-01 23:00:00,89.94727325439453,18.0,-20.05
768,1,1,0,1,264,2017-01-02 00:00:00,89.94727325439453,18.0,-20.25
769,1,1,0,1,265,2017-01-02 01:00:00,89.94727325439453,18.0,NULL
770,1,1,0,1,266,2017-01-02 02:00:00,89.94727325439453,18.0,NULL
771,1,1,0,1,267,2017-01-02 03:00:00,89.94727325439453,18.0,NULL
772,1,1,0,1,268,2017-01-02 04:00:00,89.94727325439453,18.0,NULL
773,1,1,0,1,269,2017-01-02 05:00:00,89.94727325439453,18.0,NULL
774,1,1,0,1,270,2017-01-02 06:00:00,89.94727325439453,18.0,NULL
775,1,1,0,1,271,2017-01-02 07:00:00,89.94727325439453,18.0,NULL
776,1,1,0,1,272,2017-01-02 08:00:00,89.94727325439453,18.0,NULL
777,1,1,0,1,273,2017-01-02 09:00:00,89.94727325439453,18.0,NULL
778,1,1,0,1,274,2017-01-02 10:00:00,89.94727325439453,18.0,NULL
779,1,1,0,1,275,2017-01-02 11:00:00,89.94727325439453,18.0,NULL
780,1,1,0,1,276,2017-01-02 12:00:00,89.94727325439453,18.0,NULL
781,1,1,0,1,277,2017-01-02 13:00:00,89.94727325439453,18.0,NULL
782,1,1,0,1,278,2017-01-02 14:00:00,89.94727325439453,18.0,NULL
783,1,1,0,1,279,2017-01-02 15:00:00,89.94727325439453,18.0,NULL
784,1,1,0,1,280,2017-01-02 16:00:00,89.94727325439453,18.0,NULL
785,1,1,0,1,281,2017-01-02 17:00:00,89.94727325439453,18.0,NULL
786,1,1,0,1,282,2017-01-02 18:00:00,89.94727325439453,18.0,NULL
787,1,1,0,1,283,2017-01-02 19:00:00,89.94727325439453,18.0,NULL
788,1,1,0,1,284,2017-01-02 20:00:00,89.94727325439453,18.0,NULL
789,1,1,0,1,285,2017-01-02 21:00:00,89.94727325439453,18.0,NULL
790,1,1,0,1,286,2017-01-02 22:00:00,89.94727325439453,18.0,NULL
791,1,1,0,1,287,2017-01-02 23:00:00,89.94727325439453,18.0,NULL
792,1,1,0,1,288,2017-01-03 00:00:00,89.94727325439453,18.0,NULL
793,1,1,0,1,289,2017-01-03 01:00:00,89.94727325439453,18.0,NULL
794,1,1,0,1,290,2017-01-03 02:00:00,89.94727325439453,18.0,NULL
795,1,1,0,1,291,2017-01-03 03:00:00,89.94727325439453,18.0,NULL
796,1,1,0,1,292,2017-01-03 04:00:00,89.94727325439453,18.0,NULL
797,1,1,0,1,293,2017-01-03 05:00:00,89.94727325439453,18.0,NULL
798,1,1,0,1,294,2017-01-03 06:00:00,89.94727325439453,18.0,NULL
799,1,1,0,1,295,2017-01-03 07:00:00,89.94727325439453,18.0,NULL
800,1,1,0,1,296,2017-01-03 08:00:00,89.94727325439453,18.0,NULL
801,1,1,0,1,297,2017-01-03 09:00:00,89.94727325439453,18.0,NULL
802,1,1,0,1,298,2017-01-03 10:00:00,89.94727325439453,18.0,NULL
803,1,1,0,1,299,2017-01-03 11:00:00,89.94727325439453,18.0,NULL
804,1,1,0,1,300,2017-01-03 12:00:00,89.94727325439453,18.0,NULL
805,1,1,0,1,301,2017-01-03 13:00:00,89.94727325439453,18.0,NULL
806,1,1,0,1,302,2017-01-03 14:00:00,89.94727325439453,18.0,NULL
807,1,1,0,1,303,2017-01-03 15:00:00,89.94727325439453,18.0,NULL
808,1,1,0,1,304,2017-01-03 16:00:00,89.94727325439453,18.0,NULL
809,1,1,0,1,305,2017-01-03 17:00:00,89.94727325439453,18.0,NULL
810,1,1,0,1,306,2017-01-03 18:00:00,89.94727325439453,18.0,NULL
811,1,1,0,1,307,2017-01-03 19:00:00,89.94727325439453,18.0,NULL
812,1,1,0,1,308,2017-01-03 20:00:00,89.94727325439453,18.0,NULL
813,1,1,0,1,309,2017-01-03 21:00:00,89.94727325439453,18.0,NULL
814,1,1,0,1,310,2017-01-03 22:00:00,89.94727325439453,18.0,NULL
815,1,1,0,1,311,2017-01-03 23:00:00,89.94727325439453,18.0,NULL
816,1,1,0,1,312,2017-01-04 00:00:00,89.94727325439453,18.0,NULL
817,1,1,0,1,313,2017-01-04 01:00:00,89.94727325439453,18.0,NULL
818,1,1,0,1,314,2017-01-04 02:00:00,89.94727325439453,18.0,NULL
819,1,1,0,1,315,2017-01-04 03:00:00,89.94727325439453,18.0,NULL
820,1,1,0,1,316,2017-01-04 04:00:00,89.94727325439453,18.0,NULL
821,1,1,0,1,317,2017-01-04 05:00:00,89.94727325439453,18.0,NULL
822,1,1,0,1,318,2017-01-04 06:00:00,89.94727325439453,18.0,NULL
823,1,1,0,1,319,2017-01-04 07:00:00,89.94727325439453,18.0,NULL
824,1,1,0,1,320,2017-01-04 08:00:00,89.94727325439453,18.0,NULL
825,1,1,0,1,321,2017-01-04 09:00:00,89.94727325439453,18.0,NULL
826,1,1,0,1,322,2017-01-04 10:00:00,89.94727325439453,18.0,NULL
827,1,1,0,1,323,2017-01-04 11:00:00,89.94727325439453,18.0,NULL
828,1,1,0,1,324,2017-01-04 12:00:00,89.94727325439453,18.0,NULL
829,1,1,0,1,325,2017-01-04 13:00:00,89.94727325439453,18.0,NULL
830,1,1,0,1,326,2017-01-04 14:00:00,89.94727325439453,18.0,NULL
831,1,1,0,1,327,2017-01-04 15:00:00,89.94727325439453,18.0,NULL
832,1,1,0,1,328,2017-01-04 16:00:00,89.94727325439453,18.0,NULL
833,1,1,0,1,329,2017-01-04 17:00:00,89.94727325439453,18.0,NULL
834,1,1,0,1,330,2017-01-04 18:00:00,89.94727325439453,18.0,NULL
835,1,1,0,1,331,2017-01-04 19:00:00,89.94727325439453,18.0,NULL
836,1,1,0,1,332,2017-01-04 20:00:00,89.94727325439453,18.0,NULL
837,1,1,0,1,333,2017-01-04 21:00:00,89.94727325439453,18.0,NULL
838,1,1,0,1,334,2017-01-04 22:00:00,89.94727325439453,18.0,NULL
839,1,1,0,1,335,2017-01-04 23:00:00,89.94727325439453,18.0,NULL
840,1,1,0,1,336,2017-01-05 00:00:00,89.94727325439453,18.0,NULL
841,1,1,0,1,337,2017-01-05 01:00:00,89.94727325439453,18.0,NULL
842,1,1,0,1,338,2017-01-05 02:00:00,89.94727325439453,18.0,NULL
843,1,1,0,1,339,2017-01-05 03:00:00,89.94727325439453,18.0,NULL
844,1,1,0,1,340,2017-01-05 04:00:00,89.94727325439453,18.0,NULL
845,1,1,0,1,341,2017-01-05 05:00:00,89.94727325439453,18.0,NULL
846,1,1,0,1,342,2017-01-05 06:00:00,89.94727325439453,18.0,NULL
847,1,1,0,1,343,2017-01-05 07:00:00,89.94727325439453,18.0,NULL
848,1,1,0,1,344,2017-01-05 08:00:00,89.94727325439453,18.0,NULL
849,1,1,0,1,345,2017-01-05 09:00:00,89.94727325439453,18.0,NULL
850,1,1,0,1,346,2017-01-05 10:00:00,89.94727325439453,18.0,NULL
851,1,1,0,1,347,2017-01-05 11:00:00,89.94727325439453,18.0,NULL
852,1,1,0,1,348,2017-01-05 12:00:00,89.94727325439453,18.0,NULL
853,1,1,0,1,349,2017-01-05 13:00:00,89.94727325439453,18.0,NULL
854,1,1,0,1,350,2017-01-05 14:00:00,89.94727325439453,18.0,NULL
855,1,1,0,1,351,2017-01-05 15:00:00,89.94727325439453,18.0,NULL
856,1,1,0,1,352,2017-01-05 16:00:00,89.94727325439453,18.0,NULL
857,1,1,0,1,353,2017-01-05 17:00:00,89.94727325439453,18.0,NULL
858,1,1,0,1,354,2017-01-05 18:00:00,89.94727325439453,18.0,NULL
859,1,1,0,1,355,2017-01-05 19:00:00,89.94727325439453,18.0,NULL
860,1,1,0,1,356,2017-01-05 20:00:00,89.94727325439453,18.0,NULL
861,1,1,0,1,357,2017-01-05 21:00:00,89.94727325439453,18.0,NULL
862,1,1,0,1,358,2017-01-05 22:00:00,89.94727325439453,18.0,NULL
863,1,1,0,1,359,2017-01-05 23:00:00,89.94727325439453,18.0,NULL
864,1,1,0,1,360,2017-01-06 00:00:00,89.94727325439453,18.0,NULL
865,1,1,0,1,361,2017-01-06 01:00:00,89.94727325439453,18.0,NULL
866,1,1,0,1,362,2017-01-06 02:00:00,89.94727325439453,18.0,NULL
867,1,1,0,1,363,2017-01-06 03:00:00,89.94727325439453,18.0,NULL
868,1,1,0,1,364,2017-01-06 04:00:00,89.94727325439453,18.0,NULL
869,1,1,0,1,365,2017-01-06 05:00:00,89.94727325439453,18.0,NULL
870,1,1,0,1,366,2017-01-06 06:00:00,89.94727325439453,18.0,NULL
871,1,1,0,1,367,2017-01-06 07:00:00,89.94727325439453,18.0,NULL
872,1,1,0,1,368,2017-01-06 08:00:00,89.94727325439453,18.0,NULL
873,1,1,0,1,369,2017-01-06 09:00:00,89.94727325439453,18.0,NULL
874,1,1,0,1,370,2017-01-06 10:00:00,89.94727325439453,18.0,NULL
875,1,1,0,1,371,2017-01-06 11:00:00,89.94727325439453,18.0,NULL
876,1,1,0,1,372,2017-01-06 12:00:00,89.94727325439453,18.0,NULL
877,1,1,0,1,373,2017-01-06 13:00:00,89.94727325439453,18.0,NULL
878,1,1,0,1,374,2017-01-06 14:00:00,89.94727325439453,18.0,NULL
879,1,1,0,1,375,2017-01-06 15:00:00,89.94727325439453,18.0,NULL
880,1,1,0,1,376,2017-01-06 16:00:00,89.94727325439453,18.0,NULL
881,1,1,0,1,377,2017-01-06 17:00:00,89.94727325439453,18.0,NULL
882,1,1,0,1,378,2017-01-06 18:00:00,89.94727325439453,18.0,NULL
883,1,1,0,1,379,2017-01-06 19:00:00,89.94727325439453,18.0,NULL
884,1,1,0,1,380,2017-01-06 20:00:00,89.94727325439453,18.0,NULL
885,1,1,0,1,381,2017-01-06 21:00:00,89.94727325439453,18.0,NULL
886,1,1,0,1,382,2017-01-06 22:00:00,89.94727325439453,18.0,NULL
887,1,1,0,1,383,2017-01-06 23:00:00,89.94727325439453,18.0,NULL
888,1,1,0,1,384,2017-01-07 00:00:00,89.94727325439453,18.0,NULL
889,1,1,0,1,385,2017-01-07 01:00:00,89.94727325439453,18.0,NULL
890,1,1,0,1,386,2017-01-07 02:00:00,89.94727325439453,18.0,NULL
891,1,1,0,1,387,2017-01-07 03:00:00,89.94727325439453,18.0,NULL
892,1,1,0,1,388,2017-01-07 04:00:00,89.94727325439453,18.0,NULL
893,1,1,0,1,389,2017-01-07 05:00:00,89.94727325439453,18.0,NULL
894,1,1,0,1,390,2017-01-07 06:00:00,89.94727325439453,18.0,NULL
895,1,1,0,1,391,2017-01-07 07:00:00,89.94727325439453,18.0,NULL
896,1,1,0,1,392,2017-01-07 08:00:00,89.94727325439453,18.0,NULL
897,1,1,0,1,393,2017-01-07 09:00:00,89.94727325439453,18.0,NULL
898,1,1,0,1,394,2017-01-07 10:00:00,89.94727325439453,18.0,NULL
899,1,1,0,1,395,2017-01-07 11:00:00,89.94727325439453,18.0,NULL
900,1,1,0,1,396,2017-01-07 12:00:00,89.94727325439453,18.0,NULL
901,1,1,0,1,397,2017-01-07 13:00:00,89.94727325439453,18.0,NULL
902,1,1,0,1,398,2017-01-07 14:00:00,89.94727325439453,18.0,NULL
903,1,1,0,1,399,2017-01-07 15:00:00,89.94727325439453,18.0,NULL
904,1,1,0,1,400,2017-01-07 16:00:00,89.94727325439453,18.0,NULL
905,1,1,0,1,401,2017-01-07 17:00:00,89.94727325439453,18.0,NULL
906,1,1,0,1,402,2017-01-07 18:00:00,89.94727325439453,18.0,NULL
907,1,1,0,1,403,2017-01-07 19:00:00,89.94727325439453,18.0,NULL
908,1,1,0,1,404,2017-01-07 20:00:00,89.94727325439453,18.0,NULL
909,1,1,0,1,405,2017-01-07 21:00:00,89.94727325439453,18.0,NULL
910,1,1,0,1,406,2017-01-07 22:00:00,89.94727325439453,18.0,NULL
911,1,1,0,1,407,2017-01-07 23:00:00,89.94727325439453,18.0,NULL
912,1,1,0,1,408,2017-01-08 00:00:00,89.94727325439453,18.0,NULL
913,1,1,0,1,409,2017-01-08 01:00:00,89.94727325439453,18.0,NULL
914,1,1,0,1,410,2017-01-08 02:00:00,89.94727325439453,18.0,NULL
915,1,1,0,1,411,2017-01-08 03:00:00,89.94727325439453,18.0,NULL
916,1,1,0,1,412,2017-01-08 04:00:00,89.94727325439453,18.0,NULL
917,1,1,0,1,413,2017-01-08 05:00:00,89.94727325439453,18.0,NULL
918,1,1,0,1,414,2017-01-08 06:00:00,89.94727325439453,18.0,NULL
919,1,1,0,1,415,2017-01-08 07:00:00,89.94727325439453,18.0,NULL
920,1,1,0,1,416,2017-01-08 08:00:00,89.94727325439453,18.0,NULL
921,1,1,0,1,417,2017-01-08 09:00:00,89.94727325439453,18.0,NULL
922,1,1,0,1,418,2017-01-08 10:00:00,89.94727325439453,18.0,NULL
923,1,1,0,1,419,2017-01-08 11:00:00,89.94727325439453,18.0,NULL
924,1,1,0,1,420,2017-01-08 12:00:00,89.94727325439453,18.0,NULL
925,1,1,0,1,421,2017-01-08 13:00:00,89.94727325439453,18.0,NULL
926,1,1,0,1,422,2017-01-08 14:00:00,89.94727325439453,18.0,NULL
927,1,1,0,1,423,2017-01-08 15:00:00,89.94727325439453,18.0,NULL
928,1,1,0,1,424,2017-01-08 16:00:00,89.94727325439453,18.0,NULL
929,1,1,0,1,425,2017-01-08 17:00:00,89.94727325439453,18.0,NULL
930,1,1,0,1,426,2017-01-08 18:00:00,89.94727325439453,18.0,NULL
931,1,1,0,1,427,2017-01-08 19:00:00,89.94727325439453,18.0,NULL
932,1,1,0,1,428,2017-01-08 20:00:00,89.94727325439453,18.0,NULL
933,1,1,0,1,429,2017-01-08 21:00:00,89.94727325439453,18.0,NULL
934,1,1,0,1,430,2017-01-08 22:00:00,89.94727325439453,18.0,NULL
935,1,1,0,1,431,2017-01-08 23:00:00,89.94727325439453,18.0,NULL
936,1,1,0,1,432,2017-01-09 00:00:00,89.94727325439453,18.0,NULL
937,1,1,0,1,433,2017-01-09 01:00:00,89.94727325439453,18.0,NULL
938,1,1,0,1,434,2017-01-09 02:00:00,89.94727325439453,18.0,NULL
939,1,1,0,1,435,2017-01-09 03:00:00,89.94727325439453,18.0,NULL
940,1,1,0,1,436,2017-01-09 04:00:00,89.94727325439453,18.0,NULL
941,1,1,0,1,437,2017-01-09 05:00:00,89.94727325439453,18.0,NULL
942,1,1,0,1,438,2017-01-09 06:00:00,89.94727325439453,18.0,NULL
943,1,1,0,1,439,2017-01-09 07:00:00,89.94727325439453,18.0,NULL
944,1,1,0,1,440,2017-01-09 08:00:00,89.94727325439453,18.0,NULL
945,1,1,0,1,441,2017-01-09 09:00:00,89.94727325439453,18.0,NULL
946,1,1,0,1,442,2017-01-09 10:00:00,89.94727325439453,18.0,NULL
947,1,1,0,1,443,2017-01-09 11:00:00,89.94727325439453,18.0,NULL
948,1,1,0,1,444,2017-01-09 12:00:00,89.94727325439453,18.0,NULL
949,1,1,0,1,445,2017-01-09 13:00:00,89.94727325439453,18.0,NULL
950,1,1,0,1,446,2017-01-09 14:00:00,89.94727325439453,18.0,NULL
951,1,1,0,1,447,2017-01-09 15:00:00,89.94727325439453,18.0,NULL
952,1,1,0,1,448,2017-01-09 16:00:00,89.94727325439453,18.0,NULL
953,1,1,0,1,449,2017-01-09 17:00:00,89.94727325439453,18.0,NULL
954,1,1,0,1,450,2017-01-09 18:00:00,89.94727325439453,18.0,NULL
955,1,1,0,1,451,2017-01-09 19:00:00,89.94727325439453,18.0,NULL
956,1,1,0,1,452,2017-01-09 20:00:00,89.94727325439453,18.0,NULL
957,1,1,0,1,453,2017-01-09 21:00:00,89.94727325439453,18.0,NULL
958,1,1,0,1,454,2017-01-09 22:00:00,89.94727325439453,18.0,NULL
959,1,1,0,1,455,2017-01-09 23:00:00,89.94727325439453,18.0,NULL
960,1,1,0,1,456,2017-01-10 00:00:00,89.94727325439453,18.0,NULL
961,1,1,0,1,457,2017-01-10 01:00:00,89.94727325439453,18.0,NULL
962,1,1,0,1,458,2017-01-10 02:00:00,89.94727325439453,18.0,NULL
963,1,1,0,1,459,2017-01-10 03:00:00,89.94727325439453,18.0,NULL
964,1,1,0,1,460,2017-01-10 04:00:00,89.94727325439453,18.0,NULL
965,1,1,0,1,461,2017-01-10 05:00:00,89.94727325439453,18.0,NULL
966,1,1,0,1,462,2017-01-10 06:00:00,89.94727325439453,18.0,NULL
967,1,1,0,1,463,2017-01-10 07:00:00,89.94727325439453,18.0,NULL
968,1,1,0,1,464,2017-01-10 08:00:00,89.94727325439453,18.0,NULL
969,1,1,0,1,465,2017-01-10 09:00:00,89.94727325439453,18.0,NULL
970,1,1,0,1,466,2017-01-10 10:00:00,89.94727325439453,18.0,NULL
971,1,1,0,1,467,2017-01-10 11:00:00,89.94727325439453,18.0,NULL
972,1,1,0,1,468,2017-01-10 12:00:00,89.94727325439453,18.0,NULL
973,1,1,0,1,469,2017-01-10 13:00:00,89.94727325439453,18.0,NULL
974,1,1,0,1,470,2017-01-10 14:00:00,89.94727325439453,18.0,NULL
975,1,1,0,1,471,2017-01-10 15:00:00,89.94727325439453,18.0,NULL
976,1,1,0,1,472,2017-01-10 16:00:00,89.94727325439453,18.0,NULL
977,1,1,0,1,473,2017-01-10 17:00:00,89.94727325439453,18.0,NULL
978,1,1,0,1,474,2017-01-10 18:00:00,89.94727325439453,18.0,NULL
979,1,1,0,1,475,2017-01-10 19:00:00,89.94727325439453,18.0,NULL
980,1,1,0,1,476,2017-01-10 20:00:00,89.94727325439453,18.0,NULL
981,1,1,0,1,477,2017-01-10 21:00:00,89.94727325439453,18.0,NULL
982,1,1,0,1,478,2017-01-10 22:00:00,89.94727325439453,18.0,NULL
983,1,1,0,1,479,2017-01-10 23:00:00,89.94727325439453,18.0,NULL
984,1,1,0,1,480,2017-01-11 00:00:00,89.94727325439453,18.0,NULL
985,1,1,0,1,481,2017-01-11 01:00:00,89.94727325439453,18.0,NULL
986,1,1,0,1,482,2017-01-11 02:00:00,89.94727325439453,18.0,NULL
987,1,1,0,1,483,2017-01-11 03:00:00,89.94727325439453,18.0,NULL
988,1,1,0,1,484,2017-01-11 04:00:00,89.94727325439453,18.0,NULL
989,1,1,0,1,485,2017-01-11 05:00:00,89.94727325439453,18.0,NULL
990,1,1,0,1,486,2017-01-11 06:00:00,89.94727325439453,18.0,NULL
991,1,1,0,1,487,2017-01-11 07:00:00,89.94727325439453,18.0,NULL
992,1,1,0,1,488,2017-01-11 08:00:00,89.94727325439453,18.0,NULL
993,1,1,0,1,489,2017-01-11 09:00:00,89.94727325439453,18.0,NULL
994,1,1,0,1,490,2017-01-11 10:00:00,89.94727325439453,18.0,NULL
995,1,1,0,1,491,2017-01-11 11:00:00,89.94727325439453,18.0,NULL
996,1,1,0,1,492,2017-01-11 12:00:00,89.94727325439453,18.0,NULL
997,1,1,0,1,493,2017-01-11 13:00:00,89.94727325439453,18.0,NULL
998,1,1,0,1,494,2017-01-11 14:00:00,89.94727325439453,18.0,NULL
999,1,1,0,1,495,2017-01-11 15:00:00,89.94727325439453,18.0,NULL
1000,1,1,0,1,496,2017-01-11 16:00:00,89.94727325439453,18.0,NULL
1001,1,1,0,1,497,2017-01-11 17:00:00,89.94727325439453,18.0,NULL
1002,1,1,0,1,498,2017-01-11 18:00:00,89.94727325439453,18.0,NULL
1003,1,1,0,1,499,2017-01-11 19:00:00,89.94727325439453,18.0,NULL
1004,1,1,0,1,500,2017-01-11 20:00:00,89.94727325439453,18.0,NULL
1005,1,1,0,1,501,2017-01-11 21:00:00,89.94727325439453,18.0,NULL
1006,1,1,0,1,502,2017-01-11 22:00:00,89.94727325439453,18.0,NULL
1007,1,1,0,1,503,2017-01-11 23:00:00,89.94727325439453,18.0,NULL
1008,2,2,0,2,0,2016-12-22 00:00:00,89.94727325439453,36.0,NULL
1009,2,2,0,2,1,2016-12-22 01:00:00,89.94727325439453,36.0,NULL
1010,2,2,0,2,2,2016-12-22 02:00:00,89.94727325439453,36.0,NULL
1011,2,2,0,2,3,2016-12-22 03:00:00,89.94727325439453,36.0,NULL
1012,2,2,0,2,4,2016-12-22 04:00:00,89.94727325439453,36.0,NULL
1013,2,2,0,2,5,2016-12-22 05:00:00,89.94727325439453,36.0,NULL
1014,2,2,0,2,6,2016-12-22 06:00:00,89.94727325439453,36.0,NULL
1015,2,2,0,2,7,2016-12-22 07:00:00,89.94727325439453,36.0,NULL
1016,2,2,0,2,8,2016-12-22 08:00:00,89.94727325439453,36.0,NULL
1017,2,2,0,2,9,2016-12-22 09:00:00,89.94727325439453,36.0,NULL
1018,2,2,0,2,10,2016-12-22 10:00:00,89.94727325439453,36.0,NULL
1019,2,2,0,2,11,2016-12-22 11:00:00,89.94727325439453,36.0,NULL
1020,2,2,0,2,12,2016-12-22 12:00:00,89.94727325439453,36.0,NULL
1021,2,2,0,2,13,2016-12-22 13:00:00,89.94727325439453,36.0,NULL
1022,2,2,0,2,14,2016-12-22 14:00:00,89.94727325439453,36.0,NULL
1023,2,2,0,2,15,2016-12-22 15:00:00,89.94727325439453,36.0,NULL
1024,2,2,0,2,16,2016-12-22 16:00:00,89.94727325439453,36.0,NULL
1025,2,2,0,2,17,2016-12-22 17:00:00,89.94727325439453,36.0,NULL
1026,2,2,0,2,18,2016-12-22 18:00:00,89.94727325439453,36.0,NULL
1027,2,2,0,2,19,2016-12-22 19:00:00,89.94727325439453,36.0,NULL
1028,2,2,0,2,20,2016-12-22 20:00:00,89.94727325439453,36.0,NULL
1029,2,2,0,2,21,2016-12-22 21:00:00,89.94727325439453,36.0,NULL
1030,2,2,0,2,22,2016-12-22 22:00:00,89.94727325439453,36.0,NULL
1031,2,2,0,2,23,2016-12-22 23:00:00,89.94727325439453,36.0,NULL
1032,2,2,0,2,24,2016-12-23 00:00:00,89.94727325439453,36.0,NULL
1033,2,2,0,2,25,2016-12-23 01:00:00,89.94727325439453,36.0,NULL
1034,2,2,0,2,26,2016-12-23 02:00:00,89.94727325439453,36.0,NULL
1035,2,2,0,2,27,2016-12-23 03:00:00,89.94727325439453,36.0,NULL
1036,2,2,0,2,28,2016-12-23 04:00:00,89.94727325439453,36.0,NULL
1037,2,2,0,2,29,2016-12-23 05:00:00,89.94727325439453,36.0,NULL
1038,2,2,0,2,30,2016-12-23 06:00:00,89.94727325439453,36.0,NULL
1039,2,2,0,2,31,2016-12-23 07:00:00,89.94727325439453,36.0,NULL
1040,2,2,0,2,32,2016-12-23 08:00:00,89.94727325439453,36.0,NULL
1041,2,2,0,2,33,2016-12-23 09:00:00,89.94727325439453,36.0,NULL
1042,2,2,0,2,34,2016-12-23 10:00:00,89.94727325439453,36.0,NULL
1043,2,2,0,2,35,2016-12-23 11:00:00,89.94727325439453,36.0,NULL
1044,2,2,0,2,36,2016-12-23 12:00:00,89.94727325439453,36.0,NULL
1045,2,2,0,2,37,2016-12-23 13:00:00,89.94727325439453,36.0,NULL
1046,2,2,0,2,38,2016-12-23 14:00:00,89.94727325439453,36.0,NULL
1047,2,2,0,2,39,2016-12-23 15:00:00,89.94727325439453,36.0,NULL
1048,2,2,0,2,40,2016-12-23 16:00:00,89.94727325439453,36.0,NULL
1049,2,2,0,2,41,2016-12-23 17:00:00,89.94727325439453,36.0,NULL
1050,2,2,0,2,42,2016-12-23 18:00:00,89.94727325439453,36.0,NULL
1051,2,2,0,2,43,2016-12-23 19:00:00,89.94727325439453,36.0,NULL
1052,2,2,0,2,44,2016-12-23 20:00:00,89.94727325439453,36.0,NULL
1053,2,2,0,2,45,2016-12-23 21:00:00,89.94727325439453,36.0,NULL
1054,2,2,0,2,46,2016-12-23 22:00:00,89.94727325439453,36.0,NULL
1055,2,2,0,2,47,2016-12-23 23:00:00,89.94727325439453,36.0,NULL
1056,2,2,0,2,48,2016-12-24 00:00:00,89.94727325439453,36.0,NULL
1057,2,2,0,2,49,2016-12-24 01:00:00,89.94727325439453,36.0,NULL
1058,2,2,0,2,50,2016-12-24 02:00:00,89.94727325439453,36.0,NULL
1059,2,2,0,2,51,2016-12-24 03:00:00,89.94727325439453,36.0,NULL
1060,2,2,0,2,52,2016-12-24 04:00:00,89.94727325439453,36.0,NULL
1061,2,2,0,2,53,2016-12-24 05:00:00,89.94727325439453,36.0,NULL
1062,2,2,0,2,54,2016-12-24 06:00:00,89.94727325439453,36.0,NULL
1063,2,2,0,2,55,2016-12-24 07:00:00,89.94727325439453,36.0,NULL
1064,2,2,0,2,56,2016-12-24 08:00:00,89.94727325439453,36.0,NULL
1065,2,2,0,2,57,2016-12-24 09:00:00,89.94727325439453,36.0,NULL
1066,2,2,0,2,58,2016-12-24 10:00:00,89.94727325439453,36.0,NULL
1067,2,2,0,2,59,2016-12-24 11:00:00,89.94727325439453,36.0,NULL
1068,2,2,0,2,60,2016-12-24 12:00:00,89.94727325439453,36.0,NULL
1069,2,2,0,2,61,2016-12-24 13:00:00,89.94727325439453,36.0,NULL
1070,2,2,0,2,62,2016-12-24 14:00:00,89.94727325439453,36.0,NULL
1071,2,2,0,2,63,2016-12-24 15:00:00,89.94727325439453,36.0,NULL
1072,2,2,0,2,64,2016-12-24 16:00:00,89.94727325439453,36.0,NULL
1073,2,2,0,2,65,2016-12-24 17:00:00,89.94727325439453,36.0,NULL
1074,2,2,0,2,66,2016-12-24 18:00:00,89.94727325439453,36.0,NULL
1075,2,2,0,2,67,2016-12-24 19:00:00,89.94727325439453,36.0,NULL
1076,2,2,0,2,68,2016-12-24 20:00:00,89.94727325439453,36.0,NULL
1077,2,2,0,2,69,2016-12-24 21:00:00,89.94727325439453,36.0,NULL
1078,2,2,0,2,70,2016-12-24 22:00:00,89.94727325439453,36.0,NULL
1079,2,2,0,2,71,2016-12-24 23:00:00,89.94727325439453,36.0,NULL
1080,2,2,0,2,72,2016-12-25 00:00:00,89.94727325439453,36.0,NULL
1081,2,2,0,2,73,2016-12-25 01:00:00,89.94727325439453,36.0,NULL
1082,2,2,0,2,74,2016-12-25 02:00:00,89.94727325439453,36.0,NULL
1083,2,2,0,2,75,2016-12-25 03:00:00,89.94727325439453,36.0,NULL
1084,2,2,0,2,76,2016-12-25 04:00:00,89.94727325439453,36.0,NULL
1085,2,2,0,2,77,2016-12-25 05:00:00,89.94727325439453,36.0,NULL
1086,2,2,0,2,78,2016-12-25 06:00:00,89.94727325439453,36.0,NULL
1087,2,2,0,2,79,2016-12-25 07:00:00,89.94727325439453,36.0,NULL
1088,2,2,0,2,80,2016-12-25 08:00:00,89.94727325439453,36.0,NULL
1089,2,2,0,2,81,2016-12-25 09:00:00,89.94727325439453,36.0,NULL
1090,2,2,0,2,82,2016-12-25 10:00:00,89.94727325439453,36.0,NULL
1091,2,2,0,2,83,2016-12-25 11:00:00,89.94727325439453,36.0,NULL
1092,2,2,0,2,84,2016-12-25 12:00:00,89.94727325439453,36.0,NULL
1093,2,2,0,2,85,2016-12-25 13:00:00,89.94727325439453,36.0,NULL
1094,2,2,0,2,86,2016-12-25 14:00:00,89.94727325439453,36.0,NULL
1095,2,2,0,2,87,2016-12-25 15:00:00,89.94727325439453,36.0,NULL
1096,2,2,0,2,88,2016-12-25 16:00:00,89.94727325439453,36.0,NULL
1097,2,2,0,2,89,2016-12-25 17:00:00,89.94727325439453,36.0,NULL
1098,2,2,0,2,90,2016-12-25 18:00:00,89.94727325439453,36.0,NULL
1099,2,2,0,2,91,2016-12-25 19:00:00,89.94727325439453,36.0,NULL
1100,2,2,0,2,92,2016-12-25 20:00:00,89.94727325439453,36.0,NULL
1101,2,2,0,2,93,2016-12-25 21:00:00,89.94727325439453,36.0,NULL
1102,2,2,0,2,94,2016-12-25 22:00:00,89.94727325439453,36.0,NULL
1103,2,2,0,2,95,2016-12-25 23:00:00,89.94727325439453,36.0,NULL
1104,2,2,0,2,96,2016-12-26 00:00:00,89.94727325439453,36.0,NULL
1105,2,2,0,2,97,2016-12-26 01:00:00,89.94727325439453,36.0,NULL
1106,2,2,0,2,98,2016-12-26 02:00:00,89.94727325439453,36.0,NULL
1107,2,2,0,2,99,2016-12-26 03:00:00,89.94727325439453,36.0,NULL
1108,2,2,0,2,100,2016-12-26 04:00:00,89.94727325439453,36.0,NULL
1109,2,2,0,2,101,2016-12-26 05:00:00,89.94727325439453,36.0,NULL
1110,2,2,0,2,102,2016-12-26 06:00:00,89.94727325439453,36.0,NULL
1111,2,2,0,2,103,2016-12-26 07:00:00,89.94727325439453,36.0,NULL
1112,2,2,0,2,104,2016-12-26 08:00:00,89.94727325439453,36.0,NULL
1113,2,2,0,2,105,2016-12-26 09:00:00,89.94727325439453,36.0,NULL
1114,2,2,0,2,106,2016-12-26 10:00:00,89.94727325439453,36.0,NULL
1115,2,2,0,2,107,2016-12-26 11:00:00,89.94727325439453,36.0,NULL
1116,2,2,0,2,108,2016-12-26 12:00:00,89.94727325439453,36.0,NULL
1117,2,2,0,2,109,2016-12-26 13:00:00,89.94727325439453,36.0,NULL
1118,2,2,0,2,110,2016-12-26 14:00:00,89.94727325439453,36.0,NULL
1119,2,2,0,2,111,2016-12-26 15:00:00,89.94727325439453,36.0,NULL
1120,2,2,0,2,112,2016-12-26 16:00:00,89.94727325439453,36.0,NULL
1121,2,2,0,2,113,2016-12-26 17:00:00,89.94727325439453,36.0,NULL
1122,2,2,0,2,114,2016-12-26 18:00:00,89.94727325439453,36.0,NULL
1123,2,2,0,2,115,2016-12-26 19:00:00,89.94727325439453,36.0,NULL
1124,2,2,0,2,116,2016-12-26 20:00:00,89.94727325439453,36.0,NULL
1125,2,2,0,2,117,2016-12-26 21:00:00,89.94727325439453,36.0,NULL
1126,2,2,0,2,118,2016-12-26 22:00:00,89.94727325439453,36.0,NULL
1127,2,2,0,2,119,2016-12-26 23:00:00,89.94727325439453,36.0,NULL
1128,2,2,0,2,120,2016-12-27 00:00:00,89.94727325439453,36.0,NULL
1129,2,2,0,2,121,2016-12-27 01:00:00,89.94727325439453,36.0,NULL
1130,2,2,0,2,122,2016-12-27 02:00:00,89.94727325439453,36.0,NULL
1131,2,2,0,2,123,2016-12-27 03:00:00,89.94727325439453,36.0,NULL
1132,2,2,0,2,124,2016-12-27 04:00:00,89.94727325439453,36.0,NULL
1133,2,2,0,2,125,2016-12-27 05:00:00,89.94727325439453,36.0,NULL
1134,2,2,0,2,126,2016-12-27 06:00:00,89.94727325439453,36.0,NULL
1135,2,2,0,2,127,2016-12-27 07:00:00,89.94727325439453,36.0,NULL
1136,2,2,0,2,128,2016-12-27 08:00:00,89.94727325439453,36.0,NULL
1137,2,2,0,2,129,2016-12-27 09:00:00,89.94727325439453,36.0,NULL
1138,2,2,0,2,130,2016-12-27 10:00:00,89.94727325439453,36.0,NULL
1139,2,2,0,2,131,2016-12-27 11:00:00,89.94727325439453,36.0,NULL
1140,2,2,0,2,132,2016-12-27 12:00:00,89.94727325439453,36.0,NULL
1141,2,2,0,2,133,2016-12-27 13:00:00,89.94727325439453,36.0,NULL
1142,2,2,0,2,134,2016-12-27 14:00:00,89.94727325439453,36.0,NULL
1143,2,2,0,2,135,2016-12-27 15:00:00,89.94727325439453,36.0,NULL
1144,2,2,0,2,136,2016-12-27 16:00:00,89.94727325439453,36.0,NULL
1145,2,2,0,2,137,2016-12-27 17:00:00,89.94727325439453,36.0,NULL
1146,2,2,0,2,138,2016-12-27 18:00:00,89.94727325439453,36.0,NULL
1147,2,2,0,2,139,2016-12-27 19:00:00,89.94727325439453,36.0,NULL
1148,2,2,0,2,140,2016-12-27 20:00:00,89.94727325439453,36.0,NULL
1149,2,2,0,2,141,2016-12-27 21:00:00,89.94727325439453,36.0,NULL
1150,2,2,0,2,142,2016-12-27 22:00:00,89.94727325439453,36.0,NULL
1151,2,2,0,2,143,2016-12-27 23:00:00,89.94727325439453,36.0,NULL
1152,2,2,0,2,144,2016-12-28 00:00:00,89.94727325439453,36.0,NULL
1153,2,2,0,2,145,2016-12-28 01:00:00,89.94727325439453,36.0,NULL
1154,2,2,0,2,146,2016-12-28 02:00:00,89.94727325439453,36.0,NULL
1155,2,2,0,2,147,2016-12-28 03:00:00,89.94727325439453,36.0,NULL
1156,2,2,0,2,148,2016-12-28 04:00:00,89.94727325439453,36.0,NULL
1157,2,2,0,2,149,2016-12-28 05:00:00,89.94727325439453,36.0,NULL
1158,2,2,0,2,150,2016-12-28 06:00:00,89.94727325439453,36.0,NULL
1159,2,2,0,2,151,2016-12-28 07:00:00,89.94727325439453,36.0,NULL
1160,2,2,0,2,152,2016-12-28 08:00:00,89.94727325439453,36.0,NULL
1161,2,2,0,2,153,2016-12-28 09:00:00,89.94727325439453,36.0,NULL
1162,2,2,0,2,154,2016-12-28 10:00:00,89.94727325439453,36.0,NULL
1163,2,2,0,2,155,2016-12-28 11:00:00,89.94727325439453,36.0,NULL
1164,2,2,0,2,156,2016-12-28 12:00:00,89.94727325439453,36.0,NULL
1165,2,2,0,2,157,2016-12-28 13:00:00,89.94727325439453,36.0,NULL
1166,2,2,0,2,158,2016-12-28 14:00:00,89.94727325439453,36.0,NULL
1167,2,2,0,2,159,2016-12-28 15:00:00,89.94727325439453,36.0,NULL
1168,2,2,0,2,160,2016-12-28 16:00:00,89.94727325439453,36.0,NULL
1169,2,2,0,2,161,2016-12-28 17:00:00,89.94727325439453,36.0,NULL
1170,2,2,0,2,162,2016-12-28 18:00:00,89.94727325439453,36.0,NULL
1171,2,2,0,2,163,2016-12-28 19:00:00,89.94727325439453,36.0,NULL
1172,2,2,0,2,164,2016-12-28 20:00:00,89.94727325439453,36.0,NULL
1173,2,2,0,2,165,2016-12-28 21:00:00,89.94727325439453,36.0,NULL
1174,2,2,0,2,166,2016-12-28 22:00:00,89.94727325439453,36.0,NULL
1175,2,2,0,2,167,2016-12-28 23:00:00,89.94727325439453,36.0,NULL
1176,2,2,0,2,168,2016-12-29 00:00:00,89.94727325439453,36.0,NULL
1177,2,2,0,2,169,2016-12-29 01:00:00,89.94727325439453,36.0,NULL
1178,2,2,0,2,170,2016-12-29 02:00:00,89.94727325439453,36.0,NULL
1179,2,2,0,2,171,2016-12-29 03:00:00,89.94727325439453,36.0,NULL
1180,2,2,0,2,172,2016-12-29 04:00:00,89.94727325439453,36.0,NULL
1181,2,2,0,2,173,2016-12-29 05:00:00,89.94727325439453,36.0,NULL
1182,2,2,0,2,174,2016-12-29 06:00:00,89.94727325439453,36.0,NULL
1183,2,2,0,2,175,2016-12-29 07:00:00,89.94727325439453,36.0,NULL
1184,2,2,0,2,176,2016-12-29 08:00:00,89.94727325439453,36.0,NULL
1185,2,2,0,2,177,2016-12-29 09:00:00,89.94727325439453,36.0,NULL
1186,2,2,0,2,178,2016-12-29 10:00:00,89.94727325439453,36.0,NULL
1187,2,2,0,2,179,2016-12-29 11:00:00,89.94727325439453,36.0,NULL
1188,2,2,0,2,180,2016-12-29 12:00:00,89.94727325439453,36.0,NULL
1189,2,2,0,2,181,2016-12-29 13:00:00,89.94727325439453,36.0,NULL
1190,2,2,0,2,182,2016-12-29 14:00:00,89.94727325439453,36.0,NULL
1191,2,2,0,2,183,2016-12-29 15:00:00,89.94727325439453,36.0,NULL
1192,2,2,0,2,184,2016-12-29 16:00:00,89.94727325439453,36.0,NULL
1193,2,2,0,2,185,2016-12-29 17:00:00,89.94727325439453,36.0,NULL
1194,2,2,0,2,186,2016-12-29 18:00:00,89.94727325439453,36.0,NULL
1195,2,2,0,2,187,2016-12-29 19:00:00,89.94727325439453,36.0,NULL
1196,2,2,0,2,188,2016-12-29 20:00:00,89.94727325439453,36.0,NULL
1197,2,2,0,2,189,2016-12-29 21:00:00,89.94727325439453,36.0,NULL
1198,2,2,0,2,190,2016-12-29 22:00:00,89.94727325439453,36.0,NULL
1199,2,2,0,2,191,2016-12-29 23:00:00,89.94727325439453,36.0,NULL
1200,2,2,0,2,192,2016-12-30 00:00:00,89.94727325439453,36.0,NULL
1201,2,2,0,2,193,2016-12-30 01:00:00,89.94727325439453,36.0,NULL
1202,2,2,0,2,194,2016-12-30 02:00:00,89.94727325439453,36.0,NULL
1203,2,2,0,2,195,2016-12-30 03:00:00,89.94727325439453,36.0,NULL
1204,2,2,0,2,196,2016-12-30 04:00:00,89.94727325439453,36.0,NULL
1205,2,2,0,2,197,2016-12-30 05:00:00,89.94727325439453,36.0,NULL
1206,2,2,0,2,198,2016-12-30 06:00:00,89.94727325439453,36.0,NULL
1207,2,2,0,2,199,2016-12-30 07:00:00,89.94727325439453,36.0,NULL
1208,2,2,0,2,200,2016-12-30 08:00:00,89.94727325439453,36.0,NULL
1209,2,2,0,2,201,2016-12-30 09:00:00,89.94727325439453,36.0,NULL
1210,2,2,0,2,202,2016-12-30 10:00:00,89.94727325439453,36.0,NULL
1211,2,2,0,2,203,2016-12-30 11:00:00,89.94727325439453,36.0,NULL
1212,2,2,0,2,204,2016-12-30 12:00:00,89.94727325439453,36.0,NULL
1213,2,2,0,2,205,2016-12-30 13:00:00,89.94727325439453,36.0,NULL
1214,2,2,0,2,206,2016-12-30 14:00:00,89.94727325439453,36.0,NULL
1215,2,2,0,2,207,2016-12-30 15:00:00,89.94727325439453,36.0,NULL
1216,2,2,0,2,208,2016-12-30 16:00:00,89.94727325439453,36.0,NULL
1217,2,2,0,2,209,2016-12-30 17:00:00,89.94727325439453,36.0,NULL
1218,2,2,0,2,210,2016-12-30 18:00:00,89.94727325439453,36.0,NULL
1219,2,2,0,2,211,2016-12-30 19:00:00,89.94727325439453,36.0,NULL
1220,2,2,0,2,212,2016-12-30 20:00:00,89.94727325439453,36.0,NULL
1221,2,2,0,2,213,2016-12-30 21:00:00,89.94727325439453,36.0,NULL
1222,2,2,0,2,214,2016-12-30 22:00:00,89.94727325439453,36.0,NULL
1223,2,2,0,2,215,2016-12-30 23:00:00,89.94727325439453,36.0,NULL
1224,2,2,0,2,216,2016-12-31 00:00:00,89.94727325439453,36.0,NULL
1225,2,2,0,2,217,2016-12-31 01:00:00,89.94727325439453,36.0,-21.1
1226,2,2,0,2,218,2016-12-31 02:00:00,89.94727325439453,36.0,-20.95
1227,2,2,0,2,219,2016-12-31 03:00:00,89.94727325439453,36.0,-20.75
1228,2,2,0,2,220,2016-12-31 04:00:00,89.94727325439453,36.0,-20.5
1229,2,2,0,2,221,2016-12-31 05:00:00,89.94727325439453,36.0,-20.25
1230,2,2,0,2,222,2016-12-31 06:00:00,89.94727325439453,36.0,-19.95
1231,2,2,0,2,223,2016-12-31 07:00:00,89.94727325439453,36.0,-19.75
1232,2,2,0,2,224,2016-12-31 08:00:00,89.94727325439453,36.0,-19.45
1233,2,2,0,2,225,2016-12-31 09:00:00,89.94727325439453,36.0,-19.15
1234,2,2,0,2,226,2016-12-31 10:00:00,89.94727325439453,36.0,-18.8
1235,2,2,0,2,227,2016-12-31 11:00:00,89.94727325439453,36.0,-18.9
1236,2,2,0,2,228,2016-12-31 12:00:00,89.94727325439453,36.0,-18.75
1237,2,2,0,2,229,2016-12-31 13:00:00,89.94727325439453,36.0,-19.95
1238,2,2,0,2,230,2016-12-31 14:00:00,89.94727325439453,36.0,-19.75
1239,2,2,0,2,231,2016-12-31 15:00:00,89.94727325439453,36.0,-19.65
1240,2,2,0,2,232,2016-12-31 16:00:00,89.94727325439453,36.0,-19.65
1241,2,2,0,2,233,2016-12-31 17:00:00,89.94727325439453,36.0,-19.6
1242,2,2,0,2,234,2016-12-31 18:00:00,89.94727325439453,36.0,-19.65
1243,2,2,0,2,235,2016-12-31 19:00:00,89.94727325439453,36.0,-19.75
1244,2,2,0,2,236,2016-12-31 20:00:00,89.94727325439453,36.0,-19.8
1245,2,2,0,2,237,2016-12-31 21:00:00,89.94727325439453,36.0,-19.75
1246,2,2,0,2,238,2016-12-31 22:00:00,89.94727325439453,36.0,-19.6
1247,2,2,0,2,239,2016-12-31 23:00:00,89.94727325439453,36.0,-19.45
1248,2,2,0,2,240,2017-01-01 00:00:00,89.94727325439453,36.0,-19.15
1249,2,2,0,2,241,2017-01-01 01:00:00,89.94727325439453,36.0,-18.8
1250,2,2,0,2,242,2017-01-01 02:00:00,89.94727325439453,36.0,-18.5
1251,2,2,0,2,243,2017-01-01 03:00:00,89.94727325439453,36.0,-18.2
1252,2,2,0,2,244,2017-01-01 04:00:00,89.94727325439453,36.0,-18.05
1253,2,2,0,2,245,2017-01-01 05:00:00,89.94727325439453,36.0,-18.1
1254,2,2,0,2,246,2017-01-01 06:00:00,89.94727325439453,36.0,-18.5
1255,2,2,0,2,247,2017-01-01 07:00:00,89.94727325439453,36.0,-19.0
1256,2,2,0,2,248,2017-01-01 08:00:00,89.94727325439453,36.0,-19.15
1257,2,2,0,2,249,2017-01-01 09:00:00,89.94727325439453,36.0,-19.35
1258,2,2,0,2,250,2017-01-01 10:00:00,89.94727325439453,36.0,-19.55
1259,2,2,0,2,251,2017-01-01 11:00:00,89.94727325439453,36.0,-19.75
1260,2,2,0,2,252,2017-01-01 12:00:00,89.94727325439453,36.0,-19.85
1261,2,2,0,2,253,2017-01-01 13:00:00,89.94727325439453,36.0,-21.35
1262,2,2,0,2,254,2017-01-01 14:00:00,89.94727325439453,36.0,-21.6
1263,2,2,0,2,255,2017-01-01 15:00:00,89.94727325439453,36.0,-21.85
1264,2,2,0,2,256,2017-01-01 16:00:00,89.94727325439453,36.0,-22.1
1265,2,2,0,2,257,2017-01-01 17:00:00,89.94727325439453,36.0,-22.35
1266,2,2,0,2,258,2017-01-01 18:00:00,89.94727325439453,36.0,-22.55
1267,2,2,0,2,259,2017-01-01 19:00:00,89.94727325439453,36.0,-22.5
1268,2,2,0,2,260,2017-01-01 20:00:00,89.94727325439453,36.0,-21.95
1269,2,2,0,2,261,2017-01-01 21:00:00,89.94727325439453,36.0,-21.0
1270,2,2,0,2,262,2017-01-01 22:00:00,89.94727325439453,36.0,-20.35
1271,2,2,0,2,263,2017-01-01 23:00:00,89.94727325439453,36.0,-20.05
1272,2,2,0,2,264,2017-01-02 00:00:00,89.94727325439453,36.0,-20.2
1273,2,2,0,2,265,2017-01-02 01:00:00,89.94727325439453,36.0,NULL
1274,2,2,0,2,266,2017-01-02 02:00:00,89.94727325439453,36.0,NULL
1275,2,2,0,2,267,2017-01-02 03:00:00,89.94727325439453,36.0,NULL
1276,2,2,0,2,268,2017-01-02 04:00:00,89.94727325439453,36.0,NULL
1277,2,2,0,2,269,2017-01-02 05:00:00,89.94727325439453,36.0,NULL
1278,2,2,0,2,270,2017-01-02 06:00:00,89.94727325439453,36.0,NULL
1279,2,2,0,2,271,2017-01-02 07:00:00,89.94727325439453,36.0,NULL
1280,2,2,0,2,272,2017-01-02 08:00:00,89.94727325439453,36.0,NULL
1281,2,2,0,2,273,2017-01-02 09:00:00,89.94727325439453,36.0,NULL
1282,2,2,0,2,274,2017-01-02 10:00:00,89.94727325439453,36.0,NULL
1283,2,2,0,2,275,2017-01-02 11:00:00,89.94727325439453,36.0,NULL
1284,2,2,0,2,276,2017-01-02 12:00:00,89.94727325439453,36.0,NULL
1285,2,2,0,2,277,2017-01-02 13:00:00,89.94727325439453,36.0,NULL
1286,2,2,0,2,278,2017-01-02 14:00:00,89.94727325439453,36.0,NULL
1287,2,2,0,2,279,2017-01-02 15:00:00,89.94727325439453,36.0,NULL
1288,2,2,0,2,280,2017-01-02 16:00:00,89.94727325439453,36.0,NULL
1289,2,2,0,2,281,2017-01-02 17:00:00,89.94727325439453,36.0,NULL
1290,2,2,0,2,282,2017-01-02 18:00:00,89.94727325439453,36.0,NULL
1291,2,2,0,2,283,2017-01-02 19:00:00,89.94727325439453,36.0,NULL
1292,2,2,0,2,284,2017-01-02 20:00:00,89.94727325439453,36.0,NULL
1293,2,2,0,2,285,2017-01-02 21:00:00,89.94727325439453,36.0,NULL
1294,2,2,0,2,286,2017-01-02 22:00:00,89.94727325439453,36.0,NULL
1295,2,2,0,2,287,2017-01-02 23:00:00,89.94727325439453,36.0,NULL
1296,2,2,0,2,288,2017-01-03 00:00:00,89.94727325439453,36.0,NULL
1297,2,2,0,2,289,2017-01-03 01:00:00,89.94727325439453,36.0,NULL
1298,2,2,0,2,290,2017-01-03 02:00:00,89.94727325439453,36.0,NULL
1299,2,2,0,2,291,2017-01-03 03:00:00,89.94727325439453,36.0,NULL
1300,2,2,0,2,292,2017-01-03 04:00:00,89.94727325439453,36.0,NULL
1301,2,2,0,2,293,2017-01-03 05:00:00,89.94727325439453,36.0,NULL
1302,2,2,0,2,294,2017-01-03 06:00:00,89.94727325439453,36.0,NULL
1303,2,2,0,2,295,2017-01-03 07:00:00,89.94727325439453,36.0,NULL
1304,2,2,0,2,296,2017-01-03 08:00:00,89.94727325439453,36.0,NULL
1305,2,2,0,2,297,2017-01-03 09:00:00,89.94727325439453,36.0,NULL
1306,2,2,0,2,298,2017-01-03 10:00:00,89.94727325439453,36.0,NULL
1307,2,2,0,2,299,2017-01-03 11:00:00,89.94727325439453,36.0,NULL
1308,2,2,0,2,300,2017-01-03 12:00:00,89.94727325439453,36.0,NULL
1309,2,2,0,2,301,2017-01-03 13:00:00,89.94727325439453,36.0,NULL
1310,2,2,0,2,302,2017-01-03 14:00:00,89.94727325439453,36.0,NULL
1311,2,2,0,2,303,2017-01-03 15:00:00,89.94727325439453,36.0,NULL
1312,2,2,0,2,304,2017-01-03 16:00:00,89.94727325439453,36.0,NULL
1313,2,2,0,2,305,2017-01-03 17:00:00,89.94727325439453,36.0,NULL
1314,2,2,0,2,306,2017-01-03 18:00:00,89.94727325439453,36.0,NULL
1315,2,2,0,2,307,2017-01-03 19:00:00,89.94727325439453,36.0,NULL
1316,2,2,0,2,308,2017-01-03 20:00:00,89.94727325439453,36.0,NULL
1317,2,2,0,2,309,2017-01-03 21:00:00,89.94727325439453,36.0,NULL
1318,2,2,0,2,310,2017-01-03 22:00:00,89.94727325439453,36.0,NULL
1319,2,2,0,2,311,2017-01-03 23:00:00,89.94727325439453,36.0,NULL
1320,2,2,0,2,312,2017-01-04 00:00:00,89.94727325439453,36.0,NULL
1321,2,2,0,2,313,2017-01-04 01:00:00,89.94727325439453,36.0,NULL
1322,2,2,0,2,314,2017-01-04 02:00:00,89.94727325439453,36.0,NULL
1323,2,2,0,2,315,2017-01-04 03:00:00,89.94727325439453,36.0,NULL
1324,2,2,0,2,316,2017-01-04 04:00:00,89.94727325439453,36.0,NULL
1325,2,2,0,2,317,2017-01-04 05:00:00,89.94727325439453,36.0,NULL
1326,2,2,0,2,318,2017-01-04 06:00:00,89.94727325439453,36.0,NULL
1327,2,2,0,2,319,2017-01-04 07:00:00,89.94727325439453,36.0,NULL
1328,2,2,0,2,320,2017-01-04 08:00:00,89.94727325439453,36.0,NULL
1329,2,2,0,2,321,2017-01-04 09:00:00,89.94727325439453,36.0,NULL
1330,2,2,0,2,322,2017-01-04 10:00:00,89.94727325439453,36.0,NULL
1331,2,2,0,2,323,2017-01-04 11:00:00,89.94727325439453,36.0,NULL
1332,2,2,0,2,324,2017-01-04 12:00:00,89.94727325439453,36.0,NULL
1333,2,2,0,2,325,2017-01-04 13:00:00,89.94727325439453,36.0,NULL
1334,2,2,0,2,326,2017-01-04 14:00:00,89.94727325439453,36.0,NULL
1335,2,2,0,2,327,2017-01-04 15:00:00,89.94727325439453,36.0,NULL
1336,2,2,0,2,328,2017-01-04 16:00:00,89.94727325439453,36.0,NULL
1337,2,2,0,2,329,2017-01-04 17:00:00,89.94727325439453,36.0,NULL
1338,2,2,0,2,330,2017-01-04 18:00:00,89.94727325439453,36.0,NULL
1339,2,2,0,2,331,2017-01-04 19:00:00,89.94727325439453,36.0,NULL
1340,2,2,0,2,332,2017-01-04 20:00:00,89.94727325439453,36.0,NULL
1341,2,2,0,2,333,2017-01-04 21:00:00,89.94727325439453,36.0,NULL
1342,2,2,0,2,334,2017-01-04 22:00:00,89.94727325439453,36.0,NULL
1343,2,2,0,2,335,2017-01-04 23:00:00,89.94727325439453,36.0,NULL
1344,2,2,0,2,336,2017-01-05 00:00:00,89.94727325439453,36.0,NULL
1345,2,2,0,2,337,2017-01-05 01:00:00,89.94727325439453,36.0,NULL
1346,2,2,0,2,338,2017-01-05 02:00:00,89.94727325439453,36.0,NULL
1347,2,2,0,2,339,2017-01-05 03:00:00,89.94727325439453,36.0,NULL
1348,2,2,0,2,340,2017-01-05 04:00:00,89.94727325439453,36.0,NULL
1349,2,2,0,2,341,2017-01-05 05:00:00,89.94727325439453,36.0,NULL
1350,2,2,0,2,342,2017-01-05 06:00:00,89.94727325439453,36.0,NULL
1351,2,2,0,2,343,2017-01-05 07:00:00,89.94727325439453,36.0,NULL
1352,2,2,0,2,344,2017-01-05 08:00:00,89.94727325439453,36.0,NULL
1353,2,2,0,2,345,2017-01-05 09:00:00,89.94727325439453,36.0,NULL
1354,2,2,0,2,346,2017-01-05 10:00:00,89.94727325439453,36.0,NULL
1355,2,2,0,2,347,2017-01-05 11:00:00,89.94727325439453,36.0,NULL
1356,2,2,0,2,348,2017-01-05 12:00:00,89.94727325439453,36.0,NULL
1357,2,2,0,2,349,2017-01-05 13:00:00,89.94727325439453,36.0,NULL
1358,2,2,0,2,350,2017-01-05 14:00:00,89.94727325439453,36.0,NULL
1359,2,2,0,2,351,2017-01-05 15:00:00,89.94727325439453,36.0,NULL
1360,2,2,0,2,352,2017-01-05 16:00:00,89.94727325439453,36.0,NULL
1361,2,2,0,2,353,2017-01-05 17:00:00,89.94727325439453,36.0,NULL
1362,2,2,0,2,354,2017-01-05 18:00:00,89.94727325439453,36.0,NULL
1363,2,2,0,2,355,2017-01-05 19:00:00,89.94727325439453,36.0,NULL
1364,2,2,0,2,356,2017-01-05 20:00:00,89.94727325439453,36.0,NULL
1365,2,2,0,2,357,2017-01-05 21:00:00,89.94727325439453,36.0,NULL
1366,2,2,0,2,358,2017-01-05 22:00:00,89.94727325439453,36.0,NULL
1367,2,2,0,2,359,2017-01-05 23:00:00,89.94727325439453,36.0,NULL
1368,2,2,0,2,360,2017-01-06 00:00:00,89.94727325439453,36.0,NULL
1369,2,2,0,2,361,2017-01-06 01:00:00,89.94727325439453,36.0,NULL
1370,2,2,0,2,362,2017-01-06 02:00:00,89.94727325439453,36.0,NULL
1371,2,2,0,2,363,2017-01-06 03:00:00,89.94727325439453,36.0,NULL
1372,2,2,0,2,364,2017-01-06 04:00:00,89.94727325439453,36.0,NULL
1373,2,2,0,2,365,2017-01-06 05:00:00,89.94727325439453,36.0,NULL
1374,2,2,0,2,366,2017-01-06 06:00:00,89.94727325439453,36.0,NULL
1375,2,2,0,2,367,2017-01-06 07:00:00,89.94727325439453,36.0,NULL
1376,2,2,0,2,368,2017-01-06 08:00:00,89.94727325439453,36.0,NULL
1377,2,2,0,2,369,2017-01-06 09:00:00,89.94727325439453,36.0,NULL
1378,2,2,0,2,370,2017-01-06 10:00:00,89.94727325439453,36.0,NULL
1379,2,2,0,2,371,2017-01-06 11:00:00,89.94727325439453,36.0,NULL
1380,2,2,0,2,372,2017-01-06 12:00:00,89.94727325439453,36.0,NULL
1381,2,2,0,2,373,2017-01-06 13:00:00,89.94727325439453,36.0,NULL
1382,2,2,0,2,374,2017-01-06 14:00:00,89.94727325439453,36.0,NULL
1383,2,2,0,2,375,2017-01-06 15:00:00,89.94727325439453,36.0,NULL
1384,2,2,0,2,376,2017-01-06 16:00:00,89.94727325439453,36.0,NULL
1385,2,2,0,2,377,2017-01-06 17:00:00,89.94727325439453,36.0,NULL
1386,2,2,0,2,378,2017-01-06 18:00:00,89.94727325439453,36.0,NULL
1387,2,2,0,2,379,2017-01-06 19:00:00,89.94727325439453,36.0,NULL
1388,2,2,0,2,380,2017-01-06 20:00:00,89.94727325439453,36.0,NULL
1389,2,2,0,2,381,2017-01-06 21:00:00,89.94727325439453,36.0,NULL
1390,2,2,0,2,382,2017-01-06 22:00:00,89.94727325439453,36.0,NULL
1391,2,2,0,2,383,2017-01-06 23:00:00,89.94727325439453,36.0,NULL
1392,2,2,0,2,384,2017-01-07 00:00:00,89.94727325439453,36.0,NULL
1393,2,2,0,2,385,2017-01-07 01:00:00,89.94727325439453,36.0,NULL
1394,2,2,0,2,386,2017-01-07 02:00:00,89.94727325439453,36.0,NULL
1395,2,2,0,2,387,2017-01-07 03:00:00,89.94727325439453,36.0,NULL
1396,2,2,0,2,388,2017-01-07 04:00:00,89.94727325439453,36.0,NULL
1397,2,2,0,2,389,2017-01-07 05:00:00,89.94727325439453,36.0,NULL
1398,2,2,0,2,390,2017-01-07 06:00:00,89.94727325439453,36.0,NULL
1399,2,2,0,2,391,2017-01-07 07:00:00,89.94727325439453,36.0,NULL
1400,2,2,0,2,392,2017-01-07 08:00:00,89.94727325439453,36.0,NULL
1401,2,2,0,2,393,2017-01-07 09:00:00,89.94727325439453,36.0,NULL
1402,2,2,0,2,394,2017-01-07 10:00:00,89.94727325439453,36.0,NULL
1403,2,2,0,2,395,2017-01-07 11:00:00,89.94727325439453,36.0,NULL
1404,2,2,0,2,396,2017-01-07 12:00:00,89.94727325439453,36.0,NULL
1405,2,2,0,2,397,2017-01-07 13:00:00,89.94727325439453,36.0,NULL
1406,2,2,0,2,398,2017-01-07 14:00:00,89.94727325439453,36.0,NULL
1407,2,2,0,2,399,2017-01-07 15:00:00,89.94727325439453,36.0,NULL
1408,2,2,0,2,400,2017-01-07 16:00:00,89.94727325439453,36.0,NULL
1409,2,2,0,2,401,2017-01-07 17:00:00,89.94727325439453,36.0,NULL
1410,2,2,0,2,402,2017-01-07 18:00:00,89.94727325439453,36.0,NULL
1411,2,2,0,2,403,2017-01-07 19:00:00,89.94727325439453,36.0,NULL
1412,2,2,0,2,404,2017-01-07 20:00:00,89.94727325439453,36.0,NULL
1413,2,2,0,2,405,2017-01-07 21:00:00,89.94727325439453,36.0,NULL
1414,2,2,0,2,406,2017-01-07 22:00:00,89.94727325439453,36.0,NULL
1415,2,2,0,2,407,2017-01-07 23:00:00,89.94727325439453,36.0,NULL
1416,2,2,0,2,408,2017-01-08 00:00:00,89.94727325439453,36.0,NULL
1417,2,2,0,2,409,2017-01-08 01:00:00,89.94727325439453,36.0,NULL
1418,2,2,0,2,410,2017-01-08 02:00:00,89.94727325439453,36.0,NULL
1419,2,2,0,2,411,2017-01-08 03:00:00,89.94727325439453,36.0,NULL
1420,2,2,0,2,412,2017-01-08 04:00:00,89.94727325439453,36.0,NULL
1421,2,2,0,2,413,2017-01-08 05:00:00,89.94727325439453,36.0,NULL
1422,2,2,0,2,414,2017-01-08 06:00:00,89.94727325439453,36.0,NULL
1423,2,2,0,2,415,2017-01-08 07:00:00,89.94727325439453,36.0,NULL
1424,2,2,0,2,416,2017-01-08 08:00:00,89.94727325439453,36.0,NULL
1425,2,2,0,2,417,2017-01-08 09:00:00,89.94727325439453,36.0,NULL
1426,2,2,0,2,418,2017-01-08 10:00:00,89.94727325439453,36.0,NULL
1427,2,2,0,2,419,2017-01-08 11:00:00,89.94727325439453,36.0,NULL
1428,2,2,0,2,420,2017-01-08 12:00:00,89.94727325439453,36.0,NULL
1429,2,2,0,2,421,2017-01-08 13:00:00,89.94727325439453,36.0,NULL
1430,2,2,0,2,422,2017-01-08 14:00:00,89.94727325439453,36.0,NULL
1431,2,2,0,2,423,2017-01-08 15:00:00,89.94727325439453,36.0,NULL
1432,2,2,0,2,424,2017-01-08 16:00:00,89.94727325439453,36.0,NULL
1433,2,2,0,2,425,2017-01-08 17:00:00,89.94727325439453,36.0,NULL
1434,2,2,0,2,426,2017-01-08 18:00:00,89.94727325439453,36.0,NULL
1435,2,2,0,2,427,2017-01-08 19:00:00,89.94727325439453,36.0,NULL
1436,2,2,0,2,428,2017-01-08 20:00:00,89.94727325439453,36.0,NULL
1437,2,2,0,2,429,2017-01-08 21:00:00,89.94727325439453,36.0,NULL
1438,2,2,0,2,430,2017-01-08 22:00:00,89.94727325439453,36.0,NULL
1439,2,2,0,2,431,2017-01-08 23:00:00,89.94727325439453,36.0,NULL
1440,2,2,0,2,432,2017-01-09 00:00:00,89.94727325439453,36.0,NULL
1441,2,2,0,2,433,2017-01-09 01:00:00,89.94727325439453,36.0,NULL
1442,2,2,0,2,434,2017-01-09 02:00:00,89.94727325439453,36.0,NULL
1443,2,2,0,2,435,2017-01-09 03:00:00,89.94727325439453,36.0,NULL
1444,2,2,0,2,436,2017-01-09 04:00:00,89.94727325439453,36.0,NULL
1445,2,2,0,2,437,2017-01-09 05:00:00,89.94727325439453,36.0,NULL
1446,2,2,0,2,438,2017-01-09 06:00:00,89.94727325439453,36.0,NULL
1447,2,2,0,2,439,2017-01-09 07:00:00,89.94727325439453,36.0,NULL
1448,2,2,0,2,440,2017-01-09 08:00:00,89.94727325439453,36.0,NULL
1449,2,2,0,2,441,2017-01-09 09:00:00,89.94727325439453,36.0,NULL
1450,2,2,0,2,442,2017-01-09 10:00:00,89.94727325439453,36.0,NULL
1451,2,2,0,2,443,2017-01-09 11:00:00,89.94727325439453,36.0,NULL
1452,2,2,0,2,444,2017-01-09 12:00:00,89.94727325439453,36.0,NULL
1453,2,2,0,2,445,2017-01-09 13:00:00,89.94727325439453,36.0,NULL
1454,2,2,0,2,446,2017-01-09 14:00:00,89.94727325439453,36.0,NULL
1455,2,2,0,2,447,2017-01-09 15:00:00,89.94727325439453,36.0,NULL
1456,2,2,0,2,448,2017-01-09 16:00:00,89.94727325439453,36.0,NULL
1457,2,2,0,2,449,2017-01-09 17:00:00,89.94727325439453,36.0,NULL
1458,2,2,0,2,450,2017-01-09 18:00:00,89.94727325439453,36.0,NULL
1459,2,2,0,2,451,2017-01-09 19:00:00,89.94727325439453,36.0,NULL
1460,2,2,0,2,452,2017-01-09 20:00:00,89.94727325439453,36.0,NULL
1461,2,2,0,2,453,2017-01-09 21:00:00,89.94727325439453,36.0,NULL
1462,2,2,0,2,454,2017-01-09 22:00:00,89.94727325439453,36.0,NULL
1463,2,2,0,2,455,2017-01-09 23:00:00,89.94727325439453,36.0,NULL
1464,2,2,0,2,456,2017-01-10 00:00:00,89.94727325439453,36.0,NULL
1465,2,2,0,2,457,2017-01-10 01:00:00,89.94727325439453,36.0,NULL
1466,2,2,0,2,458,2017-01-10 02:00:00,89.94727325439453,36.0,NULL
1467,2,2,0,2,459,2017-01-10 03:00:00,89.94727325439453,36.0,NULL
1468,2,2,0,2,460,2017-01-10 04:00:00,89.94727325439453,36.0,NULL
1469,2,2,0,2,461,2017-01-10 05:00:00,89.94727325439453,36.0,NULL
1470,2,2,0,2,462,2017-01-10 06:00:00,89.94727325439453,36.0,NULL
1471,2,2,0,2,463,2017-01-10 07:00:00,89.94727325439453,36.0,NULL
1472,2,2,0,2,464,2017-01-10 08:00:00,89.94727325439453,36.0,NULL
1473,2,2,0,2,465,2017-01-10 09:00:00,89.94727325439453,36.0,NULL
1474,2,2,0,2,466,2017-01-10 10:00:00,89.94727325439453,36.0,NULL
1475,2,2,0,2,467,2017-01-10 11:00:00,89.94727325439453,36.0,NULL
1476,2,2,0,2,468,2017-01-10 12:00:00,89.94727325439453,36.0,NULL
1477,2,2,0,2,469,2017-01-10 13:00:00,89.94727325439453,36.0,NULL
1478,2,2,0,2,470,2017-01-10 14:00:00,89.94727325439453,36.0,NULL
1479,2,2,0,2,471,2017-01-10 15:00:00,89.94727325439453,36.0,NULL
1480,2,2,0,2,472,2017-01-10 16:00:00,89.94727325439453,36.0,NULL
1481,2,2,0,2,473,2017-01-10 17:00:00,89.94727325439453,36.0,NULL
1482,2,2,0,2,474,2017-01-10 18:00:00,89.94727325439453,36.0,NULL
1483,2,2,0,2,475,2017-01-10 19:00:00,89.94727325439453,36.0,NULL
1484,2,2,0,2,476,2017-01-10 20:00:00,89.94727325439453,36.0,NULL
1485,2,2,0,2,477,2017-01-10 21:00:00,89.94727325439453,36.0,NULL
1486,2,2,0,2,478,2017-01-10 22:00:00,89.94727325439453,36.0,NULL
1487,2,2,0,2,479,2017-01-10 23:00:00,89.94727325439453,36.0,NULL
1488,2,2,0,2,480,2017-01-11 00:00:00,89.94727325439453,36.0,NULL
1489,2,2,0,2,481,2017-01-11 01:00:00,89.94727325439453,36.0,NULL
1490,2,2,0,2,482,2017-01-11 02:00:00,89.94727325439453,36.0,NULL
1491,2,2,0,2,483,2017-01-11 03:00:00,89.94727325439453,36.0,NULL
1492,2,2,0,2,484,2017-01-11 04:00:00,89.94727325439453,36.0,NULL
1493,2,2,0,2,485,2017-01-11 05:00:00,89.94727325439453,36.0,NULL
1494,2,2,0,2,486,2017-01-11 06:00:00,89.94727325439453,36.0,NULL
1495,2,2,0,2,487,2017-01-11 07:00:00,89.94727325439453,36.0,NULL
1496,2,2,0,2,488,2017-01-11 08:00:00,89.94727325439453,36.0,NULL
1497,2,2,0,2,489,2017-01-11 09:00:00,89.94727325439453,36.0,NULL
1498,2,2,0,2,490,2017-01-11 10:00:00,89.94727325439453,36.0,NULL
1499,2,2,0,2,491,2017-01-11 11:00:00,89.94727325439453,36.0,NULL
1500,2,2,0,2,492,2017-01-11 12:00:00,89.94727325439453,36.0,NULL
1501,2,2,0,2,493,2017-01-11 13:00:00,89.94727325439453,36.0,NULL
1502,2,2,0,2,494,2017-01-11 14:00:00,89.94727325439453,36.0,NULL
1503,2,2,0,2,495,2017-01-11 15:00:00,89.94727325439453,36.0,NULL
1504,2,2,0,2,496,2017-01-11 16:00:00,89.94727325439453,36.0,NULL
1505,2,2,0,2,497,2017-01-11 17:00:00,89.94727325439453,36.0,NULL
1506,2,2,0,2,498,2017-01-11 18:00:00,89.94727325439453,36.0,NULL
1507,2,2,0,2,499,2017-01-11 19:00:00,89.94727325439453,36.0,NULL
1508,2,2,0,2,500,2017-01-11 20:00:00,89.94727325439453,36.0,NULL
1509,2,2,0,2,501,2017-01-11 21:00:00,89.94727325439453,36.0,NULL
1510,2,2,0,2,502,2017-01-11 22:00:00,89.94727325439453,36.0,NULL
1511,2,2,0,2,503,2017-01-11 23:00:00,89.94727325439453,36.0,NULL
1512,3,3,0,3,0,2016-12-22 00:00:00,89.94727325439453,54.0,NULL
1513,3,3,0,3,1,2016-12-22 01:00:00,89.94727325439453,54.0,NULL
1514,3,3,0,3,2,2016-12-22 02:00:00,89.94727325439453,54.0,NULL
1515,3,3,0,3,3,2016-12-22 03:00:00,89.94727325439453,54.0,NULL
1516,3,3,0,3,4,2016-12-22 04:00:00,89.94727325439453,54.0,NULL
1517,3,3,0,3,5,2016-12-22 05:00:00,89.94727325439453,54.0,NULL
1518,3,3,0,3,6,2016-12-22 06:00:00,89.94727325439453,54.0,NULL
1519,3,3,0,3,7,2016-12-22 07:00:00,89.94727325439453,54.0,NULL
1520,3,3,0,3,8,2016-12-22 08:00:00,89.94727325439453,54.0,NULL
1521,3,3,0,3,9,2016-12-22 09:00:00,89.94727325439453,54.0,NULL
1522,3,3,0,3,10,2016-12-22 10:00:00,89.94727325439453,54.0,NULL
1523,3,3,0,3,11,2016-12-22 11:00:00,89.94727325439453,54.0,NULL
1524,3,3,0,3,12,2016-12-22 12:00:00,89.94727325439453,54.0,NULL
1525,3,3,0,3,13,2016-12-22 13:00:00,89.94727325439453,54.0,NULL
1526,3,3,0,3,14,2016-12-22 14:00:00,89.94727325439453,54.0,NULL
1527,3,3,0,3,15,2016-12-22 15:00:00,89.94727325439453,54.0,NULL
1528,3,3,0,3,16,2016-12-22 16:00:00,89.94727325439453,54.0,NULL
1529,3,3,0,3,17,2016-12-22 17:00:00,89.94727325439453,54.0,NULL
1530,3,3,0,3,18,2016-12-22 18:00:00,89.94727325439453,54.0,NULL
1531,3,3,0,3,19,2016-12-22 19:00:00,89.94727325439453,54.0,NULL
1532,3,3,0,3,20,2016-12-22 20:00:00,89.94727325439453,54.0,NULL
1533,3,3,0,3,21,2016-12-22 21:00:00,89.94727325439453,54.0,NULL
1534,3,3,0,3,22,2016-12-22 22:00:00,89.94727325439453,54.0,NULL
1535,3,3,0,3,23,2016-12-22 23:00:00,89.94727325439453,54.0,NULL
1536,3,3,0,3,24,2016-12-23 00:00:00,89.94727325439453,54.0,NULL
1537,3,3,0,3,25,2016-12-23 01:00:00,89.94727325439453,54.0,NULL
1538,3,3,0,3,26,2016-12-23 02:00:00,89.94727325439453,54.0,NULL
1539,3,3,0,3,27,2016-12-23 03:00:00,89.94727325439453,54.0,NULL
1540,3,3,0,3,28,2016-12-23 04:00:00,89.94727325439453,54.0,NULL
1541,3,3,0,3,29,2016-12-23 05:00:00,89.94727325439453,54.0,NULL
1542,3,3,0,3,30,2016-12-23 06:00:00,89.94727325439453,54.0,NULL
1543,3,3,0,3,31,2016-12-23 07:00:00,89.94727325439453,54.0,NULL
1544,3,3,0,3,32,2016-12-23 08:00:00,89.94727325439453,54.0,NULL
1545,3,3,0,3,33,2016-12-23 09:00:00,89.94727325439453,54.0,NULL
1546,3,3,0,3,34,2016-12-23 10:00:00,89.94727325439453,54.0,NULL
1547,3,3,0,3,35,2016-12-23 11:00:00,89.94727325439453,54.0,NULL
1548,3,3,0,3,36,2016-12-23 12:00:00,89.94727325439453,54.0,NULL
1549,3,3,0,3,37,2016-12-23 13:00:00,89.94727325439453,54.0,NULL
1550,3,3,0,3,38,2016-12-23 14:00:00,89.94727325439453,54.0,NULL
1551,3,3,0,3,39,2016-12-23 15:00:00,89.94727325439453,54.0,NULL
1552,3,3,0,3,40,2016-12-23 16:00:00,89.94727325439453,54.0,NULL
1553,3,3,0,3,41,2016-12-23 17:00:00,89.94727325439453,54.0,NULL
1554,3,3,0,3,42,2016-12-23 18:00:00,89.94727325439453,54.0,NULL
1555,3,3,0,3,43,2016-12-23 19:00:00,89.94727325439453,54.0,NULL
1556,3,3,0,3,44,2016-12-23 20:00:00,89.94727325439453,54.0,NULL
1557,3,3,0,3,45,2016-12-23 21:00:00,89.94727325439453,54.0,NULL
1558,3,3,0,3,46,2016-12-23 22:00:00,89.94727325439453,54.0,NULL
1559,3,3,0,3,47,2016-12-23 23:00:00,89.94727325439453,54.0,NULL
1560,3,3,0,3,48,2016-12-24 00:00:00,89.94727325439453,54.0,NULL
1561,3,3,0,3,49,2016-12-24 01:00:00,89.94727325439453,54.0,NULL
1562,3,3,0,3,50,2016-12-24 02:00:00,89.94727325439453,54.0,NULL
1563,3,3,0,3,51,2016-12-24 03:00:00,89.94727325439453,54.0,NULL
1564,3,3,0,3,52,2016-12-24 04:00:00,89.94727325439453,54.0,NULL
1565,3,3,0,3,53,2016-12-24 05:00:00,89.94727325439453,54.0,NULL
1566,3,3,0,3,54,2016-12-24 06:00:00,89.94727325439453,54.0,NULL
1567,3,3,0,3,55,2016-12-24 07:00:00,89.94727325439453,54.0,NULL
1568,3,3,0,3,56,2016-12-24 08:00:00,89.94727325439453,54.0,NULL
1569,3,3,0,3,57,2016-12-24 09:00:00,89.94727325439453,54.0,NULL
1570,3,3,0,3,58,2016-12-24 10:00:00,89.94727325439453,54.0,NULL
1571,3,3,0,3,59,2016-12-24 11:00:00,89.94727325439453,54.0,NULL
1572,3,3,0,3,60,2016-12-24 12:00:00,89.94727325439453,54.0,NULL
1573,3,3,0,3,61,2016-12-24 13:00:00,89.94727325439453,54.0,NULL
1574,3,3,0,3,62,2016-12-24 14:00:00,89.94727325439453,54.0,NULL
1575,3,3,0,3,63,2016-12-24 15:00:00,89.94727325439453,54.0,NULL
1576,3,3,0,3,64,2016-12-24 16:00:00,89.94727325439453,54.0,NULL
1577,3,3,0,3,65,2016-12-24 17:00:00,89.94727325439453,54.0,NULL
1578,3,3,0,3,66,2016-12-24 18:00:00,89.94727325439453,54.0,NULL
1579,3,3,0,3,67,2016-12-24 19:00:00,89.94727325439453,54.0,NULL
1580,3,3,0,3,68,2016-12-24 20:00:00,89.94727325439453,54.0,NULL
1581,3,3,0,3,69,2016-12-24 21:00:00,89.94727325439453,54.0,NULL
1582,3,3,0,3,70,2016-12-24 22:00:00,89.94727325439453,54.0,NULL
1583,3,3,0,3,71,2016-12-24 23:00:00,89.94727325439453,54.0,NULL
1584,3,3,0,3,72,2016-12-25 00:00:00,89.94727325439453,54.0,NULL
1585,3,3,0,3,73,2016-12-25 01:00:00,89.94727325439453,54.0,NULL
1586,3,3,0,3,74,2016-12-25 02:00:00,89.94727325439453,54.0,NULL
1587,3,3,0,3,75,2016-12-25 03:00:00,89.94727325439453,54.0,NULL
1588,3,3,0,3,76,2016-12-25 04:00:00,89.94727325439453,54.0,NULL
1589,3,3,0,3,77,2016-12-25 05:00:00,89.94727325439453,54.0,NULL
1590,3,3,0,3,78,2016-12-25 06:00:00,89.94727325439453,54.0,NULL
1591,3,3,0,3,79,2016-12-25 07:00:00,89.94727325439453,54.0,NULL
1592,3,3,0,3,80,2016-12-25 08:00:00,89.94727325439453,54.0,NULL
1593,3,3,0,3,81,2016-12-25 09:00:00,89.94727325439453,54.0,NULL
1594,3,3,0,3,82,2016-12-25 10:00:00,89.94727325439453,54.0,NULL
1595,3,3,0,3,83,2016-12-25 11:00:00,89.94727325439453,54.0,NULL
1596,3,3,0,3,84,2016-12-25 12:00:00,89.94727325439453,54.0,NULL
1597,3,3,0,3,85,2016-12-25 13:00:00,89.94727325439453,54.0,NULL
1598,3,3,0,3,86,2016-12-25 14:00:00,89.94727325439453,54.0,NULL
1599,3,3,0,3,87,2016-12-25 15:00:00,89.94727325439453,54.0,NULL
1600,3,3,0,3,88,2016-12-25 16:00:00,89.94727325439453,54.0,NULL
1601,3,3,0,3,89,2016-12-25 17:00:00,89.94727325439453,54.0,NULL
1602,3,3,0,3,90,2016-12-25 18:00:00,89.94727325439453,54.0,NULL
1603,3,3,0,3,91,2016-12-25 19:00:00,89.94727325439453,54.0,NULL
1604,3,3,0,3,92,2016-12-25 20:00:00,89.94727325439453,54.0,NULL
1605,3,3,0,3,93,2016-12-25 21:00:00,89.94727325439453,54.0,NULL
1606,3,3,0,3,94,2016-12-25 22:00:00,89.94727325439453,54.0,NULL
1607,3,3,0,3,95,2016-12-25 23:00:00,89.94727325439453,54.0,NULL
1608,3,3,0,3,96,2016-12-26 00:00:00,89.94727325439453,54.0,NULL
1609,3,3,0,3,97,2016-12-26 01:00:00,89.94727325439453,54.0,NULL
1610,3,3,0,3,98,2016-12-26 02:00:00,89.94727325439453,54.0,NULL
1611,3,3,0,3,99,2016-12-26 03:00:00,89.94727325439453,54.0,NULL
1612,3,3,0,3,100,2016-12-26 04:00:00,89.94727325439453,54.0,NULL
1613,3,3,0,3,101,2016-12-26 05:00:00,89.94727325439453,54.0,NULL
1614,3,3,0,3,102,2016-12-26 06:00:00,89.94727325439453,54.0,NULL
1615,3,3,0,3,103,2016-12-26 07:00:00,89.94727325439453,54.0,NULL
1616,3,3,0,3,104,2016-12-26 08:00:00,89.94727325439453,54.0,NULL
1617,3,3,0,3,105,2016-12-26 09:00:00,89.94727325439453,54.0,NULL
1618,3,3,0,3,106,2016-12-26 10:00:00,89.94727325439453,54.0,NULL
1619,3,3,0,3,107,2016-12-26 11:00:00,89.94727325439453,54.0,NULL
1620,3,3,0,3,108,2016-12-26 12:00:00,89.94727325439453,54.0,NULL
1621,3,3,0,3,109,2016-12-26 13:00:00,89.94727325439453,54.0,NULL
1622,3,3,0,3,110,2016-12-26 14:00:00,89.94727325439453,54.0,NULL
1623,3,3,0,3,111,2016-12-26 15:00:00,89.94727325439453,54.0,NULL
1624,3,3,0,3,112,2016-12-26 16:00:00,89.94727325439453,54.0,NULL
1625,3,3,0,3,113,2016-12-26 17:00:00,89.94727325439453,54.0,NULL
1626,3,3,0,3,114,2016-12-26 18:00:00,89.94727325439453,54.0,NULL
1627,3,3,0,3,115,2016-12-26 19:00:00,89.94727325439453,54.0,NULL
1628,3,3,0,3,116,2016-12-26 20:00:00,89.94727325439453,54.0,NULL
1629,3,3,0,3,117,2016-12-26 21:00:00,89.94727325439453,54.0,NULL
1630,3,3,0,3,118,2016-12-26 22:00:00,89.94727325439453,54.0,NULL
1631,3,3,0,3,119,2016-12-26 23:00:00,89.94727325439453,54.0,NULL
1632,3,3,0,3,120,2016-12-27 00:00:00,89.94727325439453,54.0,NULL
1633,3,3,0,3,121,2016-12-27 01:00:00,89.94727325439453,54.0,NULL
1634,3,3,0,3,122,2016-12-27 02:00:00,89.94727325439453,54.0,NULL
1635,3,3,0,3,123,2016-12-27 03:00:00,89.94727325439453,54.0,NULL
1636,3,3,0,3,124,2016-12-27 04:00:00,89.94727325439453,54.0,NULL
1637,3,3,0,3,125,2016-12-27 05:00:00,89.94727325439453,54.0,NULL
1638,3,3,0,3,126,2016-12-27 06:00:00,89.94727325439453,54.0,NULL
1639,3,3,0,3,127,2016-12-27 07:00:00,89.94727325439453,54.0,NULL
1640,3,3,0,3,128,2016-12-27 08:00:00,89.94727325439453,54.0,NULL
1641,3,3,0,3,129,2016-12-27 09:00:00,89.94727325439453,54.0,NULL
1642,3,3,0,3,130,2016-12-27 10:00:00,89.94727325439453,54.0,NULL
1643,3,3,0,3,131,2016-12-27 11:00:00,89.94727325439453,54.0,NULL
1644,3,3,0,3,132,2016-12-27 12:00:00,89.94727325439453,54.0,NULL
1645,3,3,0,3,133,2016-12-27 13:00:00,89.94727325439453,54.0,NULL
1646,3,3,0,3,134,2016-12-27 14:00:00,89.94727325439453,54.0,NULL
1647,3,3,0,3,135,2016-12-27 15:00:00,89.94727325439453,54.0,NULL
1648,3,3,0,3,136,2016-12-27 16:00:00,89.94727325439453,54.0,NULL
1649,3,3,0,3,137,2016-12-27 17:00:00,89.94727325439453,54.0,NULL
1650,3,3,0,3,138,2016-12-27 18:00:00,89.94727325439453,54.0,NULL
1651,3,3,0,3,139,2016-12-27 19:00:00,89.94727325439453,54.0,NULL
1652,3,3,0,3,140,2016-12-27 20:00:00,89.94727325439453,54.0,NULL
1653,3,3,0,3,141,2016-12-27 21:00:00,89.94727325439453,54.0,NULL
1654,3,3,0,3,142,2016-12-27 22:00:00,89.94727325439453,54.0,NULL
1655,3,3,0,3,143,2016-12-27 23:00:00,89.94727325439453,54.0,NULL
1656,3,3,0,3,144,2016-12-28 00:00:00,89.94727325439453,54.0,NULL
1657,3,3,0,3,145,2016-12-28 01:00:00,89.94727325439453,54.0,NULL
1658,3,3,0,3,146,2016-12-28 02:00:00,89.94727325439453,54.0,NULL
1659,3,3,0,3,147,2016-12-28 03:00:00,89.94727325439453,54.0,NULL
1660,3,3,0,3,148,2016-12-28 04:00:00,89.94727325439453,54.0,NULL
1661,3,3,0,3,149,2016-12-28 05:00:00,89.94727325439453,54.0,NULL
1662,3,3,0,3,150,2016-12-28 06:00:00,89.94727325439453,54.0,NULL
1663,3,3,0,3,151,2016-12-28 07:00:00,89.94727325439453,54.0,NULL
1664,3,3,0,3,152,2016-12-28 08:00:00,89.94727325439453,54.0,NULL
1665,3,3,0,3,153,2016-12-28 09:00:00,89.94727325439453,54.0,NULL
1666,3,3,0,3,154,2016-12-28 10:00:00,89.94727325439453,54.0,NULL
1667,3,3,0,3,155,2016-12-28 11:00:00,89.94727325439453,54.0,NULL
1668,3,3,0,3,156,2016-12-28 12:00:00,89.94727325439453,54.0,NULL
1669,3,3,0,3,157,2016-12-28 13:00:00,89.94727325439453,54.0,NULL
1670,3,3,0,3,158,2016-12-28 14:00:00,89.94727325439453,54.0,NULL
1671,3,3,0,3,159,2016-12-28 15:00:00,89.94727325439453,54.0,NULL
1672,3,3,0,3,160,2016-12-28 16:00:00,89.94727325439453,54.0,NULL
1673,3,3,0,3,161,2016-12-28 17:00:00,89.94727325439453,54.0,NULL
1674,3,3,0,3,162,2016-12-28 18:00:00,89.94727325439453,54.0,NULL
1675,3,3,0,3,163,2016-12-28 19:00:00,89.94727325439453,54.0,NULL
1676,3,3,0,3,164,2016-12-28 20:00:00,89.94727325439453,54.0,NULL
1677,3,3,0,3,165,2016-12-28 21:00:00,89.94727325439453,54.0,NULL
1678,3,3,0,3,166,2016-12-28 22:00:00,89.94727325439453,54.0,NULL
1679,3,3,0,3,167,2016-12-28 23:00:00,89.94727325439453,54.0,NULL
1680,3,3,0,3,168,2016-12-29 00:00:00,89.94727325439453,54.0,NULL
1681,3,3,0,3,169,2016-12-29 01:00:00,89.94727325439453,54.0,NULL
1682,3,3,0,3,170,2016-12-29 02:00:00,89.94727325439453,54.0,NULL
1683,3,3,0,3,171,2016-12-29 03:00:00,89.94727325439453,54.0,NULL
1684,3,3,0,3,172,2016-12-29 04:00:00,89.94727325439453,54.0,NULL
1685,3,3,0,3,173,2016-12-29 05:00:00,89.94727325439453,54.0,NULL
1686,3,3,0,3,174,2016-12-29 06:00:00,89.94727325439453,54.0,NULL
1687,3,3,0,3,175,2016-12-29 07:00:00,89.94727325439453,54.0,NULL
1688,3,3,0,3,176,2016-12-29 08:00:00,89.94727325439453,54.0,NULL
1689,3,3,0,3,177,2016-12-29 09:00:00,89.94727325439453,54.0,NULL
1690,3,3,0,3,178,2016-12-29 10:00:00,89.94727325439453,54.0,NULL
1691,3,3,0,3,179,2016-12-29 11:00:00,89.94727325439453,54.0,NULL
1692,3,3,0,3,180,2016-12-29 12:00:00,89.94727325439453,54.0,NULL
1693,3,3,0,3,181,2016-12-29 13:00:00,89.94727325439453,54.0,NULL
1694,3,3,0,3,182,2016-12-29 14:00:00,89.94727325439453,54.0,NULL
1695,3,3,0,3,183,2016-12-29 15:00:00,89.94727325439453,54.0,NULL
1696,3,3,0,3,184,2016-12-29 16:00:00,89.94727325439453,54.0,NULL
1697,3,3,0,3,185,2016-12-29 17:00:00,89.94727325439453,54.0,NULL
1698,3,3,0,3,186,2016-12-29 18:00:00,89.94727325439453,54.0,NULL
1699,3,3,0,3,187,2016-12-29 19:00:00,89.94727325439453,54.0,NULL
1700,3,3,0,3,188,2016-12-29 20:00:00,89.94727325439453,54.0,NULL
1701,3,3,0,3,189,2016-12-29 21:00:00,89.94727325439453,54.0,NULL
1702,3,3,0,3,190,2016-12-29 22:00:00,89.94727325439453,54.0,NULL
1703,3,3,0,3,191,2016-12-29 23:00:00,89.94727325439453,54.0,NULL
1704,3,3,0,3,192,2016-12-30 00:00:00,89.94727325439453,54.0,NULL
1705,3,3,0,3,193,2016-12-30 01:00:00,89.94727325439453,54.0,NULL
1706,3,3,0,3,194,2016-12-30 02:00:00,89.94727325439453,54.0,NULL
1707,3,3,0,3,195,2016-12-30 03:00:00,89.94727325439453,54.0,NULL
1708,3,3,0,3,196,2016-12-30 04:00:00,89.94727325439453,54.0,NULL
1709,3,3,0,3,197,2016-12-30 05:00:00,89.94727325439453,54.0,NULL
1710,3,3,0,3,198,2016-12-30 06:00:00,89.94727325439453,54.0,NULL
1711,3,3,0,3,199,2016-12-30 07:00:00,89.94727325439453,54.0,NULL
1712,3,3,0,3,200,2016-12-30 08:00:00,89.94727325439453,54.0,NULL
1713,3,3,0,3,201,2016-12-30 09:00:00,89.94727325439453,54.0,NULL
1714,3,3,0,3,202,2016-12-30 10:00:00,89.94727325439453,54.0,NULL
1715,3,3,0,3,203,2016-12-30 11:00:00,89.94727325439453,54.0,NULL
1716,3,3,0,3,204,2016-12-30 12:00:00,89.94727325439453,54.0,NULL
1717,3,3,0,3,205,2016-12-30 13:00:00,89.94727325439453,54.0,NULL
1718,3,3,0,3,206,2016-12-30 14:00:00,89.94727325439453,54.0,NULL
1719,3,3,0,3,207,2016-12-30 15:00:00,89.94727325439453,54.0,NULL
1720,3,3,0,3,208,2016-12-30 16:00:00,89.94727325439453,54.0,NULL
1721,3,3,0,3,209,2016-12-30 17:00:00,89.94727325439453,54.0,NULL
1722,3,3,0,3,210,2016-12-30 18:00:00,89.94727325439453,54.0,NULL
1723,3,3,0,3,211,2016-12-30 19:00:00,89.94727325439453,54.0,NULL
1724,3,3,0,3,212,2016-12-30 20:00:00,89.94727325439453,54.0,NULL
1725,3,3,0,3,213,2016-12-30 21:00:00,89.94727325439453,54.0,NULL
1726,3,3,0,3,214,2016-12-30 22:00:00,89.94727325439453,54.0,NULL
1727,3,3,0,3,215,2016-12-30 23:00:00,89.94727325439453,54.0,NULL
1728,3,3,0,3,216,2016-12-31 00:00:00,89.94727325439453,54.0,NULL
1729,3,3,0,3,217,2016-12-31 01:00:00,89.94727325439453,54.0,-21.1
1730,3,3,0,3,218,2016-12-31 02:00:00,89.94727325439453,54.0,-21.0
1731,3,3,0,3,219,2016-12-31 03:00:00,89.94727325439453,54.0,-20.8
1732,3,3,0,3,220,2016-12-31 04:00:00,89.94727325439453,54.0,-20.55
1733,3,3,0,3,221,2016-12-31 05:00:00,89.94727325439453,54.0,-20.25
1734,3,3,0,3,222,2016-12-31 06:00:00,89.94727325439453,54.0,-20.0
1735,3,3,0,3,223,2016-12-31 07:00:00,89.94727325439453,54.0,-19.8
1736,3,3,0,3,224,2016-12-31 08:00:00,89.94727325439453,54.0,-19.55
1737,3,3,0,3,225,2016-12-31 09:00:00,89.94727325439453,54.0,-19.2
1738,3,3,0,3,226,2016-12-31 10:00:00,89.94727325439453,54.0,-18.9
1739,3,3,0,3,227,2016-12-31 11:00:00,89.94727325439453,54.0,-19.0
1740,3,3,0,3,228,2016-12-31 12:00:00,89.94727325439453,54.0,-18.9
1741,3,3,0,3,229,2016-12-31 13:00:00,89.94727325439453,54.0,-20.0
1742,3,3,0,3,230,2016-12-31 14:00:00,89.94727325439453,54.0,-19.8
1743,3,3,0,3,231,2016-12-31 15:00:00,89.94727325439453,54.0,-19.65
1744,3,3,0,3,232,2016-12-31 16:00:00,89.94727325439453,54.0,-19.65
1745,3,3,0,3,233,2016-12-31 17:00:00,89.94727325439453,54.0,-19.6
1746,3,3,0,3,234,2016-12-31 18:00:00,89.94727325439453,54.0,-19.7
1747,3,3,0,3,235,2016-12-31 19:00:00,89.94727325439453,54.0,-19.75
1748,3,3,0,3,236,2016-12-31 20:00:00,89.94727325439453,54.0,-19.85
1749,3,3,0,3,237,2016-12-31 21:00:00,89.94727325439453,54.0,-19.8
1750,3,3,0,3,238,2016-12-31 22:00:00,89.94727325439453,54.0,-19.65
1751,3,3,0,3,239,2016-12-31 23:00:00,89.94727325439453,54.0,-19.5
1752,3,3,0,3,240,2017-01-01 00:00:00,89.94727325439453,54.0,-19.2
1753,3,3,0,3,241,2017-01-01 01:00:00,89.94727325439453,54.0,-18.85
1754,3,3,0,3,242,2017-01-01 02:00:00,89.94727325439453,54.0,-18.6
1755,3,3,0,3,243,2017-01-01 03:00:00,89.94727325439453,54.0,-18.3
1756,3,3,0,3,244,2017-01-01 04:00:00,89.94727325439453,54.0,-18.2
1757,3,3,0,3,245,2017-01-01 05:00:00,89.94727325439453,54.0,-18.2
1758,3,3,0,3,246,2017-01-01 06:00:00,89.94727325439453,54.0,-18.65
1759,3,3,0,3,247,2017-01-01 07:00:00,89.94727325439453,54.0,-19.1
1760,3,3,0,3,248,2017-01-01 08:00:00,89.94727325439453,54.0,-19.25
1761,3,3,0,3,249,2017-01-01 09:00:00,89.94727325439453,54.0,-19.5
1762,3,3,0,3,250,2017-01-01 10:00:00,89.94727325439453,54.0,-19.6
1763,3,3,0,3,251,2017-01-01 11:00:00,89.94727325439453,54.0,-19.8
1764,3,3,0,3,252,2017-01-01 12:00:00,89.94727325439453,54.0,-19.9
1765,3,3,0,3,253,2017-01-01 13:00:00,89.94727325439453,54.0,-21.45
1766,3,3,0,3,254,2017-01-01 14:00:00,89.94727325439453,54.0,-21.7
1767,3,3,0,3,255,2017-01-01 15:00:00,89.94727325439453,54.0,-21.85
1768,3,3,0,3,256,2017-01-01 16:00:00,89.94727325439453,54.0,-22.15
1769,3,3,0,3,257,2017-01-01 17:00:00,89.94727325439453,54.0,-22.4
1770,3,3,0,3,258,2017-01-01 18:00:00,89.94727325439453,54.0,-22.6
1771,3,3,0,3,259,2017-01-01 19:00:00,89.94727325439453,54.0,-22.55
1772,3,3,0,3,260,2017-01-01 20:00:00,89.94727325439453,54.0,-22.15
1773,3,3,0,3,261,2017-01-01 21:00:00,89.94727325439453,54.0,-21.35
1774,3,3,0,3,262,2017-01-01 22:00:00,89.94727325439453,54.0,-20.65
1775,3,3,0,3,263,2017-01-01 23:00:00,89.94727325439453,54.0,-20.3
1776,3,3,0,3,264,2017-01-02 00:00:00,89.94727325439453,54.0,-20.35
1777,3,3,0,3,265,2017-01-02 01:00:00,89.94727325439453,54.0,NULL
1778,3,3,0,3,266,2017-01-02 02:00:00,89.94727325439453,54.0,NULL
1779,3,3,0,3,267,2017-01-02 03:00:00,89.94727325439453,54.0,NULL
1780,3,3,0,3,268,2017-01-02 04:00:00,89.94727325439453,54.0,NULL
1781,3,3,0,3,269,2017-01-02 05:00:00,89.94727325439453,54.0,NULL
1782,3,3,0,3,270,2017-01-02 06:00:00,89.94727325439453,54.0,NULL
1783,3,3,0,3,271,2017-01-02 07:00:00,89.94727325439453,54.0,NULL
1784,3,3,0,3,272,2017-01-02 08:00:00,89.94727325439453,54.0,NULL
1785,3,3,0,3,273,2017-01-02 09:00:00,89.94727325439453,54.0,NULL
1786,3,3,0,3,274,2017-01-02 10:00:00,89.94727325439453,54.0,NULL
1787,3,3,0,3,275,2017-01-02 11:00:00,89.94727325439453,54.0,NULL
1788,3,3,0,3,276,2017-01-02 12:00:00,89.94727325439453,54.0,NULL
1789,3,3,0,3,277,2017-01-02 13:00:00,89.94727325439453,54.0,NULL
1790,3,3,0,3,278,2017-01-02 14:00:00,89.94727325439453,54.0,NULL
1791,3,3,0,3,279,2017-01-02 15:00:00,89.94727325439453,54.0,NULL
1792,3,3,0,3,280,2017-01-02 16:00:00,89.94727325439453,54.0,NULL
1793,3,3,0,3,281,2017-01-02 17:00:00,89.94727325439453,54.0,NULL
1794,3,3,0,3,282,2017-01-02 18:00:00,89.94727325439453,54.0,NULL
1795,3,3,0,3,283,2017-01-02 19:00:00,89.94727325439453,54.0,NULL
1796,3,3,0,3,284,2017-01-02 20:00:00,89.94727325439453,54.0,NULL
1797,3,3,0,3,285,2017-01-02 21:00:00,89.94727325439453,54.0,NULL
1798,3,3,0,3,286,2017-01-02 22:00:00,89.94727325439453,54.0,NULL
1799,3,3,0,3,287,2017-01-02 23:00:00,89.94727325439453,54.0,NULL
1800,3,3,0,3,288,2017-01-03 00:00:00,89.94727325439453,54.0,NULL
1801,3,3,0,3,289,2017-01-03 01:00:00,89.94727325439453,54.0,NULL
1802,3,3,0,3,290,2017-01-03 02:00:00,89.94727325439453,54.0,NULL
1803,3,3,0,3,291,2017-01-03 03:00:00,89.94727325439453,54.0,NULL
1804,3,3,0,3,292,2017-01-03 04:00:00,89.94727325439453,54.0,NULL
1805,3,3,0,3,293,2017-01-03 05:00:00,89.94727325439453,54.0,NULL
1806,3,3,0,3,294,2017-01-03 06:00:00,89.94727325439453,54.0,NULL
1807,3,3,0,3,295,2017-01-03 07:00:00,89.94727325439453,54.0,NULL
1808,3,3,0,3,296,2017-01-03 08:00:00,89.94727325439453,54.0,NULL
1809,3,3,0,3,297,2017-01-03 09:00:00,89.94727325439453,54.0,NULL
1810,3,3,0,3,298,2017-01-03 10:00:00,89.94727325439453,54.0,NULL
1811,3,3,0,3,299,2017-01-03 11:00:00,89.94727325439453,54.0,NULL
1812,3,3,0,3,300,2017-01-03 12:00:00,89.94727325439453,54.0,NULL
1813,3,3,0,3,301,2017-01-03 13:00:00,89.94727325439453,54.0,NULL
1814,3,3,0,3,302,2017-01-03 14:00:00,89.94727325439453,54.0,NULL
1815,3,3,0,3,303,2017-01-03 15:00:00,89.94727325439453,54.0,NULL
1816,3,3,0,3,304,2017-01-03 16:00:00,89.94727325439453,54.0,NULL
1817,3,3,0,3,305,2017-01-03 17:00:00,89.94727325439453,54.0,NULL
1818,3,3,0,3,306,2017-01-03 18:00:00,89.94727325439453,54.0,NULL
1819,3,3,0,3,307,2017-01-03 19:00:00,89.94727325439453,54.0,NULL
1820,3,3,0,3,308,2017-01-03 20:00:00,89.94727325439453,54.0,NULL
1821,3,3,0,3,309,2017-01-03 21:00:00,89.94727325439453,54.0,NULL
1822,3,3,0,3,310,2017-01-03 22:00:00,89.94727325439453,54.0,NULL
1823,3,3,0,3,311,2017-01-03 23:00:00,89.94727325439453,54.0,NULL
1824,3,3,0,3,312,2017-01-04 00:00:00,89.94727325439453,54.0,NULL
1825,3,3,0,3,313,2017-01-04 01:00:00,89.94727325439453,54.0,NULL
1826,3,3,0,3,314,2017-01-04 02:00:00,89.94727325439453,54.0,NULL
1827,3,3,0,3,315,2017-01-04 03:00:00,89.94727325439453,54.0,NULL
1828,3,3,0,3,316,2017-01-04 04:00:00,89.94727325439453,54.0,NULL
1829,3,3,0,3,317,2017-01-04 05:00:00,89.94727325439453,54.0,NULL
1830,3,3,0,3,318,2017-01-04 06:00:00,89.94727325439453,54.0,NULL
1831,3,3,0,3,319,2017-01-04 07:00:00,89.94727325439453,54.0,NULL
1832,3,3,0,3,320,2017-01-04 08:00:00,89.94727325439453,54.0,NULL
1833,3,3,0,3,321,2017-01-04 09:00:00,89.94727325439453,54.0,NULL
1834,3,3,0,3,322,2017-01-04 10:00:00,89.94727325439453,54.0,NULL
1835,3,3,0,3,323,2017-01-04 11:00:00,89.94727325439453,54.0,NULL
1836,3,3,0,3,324,2017-01-04 12:00:00,89.94727325439453,54.0,NULL
1837,3,3,0,3,325,2017-01-04 13:00:00,89.94727325439453,54.0,NULL
1838,3,3,0,3,326,2017-01-04 14:00:00,89.94727325439453,54.0,NULL
1839,3,3,0,3,327,2017-01-04 15:00:00,89.94727325439453,54.0,NULL
1840,3,3,0,3,328,2017-01-04 16:00:00,89.94727325439453,54.0,NULL
1841,3,3,0,3,329,2017-01-04 17:00:00,89.94727325439453,54.0,NULL
1842,3,3,0,3,330,2017-01-04 18:00:00,89.94727325439453,54.0,NULL
1843,3,3,0,3,331,2017-01-04 19:00:00,89.94727325439453,54.0,NULL
1844,3,3,0,3,332,2017-01-04 20:00:00,89.94727325439453,54.0,NULL
1845,3,3,0,3,333,2017-01-04 21:00:00,89.94727325439453,54.0,NULL
1846,3,3,0,3,334,2017-01-04 22:00:00,89.94727325439453,54.0,NULL
1847,3,3,0,3,335,2017-01-04 23:00:00,89.94727325439453,54.0,NULL
1848,3,3,0,3,336,2017-01-05 00:00:00,89.94727325439453,54.0,NULL
1849,3,3,0,3,337,2017-01-05 01:00:00,89.94727325439453,54.0,NULL
1850,3,3,0,3,338,2017-01-05 02:00:00,89.94727325439453,54.0,NULL
1851,3,3,0,3,339,2017-01-05 03:00:00,89.94727325439453,54.0,NULL
1852,3,3,0,3,340,2017-01-05 04:00:00,89.94727325439453,54.0,NULL
1853,3,3,0,3,341,2017-01-05 05:00:00,89.94727325439453,54.0,NULL
1854,3,3,0,3,342,2017-01-05 06:00:00,89.94727325439453,54.0,NULL
1855,3,3,0,3,343,2017-01-05 07:00:00,89.94727325439453,54.0,NULL
1856,3,3,0,3,344,2017-01-05 08:00:00,89.94727325439453,54.0,NULL
1857,3,3,0,3,345,2017-01-05 09:00:00,89.94727325439453,54.0,NULL
1858,3,3,0,3,346,2017-01-05 10:00:00,89.94727325439453,54.0,NULL
1859,3,3,0,3,347,2017-01-05 11:00:00,89.94727325439453,54.0,NULL
1860,3,3,0,3,348,2017-01-05 12:00:00,89.94727325439453,54.0,NULL
1861,3,3,0,3,349,2017-01-05 13:00:00,89.94727325439453,54.0,NULL
1862,3,3,0,3,350,2017-01-05 14:00:00,89.94727325439453,54.0,NULL
1863,3,3,0,3,351,2017-01-05 15:00:00,89.94727325439453,54.0,NULL
1864,3,3,0,3,352,2017-01-05 16:00:00,89.94727325439453,54.0,NULL
1865,3,3,0,3,353,2017-01-05 17:00:00,89.94727325439453,54.0,NULL
1866,3,3,0,3,354,2017-01-05 18:00:00,89.94727325439453,54.0,NULL
1867,3,3,0,3,355,2017-01-05 19:00:00,89.94727325439453,54.0,NULL
1868,3,3,0,3,356,2017-01-05 20:00:00,89.94727325439453,54.0,NULL
1869,3,3,0,3,357,2017-01-05 21:00:00,89.94727325439453,54.0,NULL
1870,3,3,0,3,358,2017-01-05 22:00:00,89.94727325439453,54.0,NULL
1871,3,3,0,3,359,2017-01-05 23:00:00,89.94727325439453,54.0,NULL
1872,3,3,0,3,360,2017-01-06 00:00:00,89.94727325439453,54.0,NULL
1873,3,3,0,3,361,2017-01-06 01:00:00,89.94727325439453,54.0,NULL
1874,3,3,0,3,362,2017-01-06 02:00:00,89.94727325439453,54.0,NULL
1875,3,3,0,3,363,2017-01-06 03:00:00,89.94727325439453,54.0,NULL
1876,3,3,0,3,364,2017-01-06 04:00:00,89.94727325439453,54.0,NULL
1877,3,3,0,3,365,2017-01-06 05:00:00,89.94727325439453,54.0,NULL
1878,3,3,0,3,366,2017-01-06 06:00:00,89.94727325439453,54.0,NULL
1879,3,3,0,3,367,2017-01-06 07:00:00,89.94727325439453,54.0,NULL
1880,3,3,0,3,368,2017-01-06 08:00:00,89.94727325439453,54.0,NULL
1881,3,3,0,3,369,2017-01-06 09:00:00,89.94727325439453,54.0,NULL
1882,3,3,0,3,370,2017-01-06 10:00:00,89.94727325439453,54.0,NULL
1883,3,3,0,3,371,2017-01-06 11:00:00,89.94727325439453,54.0,NULL
1884,3,3,0,3,372,2017-01-06 12:00:00,89.94727325439453,54.0,NULL
1885,3,3,0,3,373,2017-01-06 13:00:00,89.94727325439453,54.0,NULL
1886,3,3,0,3,374,2017-01-06 14:00:00,89.94727325439453,54.0,NULL
1887,3,3,0,3,375,2017-01-06 15:00:00,89.94727325439453,54.0,NULL
1888,3,3,0,3,376,2017-01-06 16:00:00,89.94727325439453,54.0,NULL
1889,3,3,0,3,377,2017-01-06 17:00:00,89.94727325439453,54.0,NULL
1890,3,3,0,3,378,2017-01-06 18:00:00,89.94727325439453,54.0,NULL
1891,3,3,0,3,379,2017-01-06 19:00:00,89.94727325439453,54.0,NULL
1892,3,3,0,3,380,2017-01-06 20:00:00,89.94727325439453,54.0,NULL
1893,3,3,0,3,381,2017-01-06 21:00:00,89.94727325439453,54.0,NULL
1894,3,3,0,3,382,2017-01-06 22:00:00,89.94727325439453,54.0,NULL
1895,3,3,0,3,383,2017-01-06 23:00:00,89.94727325439453,54.0,NULL
1896,3,3,0,3,384,2017-01-07 00:00:00,89.94727325439453,54.0,NULL
1897,3,3,0,3,385,2017-01-07 01:00:00,89.94727325439453,54.0,NULL
1898,3,3,0,3,386,2017-01-07 02:00:00,89.94727325439453,54.0,NULL
1899,3,3,0,3,387,2017-01-07 03:00:00,89.94727325439453,54.0,NULL
1900,3,3,0,3,388,2017-01-07 04:00:00,89.94727325439453,54.0,NULL
1901,3,3,0,3,389,2017-01-07 05:00:00,89.94727325439453,54.0,NULL
1902,3,3,0,3,390,2017-01-07 06:00:00,89.94727325439453,54.0,NULL
1903,3,3,0,3,391,2017-01-07 07:00:00,89.94727325439453,54.0,NULL
1904,3,3,0,3,392,2017-01-07 08:00:00,89.94727325439453,54.0,NULL
1905,3,3,0,3,393,2017-01-07 09:00:00,89.94727325439453,54.0,NULL
1906,3,3,0,3,394,2017-01-07 10:00:00,89.94727325439453,54.0,NULL
1907,3,3,0,3,395,2017-01-07 11:00:00,89.94727325439453,54.0,NULL
1908,3,3,0,3,396,2017-01-07 12:00:00,89.94727325439453,54.0,NULL
1909,3,3,0,3,397,2017-01-07 13:00:00,89.94727325439453,54.0,NULL
1910,3,3,0,3,398,2017-01-07 14:00:00,89.94727325439453,54.0,NULL
1911,3,3,0,3,399,2017-01-07 15:00:00,89.94727325439453,54.0,NULL
1912,3,3,0,3,400,2017-01-07 16:00:00,89.94727325439453,54.0,NULL
1913,3,3,0,3,401,2017-01-07 17:00:00,89.94727325439453,54.0,NULL
1914,3,3,0,3,402,2017-01-07 18:00:00,89.94727325439453,54.0,NULL
1915,3,3,0,3,403,2017-01-07 19:00:00,89.94727325439453,54.0,NULL
1916,3,3,0,3,404,2017-01-07 20:00:00,89.94727325439453,54.0,NULL
1917,3,3,0,3,405,2017-01-07 21:00:00,89.94727325439453,54.0,NULL
1918,3,3,0,3,406,2017-01-07 22:00:00,89.94727325439453,54.0,NULL
1919,3,3,0,3,407,2017-01-07 23:00:00,89.94727325439453,54.0,NULL
1920,3,3,0,3,408,2017-01-08 00:00:00,89.94727325439453,54.0,NULL
1921,3,3,0,3,409,2017-01-08 01:00:00,89.94727325439453,54.0,NULL
1922,3,3,0,3,410,2017-01-08 02:00:00,89.94727325439453,54.0,NULL
1923,3,3,0,3,411,2017-01-08 03:00:00,89.94727325439453,54.0,NULL
1924,3,3,0,3,412,2017-01-08 04:00:00,89.94727325439453,54.0,NULL
1925,3,3,0,3,413,2017-01-08 05:00:00,89.94727325439453,54.0,NULL
1926,3,3,0,3,414,2017-01-08 06:00:00,89.94727325439453,54.0,NULL
1927,3,3,0,3,415,2017-01-08 07:00:00,89.94727325439453,54.0,NULL
1928,3,3,0,3,416,2017-01-08 08:00:00,89.94727325439453,54.0,NULL
1929,3,3,0,3,417,2017-01-08 09:00:00,89.94727325439453,54.0,NULL
1930,3,3,0,3,418,2017-01-08 10:00:00,89.94727325439453,54.0,NULL
1931,3,3,0,3,419,2017-01-08 11:00:00,89.94727325439453,54.0,NULL
1932,3,3,0,3,420,2017-01-08 12:00:00,89.94727325439453,54.0,NULL
1933,3,3,0,3,421,2017-01-08 13:00:00,89.94727325439453,54.0,NULL
1934,3,3,0,3,422,2017-01-08 14:00:00,89.94727325439453,54.0,NULL
1935,3,3,0,3,423,2017-01-08 15:00:00,89.94727325439453,54.0,NULL
1936,3,3,0,3,424,2017-01-08 16:00:00,89.94727325439453,54.0,NULL
1937,3,3,0,3,425,2017-01-08 17:00:00,89.94727325439453,54.0,NULL
1938,3,3,0,3,426,2017-01-08 18:00:00,89.94727325439453,54.0,NULL
1939,3,3,0,3,427,2017-01-08 19:00:00,89.94727325439453,54.0,NULL
1940,3,3,0,3,428,2017-01-08 20:00:00,89.94727325439453,54.0,NULL
1941,3,3,0,3,429,2017-01-08 21:00:00,89.94727325439453,54.0,NULL
1942,3,3,0,3,430,2017-01-08 22:00:00,89.94727325439453,54.0,NULL
1943,3,3,0,3,431,2017-01-08 23:00:00,89.94727325439453,54.0,NULL
1944,3,3,0,3,432,2017-01-09 00:00:00,89.94727325439453,54.0,NULL
1945,3,3,0,3,433,2017-01-09 01:00:00,89.94727325439453,54.0,NULL
1946,3,3,0,3,434,2017-01-09 02:00:00,89.94727325439453,54.0,NULL
1947,3,3,0,3,435,2017-01-09 03:00:00,89.94727325439453,54.0,NULL
1948,3,3,0,3,436,2017-01-09 04:00:00,89.94727325439453,54.0,NULL
1949,3,3,0,3,437,2017-01-09 05:00:00,89.94727325439453,54.0,NULL
1950,3,3,0,3,438,2017-01-09 06:00:00,89.94727325439453,54.0,NULL
1951,3,3,0,3,439,2017-01-09 07:00:00,89.94727325439453,54.0,NULL
1952,3,3,0,3,440,2017-01-09 08:00:00,89.94727325439453,54.0,NULL
1953,3,3,0,3,441,2017-01-09 09:00:00,89.94727325439453,54.0,NULL
1954,3,3,0,3,442,2017-01-09 10:00:00,89.94727325439453,54.0,NULL
1955,3,3,0,3,443,2017-01-09 11:00:00,89.94727325439453,54.0,NULL
1956,3,3,0,3,444,2017-01-09 12:00:00,89.94727325439453,54.0,NULL
1957,3,3,0,3,445,2017-01-09 13:00:00,89.94727325439453,54.0,NULL
1958,3,3,0,3,446,2017-01-09 14:00:00,89.94727325439453,54.0,NULL
1959,3,3,0,3,447,2017-01-09 15:00:00,89.94727325439453,54.0,NULL
1960,3,3,0,3,448,2017-01-09 16:00:00,89.94727325439453,54.0,NULL
1961,3,3,0,3,449,2017-01-09 17:00:00,89.94727325439453,54.0,NULL
1962,3,3,0,3,450,2017-01-09 18:00:00,89.94727325439453,54.0,NULL
1963,3,3,0,3,451,2017-01-09 19:00:00,89.94727325439453,54.0,NULL
1964,3,3,0,3,452,2017-01-09 20:00:00,89.94727325439453,54.0,NULL
1965,3,3,0,3,453,2017-01-09 21:00:00,89.94727325439453,54.0,NULL
1966,3,3,0,3,454,2017-01-09 22:00:00,89.94727325439453,54.0,NULL
1967,3,3,0,3,455,2017-01-09 23:00:00,89.94727325439453,54.0,NULL
1968,3,3,0,3,456,2017-01-10 00:00:00,89.94727325439453,54.0,NULL
1969,3,3,0,3,457,2017-01-10 01:00:00,89.94727325439453,54.0,NULL
1970,3,3,0,3,458,2017-01-10 02:00:00,89.94727325439453,54.0,NULL
1971,3,3,0,3,459,2017-01-10 03:00:00,89.94727325439453,54.0,NULL
1972,3,3,0,3,460,2017-01-10 04:00:00,89.94727325439453,54.0,NULL
1973,3,3,0,3,461,2017-01-10 05:00:00,89.94727325439453,54.0,NULL
1974,3,3,0,3,462,2017-01-10 06:00:00,89.94727325439453,54.0,NULL
1975,3,3,0,3,463,2017-01-10 07:00:00,89.94727325439453,54.0,NULL
1976,3,3,0,3,464,2017-01-10 08:00:00,89.94727325439453,54.0,NULL
1977,3,3,0,3,465,2017-01-10 09:00:00,89.94727325439453,54.0,NULL
1978,3,3,0,3,466,2017-01-10 10:00:00,89.94727325439453,54.0,NULL
1979,3,3,0,3,467,2017-01-10 11:00:00,89.94727325439453,54.0,NULL
1980,3,3,0,3,468,2017-01-10 12:00:00,89.94727325439453,54.0,NULL
1981,3,3,0,3,469,2017-01-10 13:00:00,89.94727325439453,54.0,NULL
1982,3,3,0,3,470,2017-01-10 14:00:00,89.94727325439453,54.0,NULL
1983,3,3,0,3,471,2017-01-10 15:00:00,89.94727325439453,54.0,NULL
1984,3,3,0,3,472,2017-01-10 16:00:00,89.94727325439453,54.0,NULL
1985,3,3,0,3,473,2017-01-10 17:00:00,89.94727325439453,54.0,NULL
1986,3,3,0,3,474,2017-01-10 18:00:00,89.94727325439453,54.0,NULL
1987,3,3,0,3,475,2017-01-10 19:00:00,89.94727325439453,54.0,NULL
1988,3,3,0,3,476,2017-01-10 20:00:00,89.94727325439453,54.0,NULL
1989,3,3,0,3,477,2017-01-10 21:00:00,89.94727325439453,54.0,NULL
1990,3,3,0,3,478,2017-01-10 22:00:00,89.94727325439453,54.0,NULL
1991,3,3,0,3,479,2017-01-10 23:00:00,89.94727325439453,54.0,NULL
1992,3,3,0,3,480,2017-01-11 00:00:00,89.94727325439453,54.0,NULL
1993,3,3,0,3,481,2017-01-11 01:00:00,89.94727325439453,54.0,NULL
1994,3,3,0,3,482,2017-01-11 02:00:00,89.94727325439453,54.0,NULL
1995,3,3,0,3,483,2017-01-11 03:00:00,89.94727325439453,54.0,NULL
1996,3,3,0,3,484,2017-01-11 04:00:00,89.94727325439453,54.0,NULL
1997,3,3,0,3,485,2017-01-11 05:00:00,89.94727325439453,54.0,NULL
1998,3,3,0,3,486,2017-01-11 06:00:00,89.94727325439453,54.0,NULL
1999,3,3,0,3,487,2017-01-11 07:00:00,89.94727325439453,54.0,NULL
2000,3,3,0,3,488,2017-01-11 08:00:00,89.94727325439453,54.0,NULL
2001,3,3,0,3,489,2017-01-11 09:00:00,89.94727325439453,54.0,NULL
2002,3,3,0,3,490,2017-01-11 10:00:00,89.94727325439453,54.0,NULL
2003,3,3,0,3,491,2017-01-11 11:00:00,89.94727325439453,54.0,NULL
2004,3,3,0,3,492,2017-01-11 12:00:00,89.94727325439453,54.0,NULL
2005,3,3,0,3,493,2017-01-11 13:00:00,89.94727325439453,54.0,NULL
2006,3,3,0,3,494,2017-01-11 14:00:00,89.94727325439453,54.0,NULL
2007,3,3,0,3,495,2017-01-11 15:00:00,89.94727325439453,54.0,NULL
2008,3,3,0,3,496,2017-01-11 16:00:00,89.94727325439453,54.0,NULL
2009,3,3,0,3,497,2017-01-11 17:00:00,89.94727325439453,54.0,NULL
2010,3,3,0,3,498,2017-01-11 18:00:00,89.94727325439453,54.0,NULL
2011,3,3,0,3,499,2017-01-11 19:00:00,89.94727325439453,54.0,NULL
2012,3,3,0,3,500,2017-01-11 20:00:00,89.94727325439453,54.0,NULL
2013,3,3,0,3,501,2017-01-11 21:00:00,89.94727325439453,54.0,NULL
2014,3,3,0,3,502,2017-01-11 22:00:00,89.94727325439453,54.0,NULL
2015,3,3,0,3,503,2017-01-11 23:00:00,89.94727325439453,54.0,NULL
2016,4,4,0,4,0,2016-12-22 00:00:00,89.94727325439453,72.0,NULL
2017,4,4,0,4,1,2016-12-22 01:00:00,89.94727325439453,72.0,NULL
2018,4,4,0,4,2,2016-12-22 02:00:00,89.94727325439453,72.0,NULL
2019,4,4,0,4,3,2016-12-22 03:00:00,89.94727325439453,72.0,NULL
2020,4,4,0,4,4,2016-12-22 04:00:00,89.94727325439453,72.0,NULL
2021,4,4,0,4,5,2016-12-22 05:00:00,89.94727325439453,72.0,NULL
2022,4,4,0,4,6,2016-12-22 06:00:00,89.94727325439453,72.0,NULL
2023,4,4,0,4,7,2016-12-22 07:00:00,89.94727325439453,72.0,NULL
2024,4,4,0,4,8,2016-12-22 08:00:00,89.94727325439453,72.0,NULL
2025,4,4,0,4,9,2016-12-22 09:00:00,89.94727325439453,72.0,NULL
2026,4,4,0,4,10,2016-12-22 10:00:00,89.94727325439453,72.0,NULL
2027,4,4,0,4,11,2016-12-22 11:00:00,89.94727325439453,72.0,NULL
2028,4,4,0,4,12,2016-12-22 12:00:00,89.94727325439453,72.0,NULL
2029,4,4,0,4,13,2016-12-22 13:00:00,89.94727325439453,72.0,NULL
2030,4,4,0,4,14,2016-12-22 14:00:00,89.94727325439453,72.0,NULL
2031,4,4,0,4,15,2016-12-22 15:00:00,89.94727325439453,72.0,NULL
2032,4,4,0,4,16,2016-12-22 16:00:00,89.94727325439453,72.0,NULL
2033,4,4,0,4,17,2016-12-22 17:00:00,89.94727325439453,72.0,NULL
2034,4,4,0,4,18,2016-12-22 18:00:00,89.94727325439453,72.0,NULL
2035,4,4,0,4,19,2016-12-22 19:00:00,89.94727325439453,72.0,NULL
2036,4,4,0,4,20,2016-12-22 20:00:00,89.94727325439453,72.0,NULL
2037,4,4,0,4,21,2016-12-22 21:00:00,89.94727325439453,72.0,NULL
2038,4,4,0,4,22,2016-12-22 22:00:00,89.94727325439453,72.0,NULL
2039,4,4,0,4,23,2016-12-22 23:00:00,89.94727325439453,72.0,NULL
2040,4,4,0,4,24,2016-12-23 00:00:00,89.94727325439453,72.0,NULL
2041,4,4,0,4,25,2016-12-23 01:00:00,89.94727325439453,72.0,NULL
2042,4,4,0,4,26,2016-12-23 02:00:00,89.94727325439453,72.0,NULL
2043,4,4,0,4,27,2016-12-23 03:00:00,89.94727325439453,72.0,NULL
2044,4,4,0,4,28,2016-12-23 04:00:00,89.94727325439453,72.0,NULL
2045,4,4,0,4,29,2016-12-23 05:00:00,89.94727325439453,72.0,NULL
2046,4,4,0,4,30,2016-12-23 06:00:00,89.94727325439453,72.0,NULL
2047,4,4,0,4,31,2016-12-23 07:00:00,89.94727325439453,72.0,NULL
2048,4,4,0,4,32,2016-12-23 08:00:00,89.94727325439453,72.0,NULL
2049,4,4,0,4,33,2016-12-23 09:00:00,89.94727325439453,72.0,NULL
2050,4,4,0,4,34,2016-12-23 10:00:00,89.94727325439453,72.0,NULL
2051,4,4,0,4,35,2016-12-23 11:00:00,89.94727325439453,72.0,NULL
2052,4,4,0,4,36,2016-12-23 12:00:00,89.94727325439453,72.0,NULL
2053,4,4,0,4,37,2016-12-23 13:00:00,89.94727325439453,72.0,NULL
2054,4,4,0,4,38,2016-12-23 14:00:00,89.94727325439453,72.0,NULL
2055,4,4,0,4,39,2016-12-23 15:00:00,89.94727325439453,72.0,NULL
2056,4,4,0,4,40,2016-12-23 16:00:00,89.94727325439453,72.0,NULL
2057,4,4,0,4,41,2016-12-23 17:00:00,89.94727325439453,72.0,NULL
2058,4,4,0,4,42,2016-12-23 18:00:00,89.94727325439453,72.0,NULL
2059,4,4,0,4,43,2016-12-23 19:00:00,89.94727325439453,72.0,NULL
2060,4,4,0,4,44,2016-12-23 20:00:00,89.94727325439453,72.0,NULL
2061,4,4,0,4,45,2016-12-23 21:00:00,89.94727325439453,72.0,NULL
2062,4,4,0,4,46,2016-12-23 22:00:00,89.94727325439453,72.0,NULL
2063,4,4,0,4,47,2016-12-23 23:00:00,89.94727325439453,72.0,NULL
2064,4,4,0,4,48,2016-12-24 00:00:00,89.94727325439453,72.0,NULL
2065,4,4,0,4,49,2016-12-24 01:00:00,89.94727325439453,72.0,NULL
2066,4,4,0,4,50,2016-12-24 02:00:00,89.94727325439453,72.0,NULL
2067,4,4,0,4,51,2016-12-24 03:00:00,89.94727325439453,72.0,NULL
2068,4,4,0,4,52,2016-12-24 04:00:00,89.94727325439453,72.0,NULL
2069,4,4,0,4,53,2016-12-24 05:00:00,89.94727325439453,72.0,NULL
2070,4,4,0,4,54,2016-12-24 06:00:00,89.94727325439453,72.0,NULL
2071,4,4,0,4,55,2016-12-24 07:00:00,89.94727325439453,72.0,NULL
2072,4,4,0,4,56,2016-12-24 08:00:00,89.94727325439453,72.0,NULL
2073,4,4,0,4,57,2016-12-24 09:00:00,89.94727325439453,72.0,NULL
2074,4,4,0,4,58,2016-12-24 10:00:00,89.94727325439453,72.0,NULL
2075,4,4,0,4,59,2016-12-24 11:00:00,89.94727325439453,72.0,NULL
2076,4,4,0,4,60,2016-12-24 12:00:00,89.94727325439453,72.0,NULL
2077,4,4,0,4,61,2016-12-24 13:00:00,89.94727325439453,72.0,NULL
2078,4,4,0,4,62,2016-12-24 14:00:00,89.94727325439453,72.0,NULL
2079,4,4,0,4,63,2016-12-24 15:00:00,89.94727325439453,72.0,NULL
2080,4,4,0,4,64,2016-12-24 16:00:00,89.94727325439453,72.0,NULL
2081,4,4,0,4,65,2016-12-24 17:00:00,89.94727325439453,72.0,NULL
2082,4,4,0,4,66,2016-12-24 18:00:00,89.94727325439453,72.0,NULL
2083,4,4,0,4,67,2016-12-24 19:00:00,89.94727325439453,72.0,NULL
2084,4,4,0,4,68,2016-12-24 20:00:00,89.94727325439453,72.0,NULL
2085,4,4,0,4,69,2016-12-24 21:00:00,89.94727325439453,72.0,NULL
2086,4,4,0,4,70,2016-12-24 22:00:00,89.94727325439453,72.0,NULL
2087,4,4,0,4,71,2016-12-24 23:00:00,89.94727325439453,72.0,NULL
2088,4,4,0,4,72,2016-12-25 00:00:00,89.94727325439453,72.0,NULL
2089,4,4,0,4,73,2016-12-25 01:00:00,89.94727325439453,72.0,NULL
2090,4,4,0,4,74,2016-12-25 02:00:00,89.94727325439453,72.0,NULL
2091,4,4,0,4,75,2016-12-25 03:00:00,89.94727325439453,72.0,NULL
2092,4,4,0,4,76,2016-12-25 04:00:00,89.94727325439453,72.0,NULL
2093,4,4,0,4,77,2016-12-25 05:00:00,89.94727325439453,72.0,NULL
2094,4,4,0,4,78,2016-12-25 06:00:00,89.94727325439453,72.0,NULL
2095,4,4,0,4,79,2016-12-25 07:00:00,89.94727325439453,72.0,NULL
2096,4,4,0,4,80,2016-12-25 08:00:00,89.94727325439453,72.0,NULL
2097,4,4,0,4,81,2016-12-25 09:00:00,89.94727325439453,72.0,NULL
2098,4,4,0,4,82,2016-12-25 10:00:00,89.94727325439453,72.0,NULL
2099,4,4,0,4,83,2016-12-25 11:00:00,89.94727325439453,72.0,NULL
2100,4,4,0,4,84,2016-12-25 12:00:00,89.94727325439453,72.0,NULL
2101,4,4,0,4,85,2016-12-25 13:00:00,89.94727325439453,72.0,NULL
2102,4,4,0,4,86,2016-12-25 14:00:00,89.94727325439453,72.0,NULL
2103,4,4,0,4,87,2016-12-25 15:00:00,89.94727325439453,72.0,NULL
2104,4,4,0,4,88,2016-12-25 16:00:00,89.94727325439453,72.0,NULL
2105,4,4,0,4,89,2016-12-25 17:00:00,89.94727325439453,72.0,NULL
2106,4,4,0,4,90,2016-12-25 18:00:00,89.94727325439453,72.0,NULL
2107,4,4,0,4,91,2016-12-25 19:00:00,89.94727325439453,72.0,NULL
2108,4,4,0,4,92,2016-12-25 20:00:00,89.94727325439453,72.0,NULL
2109,4,4,0,4,93,2016-12-25 21:00:00,89.94727325439453,72.0,NULL
2110,4,4,0,4,94,2016-12-25 22:00:00,89.94727325439453,72.0,NULL
2111,4,4,0,4,95,2016-12-25 23:00:00,89.94727325439453,72.0,NULL
2112,4,4,0,4,96,2016-12-26 00:00:00,89.94727325439453,72.0,NULL
2113,4,4,0,4,97,2016-12-26 01:00:00,89.94727325439453,72.0,NULL
2114,4,4,0,4,98,2016-12-26 02:00:00,89.94727325439453,72.0,NULL
2115,4,4,0,4,99,2016-12-26 03:00:00,89.94727325439453,72.0,NULL
2116,4,4,0,4,100,2016-12-26 04:00:00,89.94727325439453,72.0,NULL
2117,4,4,0,4,101,2016-12-26 05:00:00,89.94727325439453,72.0,NULL
2118,4,4,0,4,102,2016-12-26 06:00:00,89.94727325439453,72.0,NULL
2119,4,4,0,4,103,2016-12-26 07:00:00,89.94727325439453,72.0,NULL
2120,4,4,0,4,104,2016-12-26 08:00:00,89.94727325439453,72.0,NULL
2121,4,4,0,4,105,2016-12-26 09:00:00,89.94727325439453,72.0,NULL
2122,4,4,0,4,106,2016-12-26 10:00:00,89.94727325439453,72.0,NULL
2123,4,4,0,4,107,2016-12-26 11:00:00,89.94727325439453,72.0,NULL
2124,4,4,0,4,108,2016-12-26 12:00:00,89.94727325439453,72.0,NULL
2125,4,4,0,4,109,2016-12-26 13:00:00,89.94727325439453,72.0,NULL
2126,4,4,0,4,110,2016-12-26 14:00:00,89.94727325439453,72.0,NULL
2127,4,4,0,4,111,2016-12-26 15:00:00,89.94727325439453,72.0,NULL
2128,4,4,0,4,112,2016-12-26 16:00:00,89.94727325439453,72.0,NULL
2129,4,4,0,4,113,2016-12-26 17:00:00,89.94727325439453,72.0,NULL
2130,4,4,0,4,114,2016-12-26 18:00:00,89.94727325439453,72.0,NULL
2131,4,4,0,4,115,2016-12-26 19:00:00,89.94727325439453,72.0,NULL
2132,4,4,0,4,116,2016-12-26 20:00:00,89.94727325439453,72.0,NULL
2133,4,4,0,4,117,2016-12-26 21:00:00,89.94727325439453,72.0,NULL
2134,4,4,0,4,118,2016-12-26 22:00:00,89.94727325439453,72.0,NULL
2135,4,4,0,4,119,2016-12-26 23:00:00,89.94727325439453,72.0,NULL
2136,4,4,0,4,120,2016-12-27 00:00:00,89.94727325439453,72.0,NULL
2137,4,4,0,4,121,2016-12-27 01:00:00,89.94727325439453,72.0,NULL
2138,4,4,0,4,122,2016-12-27 02:00:00,89.94727325439453,72.0,NULL
2139,4,4,0,4,123,2016-12-27 03:00:00,89.94727325439453,72.0,NULL
2140,4,4,0,4,124,2016-12-27 04:00:00,89.94727325439453,72.0,NULL
2141,4,4,0,4,125,2016-12-27 05:00:00,89.94727325439453,72.0,NULL
2142,4,4,0,4,126,2016-12-27 06:00:00,89.94727325439453,72.0,NULL
2143,4,4,0,4,127,2016-12-27 07:00:00,89.94727325439453,72.0,NULL
2144,4,4,0,4,128,2016-12-27 08:00:00,89.94727325439453,72.0,NULL
2145,4,4,0,4,129,2016-12-27 09:00:00,89.94727325439453,72.0,NULL
2146,4,4,0,4,130,2016-12-27 10:00:00,89.94727325439453,72.0,NULL
2147,4,4,0,4,131,2016-12-27 11:00:00,89.94727325439453,72.0,NULL
2148,4,4,0,4,132,2016-12-27 12:00:00,89.94727325439453,72.0,NULL
2149,4,4,0,4,133,2016-12-27 13:00:00,89.94727325439453,72.0,NULL
2150,4,4,0,4,134,2016-12-27 14:00:00,89.94727325439453,72.0,NULL
2151,4,4,0,4,135,2016-12-27 15:00:00,89.94727325439453,72.0,NULL
2152,4,4,0,4,136,2016-12-27 16:00:00,89.94727325439453,72.0,NULL
2153,4,4,0,4,137,2016-12-27 17:00:00,89.94727325439453,72.0,NULL
2154,4,4,0,4,138,2016-12-27 18:00:00,89.94727325439453,72.0,NULL
2155,4,4,0,4,139,2016-12-27 19:00:00,89.94727325439453,72.0,NULL
2156,4,4,0,4,140,2016-12-27 20:00:00,89.94727325439453,72.0,NULL
2157,4,4,0,4,141,2016-12-27 21:00:00,89.94727325439453,72.0,NULL
2158,4,4,0,4,142,2016-12-27 22:00:00,89.94727325439453,72.0,NULL
2159,4,4,0,4,143,2016-12-27 23:00:00,89.94727325439453,72.0,NULL
2160,4,4,0,4,144,2016-12-28 00:00:00,89.94727325439453,72.0,NULL
2161,4,4,0,4,145,2016-12-28 01:00:00,89.94727325439453,72.0,NULL
2162,4,4,0,4,146,2016-12-28 02:00:00,89.94727325439453,72.0,NULL
2163,4,4,0,4,147,2016-12-28 03:00:00,89.94727325439453,72.0,NULL
2164,4,4,0,4,148,2016-12-28 04:00:00,89.94727325439453,72.0,NULL
2165,4,4,0,4,149,2016-12-28 05:00:00,89.94727325439453,72.0,NULL
2166,4,4,0,4,150,2016-12-28 06:00:00,89.94727325439453,72.0,NULL
2167,4,4,0,4,151,2016-12-28 07:00:00,89.94727325439453,72.0,NULL
2168,4,4,0,4,152,2016-12-28 08:00:00,89.94727325439453,72.0,NULL
2169,4,4,0,4,153,2016-12-28 09:00:00,89.94727325439453,72.0,NULL
2170,4,4,0,4,154,2016-12-28 10:00:00,89.94727325439453,72.0,NULL
2171,4,4,0,4,155,2016-12-28 11:00:00,89.94727325439453,72.0,NULL
2172,4,4,0,4,156,2016-12-28 12:00:00,89.94727325439453,72.0,NULL
2173,4,4,0,4,157,2016-12-28 13:00:00,89.94727325439453,72.0,NULL
2174,4,4,0,4,158,2016-12-28 14:00:00,89.94727325439453,72.0,NULL
2175,4,4,0,4,159,2016-12-28 15:00:00,89.94727325439453,72.0,NULL
2176,4,4,0,4,160,2016-12-28 16:00:00,89.94727325439453,72.0,NULL
2177,4,4,0,4,161,2016-12-28 17:00:00,89.94727325439453,72.0,NULL
2178,4,4,0,4,162,2016-12-28 18:00:00,89.94727325439453,72.0,NULL
2179,4,4,0,4,163,2016-12-28 19:00:00,89.94727325439453,72.0,NULL
2180,4,4,0,4,164,2016-12-28 20:00:00,89.94727325439453,72.0,NULL
2181,4,4,0,4,165,2016-12-28 21:00:00,89.94727325439453,72.0,NULL
2182,4,4,0,4,166,2016-12-28 22:00:00,89.94727325439453,72.0,NULL
2183,4,4,0,4,167,2016-12-28 23:00:00,89.94727325439453,72.0,NULL
2184,4,4,0,4,168,2016-12-29 00:00:00,89.94727325439453,72.0,NULL
2185,4,4,0,4,169,2016-12-29 01:00:00,89.94727325439453,72.0,NULL
2186,4,4,0,4,170,2016-12-29 02:00:00,89.94727325439453,72.0,NULL
2187,4,4,0,4,171,2016-12-29 03:00:00,89.94727325439453,72.0,NULL
2188,4,4,0,4,172,2016-12-29 04:00:00,89.94727325439453,72.0,NULL
2189,4,4,0,4,173,2016-12-29 05:00:00,89.94727325439453,72.0,NULL
2190,4,4,0,4,174,2016-12-29 06:00:00,89.94727325439453,72.0,NULL
2191,4,4,0,4,175,2016-12-29 07:00:00,89.94727325439453,72.0,NULL
2192,4,4,0,4,176,2016-12-29 08:00:00,89.94727325439453,72.0,NULL
2193,4,4,0,4,177,2016-12-29 09:00:00,89.94727325439453,72.0,NULL
2194,4,4,0,4,178,2016-12-29 10:00:00,89.94727325439453,72.0,NULL
2195,4,4,0,4,179,2016-12-29 11:00:00,89.94727325439453,72.0,NULL
2196,4,4,0,4,180,2016-12-29 12:00:00,89.94727325439453,72.0,NULL
2197,4,4,0,4,181,2016-12-29 13:00:00,89.94727325439453,72.0,NULL
2198,4,4,0,4,182,2016-12-29 14:00:00,89.94727325439453,72.0,NULL
2199,4,4,0,4,183,2016-12-29 15:00:00,89.94727325439453,72.0,NULL
2200,4,4,0,4,184,2016-12-29 16:00:00,89.94727325439453,72.0,NULL
2201,4,4,0,4,185,2016-12-29 17:00:00,89.94727325439453,72.0,NULL
2202,4,4,0,4,186,2016-12-29 18:00:00,89.94727325439453,72.0,NULL
2203,4,4,0,4,187,2016-12-29 19:00:00,89.94727325439453,72.0,NULL
2204,4,4,0,4,188,2016-12-29 20:00:00,89.94727325439453,72.0,NULL
2205,4,4,0,4,189,2016-12-29 21:00:00,89.94727325439453,72.0,NULL
2206,4,4,0,4,190,2016-12-29 22:00:00,89.94727325439453,72.0,NULL
2207,4,4,0,4,191,2016-12-29 23:00:00,89.94727325439453,72.0,NULL
2208,4,4,0,4,192,2016-12-30 00:00:00,89.94727325439453,72.0,NULL
2209,4,4,0,4,193,2016-12-30 01:00:00,89.94727325439453,72.0,NULL
2210,4,4,0,4,194,2016-12-30 02:00:00,89.94727325439453,72.0,NULL
2211,4,4,0,4,195,2016-12-30 03:00:00,89.94727325439453,72.0,NULL
2212,4,4,0,4,196,2016-12-30 04:00:00,89.94727325439453,72.0,NULL
2213,4,4,0,4,197,2016-12-30 05:00:00,89.94727325439453,72.0,NULL
2214,4,4,0,4,198,2016-12-30 06:00:00,89.94727325439453,72.0,NULL
2215,4,4,0,4,199,2016-12-30 07:00:00,89.94727325439453,72.0,NULL
2216,4,4,0,4,200,2016-12-30 08:00:00,89.94727325439453,72.0,NULL
2217,4,4,0,4,201,2016-12-30 09:00:00,89.94727325439453,72.0,NULL
2218,4,4,0,4,202,2016-12-30 10:00:00,89.94727325439453,72.0,NULL
2219,4,4,0,4,203,2016-12-30 11:00:00,89.94727325439453,72.0,NULL
2220,4,4,0,4,204,2016-12-30 12:00:00,89.94727325439453,72.0,NULL
2221,4,4,0,4,205,2016-12-30 13:00:00,89.94727325439453,72.0,NULL
2222,4,4,0,4,206,2016-12-30 14:00:00,89.94727325439453,72.0,NULL
2223,4,4,0,4,207,2016-12-30 15:00:00,89.94727325439453,72.0,NULL
2224,4,4,0,4,208,2016-12-30 16:00:00,89.94727325439453,72.0,NULL
2225,4,4,0,4,209,2016-12-30 17:00:00,89.94727325439453,72.0,NULL
2226,4,4,0,4,210,2016-12-30 18:00:00,89.94727325439453,72.0,NULL
2227,4,4,0,4,211,2016-12-30 19:00:00,89.94727325439453,72.0,NULL
2228,4,4,0,4,212,2016-12-30 20:00:00,89.94727325439453,72.0,NULL
2229,4,4,0,4,213,2016-12-30 21:00:00,89.94727325439453,72.0,NULL
2230,4,4,0,4,214,2016-12-30 22:00:00,89.94727325439453,72.0,NULL
2231,4,4,0,4,215,2016-12-30 23:00:00,89.94727325439453,72.0,NULL
2232,4,4,0,4,216,2016-12-31 00:00:00,89.94727325439453,72.0,NULL
2233,4,4,0,4,217,2016-12-31 01:00:00,89.94727325439453,72.0,-21.15
2234,4,4,0,4,218,2016-12-31 02:00:00,89.94727325439453,72.0,-21.0
2235,4,4,0,4,219,2016-12-31 03:00:00,89.94727325439453,72.0,-20.8
2236,4,4,0,4,220,2016-12-31 04:00:00,89.94727325439453,72.0,-20.55
2237,4,4,0,4,221,2016-12-31 05:00:00,89.94727325439453,72.0,-20.25
2238,4,4,0,4,222,2016-12-31 06:00:00,89.94727325439453,72.0,-20.05
2239,4,4,0,4,223,2016-12-31 07:00:00,89.94727325439453,72.0,-19.75
2240,4,4,0,4,224,2016-12-31 08:00:00,89.94727325439453,72.0,-19.55
2241,4,4,0,4,225,2016-12-31 09:00:00,89.94727325439453,72.0,-19.25
2242,4,4,0,4,226,2016-12-31 10:00:00,89.94727325439453,72.0,-18.95
2243,4,4,0,4,227,2016-12-31 11:00:00,89.94727325439453,72.0,-18.95
2244,4,4,0,4,228,2016-12-31 12:00:00,89.94727325439453,72.0,-19.0
2245,4,4,0,4,229,2016-12-31 13:00:00,89.94727325439453,72.0,-20.05
2246,4,4,0,4,230,2016-12-31 14:00:00,89.94727325439453,72.0,-19.85
2247,4,4,0,4,231,2016-12-31 15:00:00,89.94727325439453,72.0,-19.65
2248,4,4,0,4,232,2016-12-31 16:00:00,89.94727325439453,72.0,-19.65
2249,4,4,0,4,233,2016-12-31 17:00:00,89.94727325439453,72.0,-19.6
2250,4,4,0,4,234,2016-12-31 18:00:00,89.94727325439453,72.0,-19.65
2251,4,4,0,4,235,2016-12-31 19:00:00,89.94727325439453,72.0,-19.8
2252,4,4,0,4,236,2016-12-31 20:00:00,89.94727325439453,72.0,-19.85
2253,4,4,0,4,237,2016-12-31 21:00:00,89.94727325439453,72.0,-19.8
2254,4,4,0,4,238,2016-12-31 22:00:00,89.94727325439453,72.0,-19.65
2255,4,4,0,4,239,2016-12-31 23:00:00,89.94727325439453,72.0,-19.5
2256,4,4,0,4,240,2017-01-01 00:00:00,89.94727325439453,72.0,-19.25
2257,4,4,0,4,241,2017-01-01 01:00:00,89.94727325439453,72.0,-18.9
2258,4,4,0,4,242,2017-01-01 02:00:00,89.94727325439453,72.0,-18.65
2259,4,4,0,4,243,2017-01-01 03:00:00,89.94727325439453,72.0,-18.3
2260,4,4,0,4,244,2017-01-01 04:00:00,89.94727325439453,72.0,-18.2
2261,4,4,0,4,245,2017-01-01 05:00:00,89.94727325439453,72.0,-18.3
2262,4,4,0,4,246,2017-01-01 06:00:00,89.94727325439453,72.0,-18.65
2263,4,4,0,4,247,2017-01-01 07:00:00,89.94727325439453,72.0,-19.1
2264,4,4,0,4,248,2017-01-01 08:00:00,89.94727325439453,72.0,-19.35
2265,4,4,0,4,249,2017-01-01 09:00:00,89.94727325439453,72.0,-19.55
2266,4,4,0,4,250,2017-01-01 10:00:00,89.94727325439453,72.0,-19.65
2267,4,4,0,4,251,2017-01-01 11:00:00,89.94727325439453,72.0,-19.8
2268,4,4,0,4,252,2017-01-01 12:00:00,89.94727325439453,72.0,-19.9
2269,4,4,0,4,253,2017-01-01 13:00:00,89.94727325439453,72.0,-21.4
2270,4,4,0,4,254,2017-01-01 14:00:00,89.94727325439453,72.0,-21.65
2271,4,4,0,4,255,2017-01-01 15:00:00,89.94727325439453,72.0,-21.9
2272,4,4,0,4,256,2017-01-01 16:00:00,89.94727325439453,72.0,-22.1
2273,4,4,0,4,257,2017-01-01 17:00:00,89.94727325439453,72.0,-22.4
2274,4,4,0,4,258,2017-01-01 18:00:00,89.94727325439453,72.0,-22.65
2275,4,4,0,4,259,2017-01-01 19:00:00,89.94727325439453,72.0,-22.6
2276,4,4,0,4,260,2017-01-01 20:00:00,89.94727325439453,72.0,-22.2
2277,4,4,0,4,261,2017-01-01 21:00:00,89.94727325439453,72.0,-21.4
2278,4,4,0,4,262,2017-01-01 22:00:00,89.94727325439453,72.0,-20.6
2279,4,4,0,4,263,2017-01-01 23:00:00,89.94727325439453,72.0,-20.25
2280,4,4,0,4,264,2017-01-02 00:00:00,89.94727325439453,72.0,-20.3
2281,4,4,0,4,265,2017-01-02 01:00:00,89.94727325439453,72.0,NULL
2282,4,4,0,4,266,2017-01-02 02:00:00,89.94727325439453,72.0,NULL
2283,4,4,0,4,267,2017-01-02 03:00:00,89.94727325439453,72.0,NULL
2284,4,4,0,4,268,2017-01-02 04:00:00,89.94727325439453,72.0,NULL
2285,4,4,0,4,269,2017-01-02 05:00:00,89.94727325439453,72.0,NULL
2286,4,4,0,4,270,2017-01-02 06:00:00,89.94727325439453,72.0,NULL
2287,4,4,0,4,271,2017-01-02 07:00:00,89.94727325439453,72.0,NULL
2288,4,4,0,4,272,2017-01-02 08:00:00,89.94727325439453,72.0,NULL
2289,4,4,0,4,273,2017-01-02 09:00:00,89.94727325439453,72.0,NULL
2290,4,4,0,4,274,2017-01-02 10:00:00,89.94727325439453,72.0,NULL
2291,4,4,0,4,275,2017-01-02 11:00:00,89.94727325439453,72.0,NULL
2292,4,4,0,4,276,2017-01-02 12:00:00,89.94727325439453,72.0,NULL
2293,4,4,0,4,277,2017-01-02 13:00:00,89.94727325439453,72.0,NULL
2294,4,4,0,4,278,2017-01-02 14:00:00,89.94727325439453,72.0,NULL
2295,4,4,0,4,279,2017-01-02 15:00:00,89.94727325439453,72.0,NULL
2296,4,4,0,4,280,2017-01-02 16:00:00,89.94727325439453,72.0,NULL
2297,4,4,0,4,281,2017-01-02 17:00:00,89.94727325439453,72.0,NULL
2298,4,4,0,4,282,2017-01-02 18:00:00,89.94727325439453,72.0,NULL
2299,4,4,0,4,283,2017-01-02 19:00:00,89.94727325439453,72.0,NULL
2300,4,4,0,4,284,2017-01-02 20:00:00,89.94727325439453,72.0,NULL
2301,4,4,0,4,285,2017-01-02 21:00:00,89.94727325439453,72.0,NULL
2302,4,4,0,4,286,2017-01-02 22:00:00,89.94727325439453,72.0,NULL
2303,4,4,0,4,287,2017-01-02 23:00:00,89.94727325439453,72.0,NULL
2304,4,4,0,4,288,2017-01-03 00:00:00,89.94727325439453,72.0,NULL
2305,4,4,0,4,289,2017-01-03 01:00:00,89.94727325439453,72.0,NULL
2306,4,4,0,4,290,2017-01-03 02:00:00,89.94727325439453,72.0,NULL
2307,4,4,0,4,291,2017-01-03 03:00:00,89.94727325439453,72.0,NULL
2308,4,4,0,4,292,2017-01-03 04:00:00,89.94727325439453,72.0,NULL
2309,4,4,0,4,293,2017-01-03 05:00:00,89.94727325439453,72.0,NULL
2310,4,4,0,4,294,2017-01-03 06:00:00,89.94727325439453,72.0,NULL
2311,4,4,0,4,295,2017-01-03 07:00:00,89.94727325439453,72.0,NULL
2312,4,4,0,4,296,2017-01-03 08:00:00,89.94727325439453,72.0,NULL
2313,4,4,0,4,297,2017-01-03 09:00:00,89.94727325439453,72.0,NULL
2314,4,4,0,4,298,2017-01-03 10:00:00,89.94727325439453,72.0,NULL
2315,4,4,0,4,299,2017-01-03 11:00:00,89.94727325439453,72.0,NULL
2316,4,4,0,4,300,2017-01-03 12:00:00,89.94727325439453,72.0,NULL
2317,4,4,0,4,301,2017-01-03 13:00:00,89.94727325439453,72.0,NULL
2318,4,4,0,4,302,2017-01-03 14:00:00,89.94727325439453,72.0,NULL
2319,4,4,0,4,303,2017-01-03 15:00:00,89.94727325439453,72.0,NULL
2320,4,4,0,4,304,2017-01-03 16:00:00,89.94727325439453,72.0,NULL
2321,4,4,0,4,305,2017-01-03 17:00:00,89.94727325439453,72.0,NULL
2322,4,4,0,4,306,2017-01-03 18:00:00,89.94727325439453,72.0,NULL
2323,4,4,0,4,307,2017-01-03 19:00:00,89.94727325439453,72.0,NULL
2324,4,4,0,4,308,2017-01-03 20:00:00,89.94727325439453,72.0,NULL
2325,4,4,0,4,309,2017-01-03 21:00:00,89.94727325439453,72.0,NULL
2326,4,4,0,4,310,2017-01-03 22:00:00,89.94727325439453,72.0,NULL
2327,4,4,0,4,311,2017-01-03 23:00:00,89.94727325439453,72.0,NULL
2328,4,4,0,4,312,2017-01-04 00:00:00,89.94727325439453,72.0,NULL
2329,4,4,0,4,313,2017-01-04 01:00:00,89.94727325439453,72.0,NULL
2330,4,4,0,4,314,2017-01-04 02:00:00,89.94727325439453,72.0,NULL
2331,4,4,0,4,315,2017-01-04 03:00:00,89.94727325439453,72.0,NULL
2332,4,4,0,4,316,2017-01-04 04:00:00,89.94727325439453,72.0,NULL
2333,4,4,0,4,317,2017-01-04 05:00:00,89.94727325439453,72.0,NULL
2334,4,4,0,4,318,2017-01-04 06:00:00,89.94727325439453,72.0,NULL
2335,4,4,0,4,319,2017-01-04 07:00:00,89.94727325439453,72.0,NULL
2336,4,4,0,4,320,2017-01-04 08:00:00,89.94727325439453,72.0,NULL
2337,4,4,0,4,321,2017-01-04 09:00:00,89.94727325439453,72.0,NULL
2338,4,4,0,4,322,2017-01-04 10:00:00,89.94727325439453,72.0,NULL
2339,4,4,0,4,323,2017-01-04 11:00:00,89.94727325439453,72.0,NULL
2340,4,4,0,4,324,2017-01-04 12:00:00,89.94727325439453,72.0,NULL
2341,4,4,0,4,325,2017-01-04 13:00:00,89.94727325439453,72.0,NULL
2342,4,4,0,4,326,2017-01-04 14:00:00,89.94727325439453,72.0,NULL
2343,4,4,0,4,327,2017-01-04 15:00:00,89.94727325439453,72.0,NULL
2344,4,4,0,4,328,2017-01-04 16:00:00,89.94727325439453,72.0,NULL
2345,4,4,0,4,329,2017-01-04 17:00:00,89.94727325439453,72.0,NULL
2346,4,4,0,4,330,2017-01-04 18:00:00,89.94727325439453,72.0,NULL
2347,4,4,0,4,331,2017-01-04 19:00:00,89.94727325439453,72.0,NULL
2348,4,4,0,4,332,2017-01-04 20:00:00,89.94727325439453,72.0,NULL
2349,4,4,0,4,333,2017-01-04 21:00:00,89.94727325439453,72.0,NULL
2350,4,4,0,4,334,2017-01-04 22:00:00,89.94727325439453,72.0,NULL
2351,4,4,0,4,335,2017-01-04 23:00:00,89.94727325439453,72.0,NULL
2352,4,4,0,4,336,2017-01-05 00:00:00,89.94727325439453,72.0,NULL
2353,4,4,0,4,337,2017-01-05 01:00:00,89.94727325439453,72.0,NULL
2354,4,4,0,4,338,2017-01-05 02:00:00,89.94727325439453,72.0,NULL
2355,4,4,0,4,339,2017-01-05 03:00:00,89.94727325439453,72.0,NULL
2356,4,4,0,4,340,2017-01-05 04:00:00,89.94727325439453,72.0,NULL
2357,4,4,0,4,341,2017-01-05 05:00:00,89.94727325439453,72.0,NULL
2358,4,4,0,4,342,2017-01-05 06:00:00,89.94727325439453,72.0,NULL
2359,4,4,0,4,343,2017-01-05 07:00:00,89.94727325439453,72.0,NULL
2360,4,4,0,4,344,2017-01-05 08:00:00,89.94727325439453,72.0,NULL
2361,4,4,0,4,345,2017-01-05 09:00:00,89.94727325439453,72.0,NULL
2362,4,4,0,4,346,2017-01-05 10:00:00,89.94727325439453,72.0,NULL
2363,4,4,0,4,347,2017-01-05 11:00:00,89.94727325439453,72.0,NULL
2364,4,4,0,4,348,2017-01-05 12:00:00,89.94727325439453,72.0,NULL
2365,4,4,0,4,349,2017-01-05 13:00:00,89.94727325439453,72.0,NULL
2366,4,4,0,4,350,2017-01-05 14:00:00,89.94727325439453,72.0,NULL
2367,4,4,0,4,351,2017-01-05 15:00:00,89.94727325439453,72.0,NULL
2368,4,4,0,4,352,2017-01-05 16:00:00,89.94727325439453,72.0,NULL
2369,4,4,0,4,353,2017-01-05 17:00:00,89.94727325439453,72.0,NULL
2370,4,4,0,4,354,2017-01-05 18:00:00,89.94727325439453,72.0,NULL
2371,4,4,0,4,355,2017-01-05 19:00:00,89.94727325439453,72.0,NULL
2372,4,4,0,4,356,2017-01-05 20:00:00,89.94727325439453,72.0,NULL
2373,4,4,0,4,357,2017-01-05 21:00:00,89.94727325439453,72.0,NULL
2374,4,4,0,4,358,2017-01-05 22:00:00,89.94727325439453,72.0,NULL
2375,4,4,0,4,359,2017-01-05 23:00:00,89.94727325439453,72.0,NULL
2376,4,4,0,4,360,2017-01-06 00:00:00,89.94727325439453,72.0,NULL
2377,4,4,0,4,361,2017-01-06 01:00:00,89.94727325439453,72.0,NULL
2378,4,4,0,4,362,2017-01-06 02:00:00,89.94727325439453,72.0,NULL
2379,4,4,0,4,363,2017-01-06 03:00:00,89.94727325439453,72.0,NULL
2380,4,4,0,4,364,2017-01-06 04:00:00,89.94727325439453,72.0,NULL
2381,4,4,0,4,365,2017-01-06 05:00:00,89.94727325439453,72.0,NULL
2382,4,4,0,4,366,2017-01-06 06:00:00,89.94727325439453,72.0,NULL
2383,4,4,0,4,367,2017-01-06 07:00:00,89.94727325439453,72.0,NULL
2384,4,4,0,4,368,2017-01-06 08:00:00,89.94727325439453,72.0,NULL
2385,4,4,0,4,369,2017-01-06 09:00:00,89.94727325439453,72.0,NULL
2386,4,4,0,4,370,2017-01-06 10:00:00,89.94727325439453,72.0,NULL
2387,4,4,0,4,371,2017-01-06 11:00:00,89.94727325439453,72.0,NULL
2388,4,4,0,4,372,2017-01-06 12:00:00,89.94727325439453,72.0,NULL
2389,4,4,0,4,373,2017-01-06 13:00:00,89.94727325439453,72.0,NULL
2390,4,4,0,4,374,2017-01-06 14:00:00,89.94727325439453,72.0,NULL
2391,4,4,0,4,375,2017-01-06 15:00:00,89.94727325439453,72.0,NULL
2392,4,4,0,4,376,2017-01-06 16:00:00,89.94727325439453,72.0,NULL
2393,4,4,0,4,377,2017-01-06 17:00:00,89.94727325439453,72.0,NULL
2394,4,4,0,4,378,2017-01-06 18:00:00,89.94727325439453,72.0,NULL
2395,4,4,0,4,379,2017-01-06 19:00:00,89.94727325439453,72.0,NULL
2396,4,4,0,4,380,2017-01-06 20:00:00,89.94727325439453,72.0,NULL
2397,4,4,0,4,381,2017-01-06 21:00:00,89.94727325439453,72.0,NULL
2398,4,4,0,4,382,2017-01-06 22:00:00,89.94727325439453,72.0,NULL
2399,4,4,0,4,383,2017-01-06 23:00:00,89.94727325439453,72.0,NULL
2400,4,4,0,4,384,2017-01-07 00:00:00,89.94727325439453,72.0,NULL
2401,4,4,0,4,385,2017-01-07 01:00:00,89.94727325439453,72.0,NULL
2402,4,4,0,4,386,2017-01-07 02:00:00,89.94727325439453,72.0,NULL
2403,4,4,0,4,387,2017-01-07 03:00:00,89.94727325439453,72.0,NULL
2404,4,4,0,4,388,2017-01-07 04:00:00,89.94727325439453,72.0,NULL
2405,4,4,0,4,389,2017-01-07 05:00:00,89.94727325439453,72.0,NULL
2406,4,4,0,4,390,2017-01-07 06:00:00,89.94727325439453,72.0,NULL
2407,4,4,0,4,391,2017-01-07 07:00:00,89.94727325439453,72.0,NULL
2408,4,4,0,4,392,2017-01-07 08:00:00,89.94727325439453,72.0,NULL
2409,4,4,0,4,393,2017-01-07 09:00:00,89.94727325439453,72.0,NULL
2410,4,4,0,4,394,2017-01-07 10:00:00,89.94727325439453,72.0,NULL
2411,4,4,0,4,395,2017-01-07 11:00:00,89.94727325439453,72.0,NULL
2412,4,4,0,4,396,2017-01-07 12:00:00,89.94727325439453,72.0,NULL
2413,4,4,0,4,397,2017-01-07 13:00:00,89.94727325439453,72.0,NULL
2414,4,4,0,4,398,2017-01-07 14:00:00,89.94727325439453,72.0,NULL
2415,4,4,0,4,399,2017-01-07 15:00:00,89.94727325439453,72.0,NULL
2416,4,4,0,4,400,2017-01-07 16:00:00,89.94727325439453,72.0,NULL
2417,4,4,0,4,401,2017-01-07 17:00:00,89.94727325439453,72.0,NULL
2418,4,4,0,4,402,2017-01-07 18:00:00,89.94727325439453,72.0,NULL
2419,4,4,0,4,403,2017-01-07 19:00:00,89.94727325439453,72.0,NULL
2420,4,4,0,4,404,2017-01-07 20:00:00,89.94727325439453,72.0,NULL
2421,4,4,0,4,405,2017-01-07 21:00:00,89.94727325439453,72.0,NULL
2422,4,4,0,4,406,2017-01-07 22:00:00,89.94727325439453,72.0,NULL
2423,4,4,0,4,407,2017-01-07 23:00:00,89.94727325439453,72.0,NULL
2424,4,4,0,4,408,2017-01-08 00:00:00,89.94727325439453,72.0,NULL
2425,4,4,0,4,409,2017-01-08 01:00:00,89.94727325439453,72.0,NULL
2426,4,4,0,4,410,2017-01-08 02:00:00,89.94727325439453,72.0,NULL
2427,4,4,0,4,411,2017-01-08 03:00:00,89.94727325439453,72.0,NULL
2428,4,4,0,4,412,2017-01-08 04:00:00,89.94727325439453,72.0,NULL
2429,4,4,0,4,413,2017-01-08 05:00:00,89.94727325439453,72.0,NULL
2430,4,4,0,4,414,2017-01-08 06:00:00,89.94727325439453,72.0,NULL
2431,4,4,0,4,415,2017-01-08 07:00:00,89.94727325439453,72.0,NULL
2432,4,4,0,4,416,2017-01-08 08:00:00,89.94727325439453,72.0,NULL
2433,4,4,0,4,417,2017-01-08 09:00:00,89.94727325439453,72.0,NULL
2434,4,4,0,4,418,2017-01-08 10:00:00,89.94727325439453,72.0,NULL
2435,4,4,0,4,419,2017-01-08 11:00:00,89.94727325439453,72.0,NULL
2436,4,4,0,4,420,2017-01-08 12:00:00,89.94727325439453,72.0,NULL
2437,4,4,0,4,421,2017-01-08 13:00:00,89.94727325439453,72.0,NULL
2438,4,4,0,4,422,2017-01-08 14:00:00,89.94727325439453,72.0,NULL
2439,4,4,0,4,423,2017-01-08 15:00:00,89.94727325439453,72.0,NULL
2440,4,4,0,4,424,2017-01-08 16:00:00,89.94727325439453,72.0,NULL
2441,4,4,0,4,425,2017-01-08 17:00:00,89.94727325439453,72.0,NULL
2442,4,4,0,4,426,2017-01-08 18:00:00,89.94727325439453,72.0,NULL
2443,4,4,0,4,427,2017-01-08 19:00:00,89.94727325439453,72.0,NULL
2444,4,4,0,4,428,2017-01-08 20:00:00,89.94727325439453,72.0,NULL
2445,4,4,0,4,429,2017-01-08 21:00:00,89.94727325439453,72.0,NULL
2446,4,4,0,4,430,2017-01-08 22:00:00,89.94727325439453,72.0,NULL
2447,4,4,0,4,431,2017-01-08 23:00:00,89.94727325439453,72.0,NULL
2448,4,4,0,4,432,2017-01-09 00:00:00,89.94727325439453,72.0,NULL
2449,4,4,0,4,433,2017-01-09 01:00:00,89.94727325439453,72.0,NULL
2450,4,4,0,4,434,2017-01-09 02:00:00,89.94727325439453,72.0,NULL
2451,4,4,0,4,435,2017-01-09 03:00:00,89.94727325439453,72.0,NULL
2452,4,4,0,4,436,2017-01-09 04:00:00,89.94727325439453,72.0,NULL
2453,4,4,0,4,437,2017-01-09 05:00:00,89.94727325439453,72.0,NULL
2454,4,4,0,4,438,2017-01-09 06:00:00,89.94727325439453,72.0,NULL
2455,4,4,0,4,439,2017-01-09 07:00:00,89.94727325439453,72.0,NULL
2456,4,4,0,4,440,2017-01-09 08:00:00,89.94727325439453,72.0,NULL
2457,4,4,0,4,441,2017-01-09 09:00:00,89.94727325439453,72.0,NULL
2458,4,4,0,4,442,2017-01-09 10:00:00,89.94727325439453,72.0,NULL
2459,4,4,0,4,443,2017-01-09 11:00:00,89.94727325439453,72.0,NULL
2460,4,4,0,4,444,2017-01-09 12:00:00,89.94727325439453,72.0,NULL
2461,4,4,0,4,445,2017-01-09 13:00:00,89.94727325439453,72.0,NULL
2462,4,4,0,4,446,2017-01-09 14:00:00,89.94727325439453,72.0,NULL
2463,4,4,0,4,447,2017-01-09 15:00:00,89.94727325439453,72.0,NULL
2464,4,4,0,4,448,2017-01-09 16:00:00,89.94727325439453,72.0,NULL
2465,4,4,0,4,449,2017-01-09 17:00:00,89.94727325439453,72.0,NULL
2466,4,4,0,4,450,2017-01-09 18:00:00,89.94727325439453,72.0,NULL
2467,4,4,0,4,451,2017-01-09 19:00:00,89.94727325439453,72.0,NULL
2468,4,4,0,4,452,2017-01-09 20:00:00,89.94727325439453,72.0,NULL
2469,4,4,0,4,453,2017-01-09 21:00:00,89.94727325439453,72.0,NULL
2470,4,4,0,4,454,2017-01-09 22:00:00,89.94727325439453,72.0,NULL
2471,4,4,0,4,455,2017-01-09 23:00:00,89.94727325439453,72.0,NULL
2472,4,4,0,4,456,2017-01-10 00:00:00,89.94727325439453,72.0,NULL
2473,4,4,0,4,457,2017-01-10 01:00:00,89.94727325439453,72.0,NULL
2474,4,4,0,4,458,2017-01-10 02:00:00,89.94727325439453,72.0,NULL
2475,4,4,0,4,459,2017-01-10 03:00:00,89.94727325439453,72.0,NULL
2476,4,4,0,4,460,2017-01-10 04:00:00,89.94727325439453,72.0,NULL
2477,4,4,0,4,461,2017-01-10 05:00:00,89.94727325439453,72.0,NULL
2478,4,4,0,4,462,2017-01-10 06:00:00,89.94727325439453,72.0,NULL
2479,4,4,0,4,463,2017-01-10 07:00:00,89.94727325439453,72.0,NULL
2480,4,4,0,4,464,2017-01-10 08:00:00,89.94727325439453,72.0,NULL
2481,4,4,0,4,465,2017-01-10 09:00:00,89.94727325439453,72.0,NULL
2482,4,4,0,4,466,2017-01-10 10:00:00,89.94727325439453,72.0,NULL
2483,4,4,0,4,467,2017-01-10 11:00:00,89.94727325439453,72.0,NULL
2484,4,4,0,4,468,2017-01-10 12:00:00,89.94727325439453,72.0,NULL
2485,4,4,0,4,469,2017-01-10 13:00:00,89.94727325439453,72.0,NULL
2486,4,4,0,4,470,2017-01-10 14:00:00,89.94727325439453,72.0,NULL
2487,4,4,0,4,471,2017-01-10 15:00:00,89.94727325439453,72.0,NULL
2488,4,4,0,4,472,2017-01-10 16:00:00,89.94727325439453,72.0,NULL
2489,4,4,0,4,473,2017-01-10 17:00:00,89.94727325439453,72.0,NULL
2490,4,4,0,4,474,2017-01-10 18:00:00,89.94727325439453,72.0,NULL
2491,4,4,0,4,475,2017-01-10 19:00:00,89.94727325439453,72.0,NULL
2492,4,4,0,4,476,2017-01-10 20:00:00,89.94727325439453,72.0,NULL
2493,4,4,0,4,477,2017-01-10 21:00:00,89.94727325439453,72.0,NULL
2494,4,4,0,4,478,2017-01-10 22:00:00,89.94727325439453,72.0,NULL
2495,4,4,0,4,479,2017-01-10 23:00:00,89.94727325439453,72.0,NULL
2496,4,4,0,4,480,2017-01-11 00:00:00,89.94727325439453,72.0,NULL
2497,4,4,0,4,481,2017-01-11 01:00:00,89.94727325439453,72.0,NULL
2498,4,4,0,4,482,2017-01-11 02:00:00,89.94727325439453,72.0,NULL
2499,4,4,0,4,483,2017-01-11 03:00:00,89.94727325439453,72.0,NULL
2500,4,4,0,4,484,2017-01-11 04:00:00,89.94727325439453,72.0,NULL
2501,4,4,0,4,485,2017-01-11 05:00:00,89.94727325439453,72.0,NULL
2502,4,4,0,4,486,2017-01-11 06:00:00,89.94727325439453,72.0,NULL
2503,4,4,0,4,487,2017-01-11 07:00:00,89.94727325439453,72.0,NULL
2504,4,4,0,4,488,2017-01-11 08:00:00,89.94727325439453,72.0,NULL
2505,4,4,0,4,489,2017-01-11 09:00:00,89.94727325439453,72.0,NULL
2506,4,4,0,4,490,2017-01-11 10:00:00,89.94727325439453,72.0,NULL
2507,4,4,0,4,491,2017-01-11 11:00:00,89.94727325439453,72.0,NULL
2508,4,4,0,4,492,2017-01-11 12:00:00,89.94727325439453,72.0,NULL
2509,4,4,0,4,493,2017-01-11 13:00:00,89.94727325439453,72.0,NULL
2510,4,4,0,4,494,2017-01-11 14:00:00,89.94727325439453,72.0,NULL
2511,4,4,0,4,495,2017-01-11 15:00:00,89.94727325439453,72.0,NULL
2512,4,4,0,4,496,2017-01-11 16:00:00,89.94727325439453,72.0,NULL
2513,4,4,0,4,497,2017-01-11 17:00:00,89.94727325439453,72.0,NULL
2514,4,4,0,4,498,2017-01-11 18:00:00,89.94727325439453,72.0,NULL
2515,4,4,0,4,499,2017-01-11 19:00:00,89.94727325439453,72.0,NULL
2516,4,4,0,4,500,2017-01-11 20:00:00,89.94727325439453,72.0,NULL
2517,4,4,0,4,501,2017-01-11 21:00:00,89.94727325439453,72.0,NULL
2518,4,4,0,4,502,2017-01-11 22:00:00,89.94727325439453,72.0,NULL
2519,4,4,0,4,503,2017-01-11 23:00:00,89.94727325439453,72.0,NULL
2520,5,5,0,5,0,2016-12-22 00:00:00,89.94727325439453,90.0,NULL
2521,5,5,0,5,1,2016-12-22 01:00:00,89.94727325439453,90.0,NULL
2522,5,5,0,5,2,2016-12-22 02:00:00,89.94727325439453,90.0,NULL
2523,5,5,0,5,3,2016-12-22 03:00:00,89.94727325439453,90.0,NULL
2524,5,5,0,5,4,2016-12-22 04:00:00,89.94727325439453,90.0,NULL
2525,5,5,0,5,5,2016-12-22 05:00:00,89.94727325439453,90.0,NULL
2526,5,5,0,5,6,2016-12-22 06:00:00,89.94727325439453,90.0,NULL
2527,5,5,0,5,7,2016-12-22 07:00:00,89.94727325439453,90.0,NULL
2528,5,5,0,5,8,2016-12-22 08:00:00,89.94727325439453,90.0,NULL
2529,5,5,0,5,9,2016-12-22 09:00:00,89.94727325439453,90.0,NULL
2530,5,5,0,5,10,2016-12-22 10:00:00,89.94727325439453,90.0,NULL
2531,5,5,0,5,11,2016-12-22 11:00:00,89.94727325439453,90.0,NULL
2532,5,5,0,5,12,2016-12-22 12:00:00,89.94727325439453,90.0,NULL
2533,5,5,0,5,13,2016-12-22 13:00:00,89.94727325439453,90.0,NULL
2534,5,5,0,5,14,2016-12-22 14:00:00,89.94727325439453,90.0,NULL
2535,5,5,0,5,15,2016-12-22 15:00:00,89.94727325439453,90.0,NULL
2536,5,5,0,5,16,2016-12-22 16:00:00,89.94727325439453,90.0,NULL
2537,5,5,0,5,17,2016-12-22 17:00:00,89.94727325439453,90.0,NULL
2538,5,5,0,5,18,2016-12-22 18:00:00,89.94727325439453,90.0,NULL
2539,5,5,0,5,19,2016-12-22 19:00:00,89.94727325439453,90.0,NULL
2540,5,5,0,5,20,2016-12-22 20:00:00,89.94727325439453,90.0,NULL
2541,5,5,0,5,21,2016-12-22 21:00:00,89.94727325439453,90.0,NULL
2542,5,5,0,5,22,2016-12-22 22:00:00,89.94727325439453,90.0,NULL
2543,5,5,0,5,23,2016-12-22 23:00:00,89.94727325439453,90.0,NULL
2544,5,5,0,5,24,2016-12-23 00:00:00,89.94727325439453,90.0,NULL
2545,5,5,0,5,25,2016-12-23 01:00:00,89.94727325439453,90.0,NULL
2546,5,5,0,5,26,2016-12-23 02:00:00,89.94727325439453,90.0,NULL
2547,5,5,0,5,27,2016-12-23 03:00:00,89.94727325439453,90.0,NULL
2548,5,5,0,5,28,2016-12-23 04:00:00,89.94727325439453,90.0,NULL
2549,5,5,0,5,29,2016-12-23 05:00:00,89.94727325439453,90.0,NULL
2550,5,5,0,5,30,2016-12-23 06:00:00,89.94727325439453,90.0,NULL
2551,5,5,0,5,31,2016-12-23 07:00:00,89.94727325439453,90.0,NULL
2552,5,5,0,5,32,2016-12-23 08:00:00,89.94727325439453,90.0,NULL
2553,5,5,0,5,33,2016-12-23 09:00:00,89.94727325439453,90.0,NULL
2554,5,5,0,5,34,2016-12-23 10:00:00,89.94727325439453,90.0,NULL
2555,5,5,0,5,35,2016-12-23 11:00:00,89.94727325439453,90.0,NULL
2556,5,5,0,5,36,2016-12-23 12:00:00,89.94727325439453,90.0,NULL
2557,5,5,0,5,37,2016-12-23 13:00:00,89.94727325439453,90.0,NULL
2558,5,5,0,5,38,2016-12-23 14:00:00,89.94727325439453,90.0,NULL
2559,5,5,0,5,39,2016-12-23 15:00:00,89.94727325439453,90.0,NULL
2560,5,5,0,5,40,2016-12-23 16:00:00,89.94727325439453,90.0,NULL
2561,5,5,0,5,41,2016-12-23 17:00:00,89.94727325439453,90.0,NULL
2562,5,5,0,5,42,2016-12-23 18:00:00,89.94727325439453,90.0,NULL
2563,5,5,0,5,43,2016-12-23 19:00:00,89.94727325439453,90.0,NULL
2564,5,5,0,5,44,2016-12-23 20:00:00,89.94727325439453,90.0,NULL
2565,5,5,0,5,45,2016-12-23 21:00:00,89.94727325439453,90.0,NULL
2566,5,5,0,5,46,2016-12-23 22:00:00,89.94727325439453,90.0,NULL
2567,5,5,0,5,47,2016-12-23 23:00:00,89.94727325439453,90.0,NULL
2568,5,5,0,5,48,2016-12-24 00:00:00,89.94727325439453,90.0,NULL
2569,5,5,0,5,49,2016-12-24 01:00:00,89.94727325439453,90.0,NULL
2570,5,5,0,5,50,2016-12-24 02:00:00,89.94727325439453,90.0,NULL
2571,5,5,0,5,51,2016-12-24 03:00:00,89.94727325439453,90.0,NULL
2572,5,5,0,5,52,2016-12-24 04:00:00,89.94727325439453,90.0,NULL
2573,5,5,0,5,53,2016-12-24 05:00:00,89.94727325439453,90.0,NULL
2574,5,5,0,5,54,2016-12-24 06:00:00,89.94727325439453,90.0,NULL
2575,5,5,0,5,55,2016-12-24 07:00:00,89.94727325439453,90.0,NULL
2576,5,5,0,5,56,2016-12-24 08:00:00,89.94727325439453,90.0,NULL
2577,5,5,0,5,57,2016-12-24 09:00:00,89.94727325439453,90.0,NULL
2578,5,5,0,5,58,2016-12-24 10:00:00,89.94727325439453,90.0,NULL
2579,5,5,0,5,59,2016-12-24 11:00:00,89.94727325439453,90.0,NULL
2580,5,5,0,5,60,2016-12-24 12:00:00,89.94727325439453,90.0,NULL
2581,5,5,0,5,61,2016-12-24 13:00:00,89.94727325439453,90.0,NULL
2582,5,5,0,5,62,2016-12-24 14:00:00,89.94727325439453,90.0,NULL
2583,5,5,0,5,63,2016-12-24 15:00:00,89.94727325439453,90.0,NULL
2584,5,5,0,5,64,2016-12-24 16:00:00,89.94727325439453,90.0,NULL
2585,5,5,0,5,65,2016-12-24 17:00:00,89.94727325439453,90.0,NULL
2586,5,5,0,5,66,2016-12-24 18:00:00,89.94727325439453,90.0,NULL
2587,5,5,0,5,67,2016-12-24 19:00:00,89.94727325439453,90.0,NULL
2588,5,5,0,5,68,2016-12-24 20:00:00,89.94727325439453,90.0,NULL
2589,5,5,0,5,69,2016-12-24 21:00:00,89.94727325439453,90.0,NULL
2590,5,5,0,5,70,2016-12-24 22:00:00,89.94727325439453,90.0,NULL
2591,5,5,0,5,71,2016-12-24 23:00:00,89.94727325439453,90.0,NULL
2592,5,5,0,5,72,2016-12-25 00:00:00,89.94727325439453,90.0,NULL
2593,5,5,0,5,73,2016-12-25 01:00:00,89.94727325439453,90.0,NULL
2594,5,5,0,5,74,2016-12-25 02:00:00,89.94727325439453,90.0,NULL
2595,5,5,0,5,75,2016-12-25 03:00:00,89.94727325439453,90.0,NULL
2596,5,5,0,5,76,2016-12-25 04:00:00,89.94727325439453,90.0,NULL
2597,5,5,0,5,77,2016-12-25 05:00:00,89.94727325439453,90.0,NULL
2598,5,5,0,5,78,2016-12-25 06:00:00,89.94727325439453,90.0,NULL
2599,5,5,0,5,79,2016-12-25 07:00:00,89.94727325439453,90.0,NULL
2600,5,5,0,5,80,2016-12-25 08:00:00,89.94727325439453,90.0,NULL
2601,5,5,0,5,81,2016-12-25 09:00:00,89.94727325439453,90.0,NULL
2602,5,5,0,5,82,2016-12-25 10:00:00,89.94727325439453,90.0,NULL
2603,5,5,0,5,83,2016-12-25 11:00:00,89.94727325439453,90.0,NULL
2604,5,5,0,5,84,2016-12-25 12:00:00,89.94727325439453,90.0,NULL
2605,5,5,0,5,85,2016-12-25 13:00:00,89.94727325439453,90.0,NULL
2606,5,5,0,5,86,2016-12-25 14:00:00,89.94727325439453,90.0,NULL
2607,5,5,0,5,87,2016-12-25 15:00:00,89.94727325439453,90.0,NULL
2608,5,5,0,5,88,2016-12-25 16:00:00,89.94727325439453,90.0,NULL
2609,5,5,0,5,89,2016-12-25 17:00:00,89.94727325439453,90.0,NULL
2610,5,5,0,5,90,2016-12-25 18:00:00,89.94727325439453,90.0,NULL
2611,5,5,0,5,91,2016-12-25 19:00:00,89.94727325439453,90.0,NULL
2612,5,5,0,5,92,2016-12-25 20:00:00,89.94727325439453,90.0,NULL
2613,5,5,0,5,93,2016-12-25 21:00:00,89.94727325439453,90.0,NULL
2614,5,5,0,5,94,2016-12-25 22:00:00,89.94727325439453,90.0,NULL
2615,5,5,0,5,95,2016-12-25 23:00:00,89.94727325439453,90.0,NULL
2616,5,5,0,5,96,2016-12-26 00:00:00,89.94727325439453,90.0,NULL
2617,5,5,0,5,97,2016-12-26 01:00:00,89.94727325439453,90.0,NULL
2618,5,5,0,5,98,2016-12-26 02:00:00,89.94727325439453,90.0,NULL
2619,5,5,0,5,99,2016-12-26 03:00:00,89.94727325439453,90.0,NULL
2620,5,5,0,5,100,2016-12-26 04:00:00,89.94727325439453,90.0,NULL
2621,5,5,0,5,101,2016-12-26 05:00:00,89.94727325439453,90.0,NULL
2622,5,5,0,5,102,2016-12-26 06:00:00,89.94727325439453,90.0,NULL
2623,5,5,0,5,103,2016-12-26 07:00:00,89.94727325439453,90.0,NULL
2624,5,5,0,5,104,2016-12-26 08:00:00,89.94727325439453,90.0,NULL
2625,5,5,0,5,105,2016-12-26 09:00:00,89.94727325439453,90.0,NULL
2626,5,5,0,5,106,2016-12-26 10:00:00,89.94727325439453,90.0,NULL
2627,5,5,0,5,107,2016-12-26 11:00:00,89.94727325439453,90.0,NULL
2628,5,5,0,5,108,2016-12-26 12:00:00,89.94727325439453,90.0,NULL
2629,5,5,0,5,109,2016-12-26 13:00:00,89.94727325439453,90.0,NULL
2630,5,5,0,5,110,2016-12-26 14:00:00,89.94727325439453,90.0,NULL
2631,5,5,0,5,111,2016-12-26 15:00:00,89.94727325439453,90.0,NULL
2632,5,5,0,5,112,2016-12-26 16:00:00,89.94727325439453,90.0,NULL
2633,5,5,0,5,113,2016-12-26 17:00:00,89.94727325439453,90.0,NULL
2634,5,5,0,5,114,2016-12-26 18:00:00,89.94727325439453,90.0,NULL
2635,5,5,0,5,115,2016-12-26 19:00:00,89.94727325439453,90.0,NULL
2636,5,5,0,5,116,2016-12-26 20:00:00,89.94727325439453,90.0,NULL
2637,5,5,0,5,117,2016-12-26 21:00:00,89.94727325439453,90.0,NULL
2638,5,5,0,5,118,2016-12-26 22:00:00,89.94727325439453,90.0,NULL
2639,5,5,0,5,119,2016-12-26 23:00:00,89.94727325439453,90.0,NULL
2640,5,5,0,5,120,2016-12-27 00:00:00,89.94727325439453,90.0,NULL
2641,5,5,0,5,121,2016-12-27 01:00:00,89.94727325439453,90.0,NULL
2642,5,5,0,5,122,2016-12-27 02:00:00,89.94727325439453,90.0,NULL
2643,5,5,0,5,123,2016-12-27 03:00:00,89.94727325439453,90.0,NULL
2644,5,5,0,5,124,2016-12-27 04:00:00,89.94727325439453,90.0,NULL
2645,5,5,0,5,125,2016-12-27 05:00:00,89.94727325439453,90.0,NULL
2646,5,5,0,5,126,2016-12-27 06:00:00,89.94727325439453,90.0,NULL
2647,5,5,0,5,127,2016-12-27 07:00:00,89.94727325439453,90.0,NULL
2648,5,5,0,5,128,2016-12-27 08:00:00,89.94727325439453,90.0,NULL
2649,5,5,0,5,129,2016-12-27 09:00:00,89.94727325439453,90.0,NULL
2650,5,5,0,5,130,2016-12-27 10:00:00,89.94727325439453,90.0,NULL
2651,5,5,0,5,131,2016-12-27 11:00:00,89.94727325439453,90.0,NULL
2652,5,5,0,5,132,2016-12-27 12:00:00,89.94727325439453,90.0,NULL
2653,5,5,0,5,133,2016-12-27 13:00:00,89.94727325439453,90.0,NULL
2654,5,5,0,5,134,2016-12-27 14:00:00,89.94727325439453,90.0,NULL
2655,5,5,0,5,135,2016-12-27 15:00:00,89.94727325439453,90.0,NULL
2656,5,5,0,5,136,2016-12-27 16:00:00,89.94727325439453,90.0,NULL
2657,5,5,0,5,137,2016-12-27 17:00:00,89.94727325439453,90.0,NULL
2658,5,5,0,5,138,2016-12-27 18:00:00,89.94727325439453,90.0,NULL
2659,5,5,0,5,139,2016-12-27 19:00:00,89.94727325439453,90.0,NULL
2660,5,5,0,5,140,2016-12-27 20:00:00,89.94727325439453,90.0,NULL
2661,5,5,0,5,141,2016-12-27 21:00:00,89.94727325439453,90.0,NULL
2662,5,5,0,5,142,2016-12-27 22:00:00,89.94727325439453,90.0,NULL
2663,5,5,0,5,143,2016-12-27 23:00:00,89.94727325439453,90.0,NULL
2664,5,5,0,5,144,2016-12-28 00:00:00,89.94727325439453,90.0,NULL
2665,5,5,0,5,145,2016-12-28 01:00:00,89.94727325439453,90.0,NULL
2666,5,5,0,5,146,2016-12-28 02:00:00,89.94727325439453,90.0,NULL
2667,5,5,0,5,147,2016-12-28 03:00:00,89.94727325439453,90.0,NULL
2668,5,5,0,5,148,2016-12-28 04:00:00,89.94727325439453,90.0,NULL
2669,5,5,0,5,149,2016-12-28 05:00:00,89.94727325439453,90.0,NULL
2670,5,5,0,5,150,2016-12-28 06:00:00,89.94727325439453,90.0,NULL
2671,5,5,0,5,151,2016-12-28 07:00:00,89.94727325439453,90.0,NULL
2672,5,5,0,5,152,2016-12-28 08:00:00,89.94727325439453,90.0,NULL
2673,5,5,0,5,153,2016-12-28 09:00:00,89.94727325439453,90.0,NULL
2674,5,5,0,5,154,2016-12-28 10:00:00,89.94727325439453,90.0,NULL
2675,5,5,0,5,155,2016-12-28 11:00:00,89.94727325439453,90.0,NULL
2676,5,5,0,5,156,2016-12-28 12:00:00,89.94727325439453,90.0,NULL
2677,5,5,0,5,157,2016-12-28 13:00:00,89.94727325439453,90.0,NULL
2678,5,5,0,5,158,2016-12-28 14:00:00,89.94727325439453,90.0,NULL
2679,5,5,0,5,159,2016-12-28 15:00:00,89.94727325439453,90.0,NULL
2680,5,5,0,5,160,2016-12-28 16:00:00,89.94727325439453,90.0,NULL
2681,5,5,0,5,161,2016-12-28 17:00:00,89.94727325439453,90.0,NULL
2682,5,5,0,5,162,2016-12-28 18:00:00,89.94727325439453,90.0,NULL
2683,5,5,0,5,163,2016-12-28 19:00:00,89.94727325439453,90.0,NULL
2684,5,5,0,5,164,2016-12-28 20:00:00,89.94727325439453,90.0,NULL
2685,5,5,0,5,165,2016-12-28 21:00:00,89.94727325439453,90.0,NULL
2686,5,5,0,5,166,2016-12-28 22:00:00,89.94727325439453,90.0,NULL
2687,5,5,0,5,167,2016-12-28 23:00:00,89.94727325439453,90.0,NULL
2688,5,5,0,5,168,2016-12-29 00:00:00,89.94727325439453,90.0,NULL
2689,5,5,0,5,169,2016-12-29 01:00:00,89.94727325439453,90.0,NULL
2690,5,5,0,5,170,2016-12-29 02:00:00,89.94727325439453,90.0,NULL
2691,5,5,0,5,171,2016-12-29 03:00:00,89.94727325439453,90.0,NULL
2692,5,5,0,5,172,2016-12-29 04:00:00,89.94727325439453,90.0,NULL
2693,5,5,0,5,173,2016-12-29 05:00:00,89.94727325439453,90.0,NULL
2694,5,5,0,5,174,2016-12-29 06:00:00,89.94727325439453,90.0,NULL
2695,5,5,0,5,175,2016-12-29 07:00:00,89.94727325439453,90.0,NULL
2696,5,5,0,5,176,2016-12-29 08:00:00,89.94727325439453,90.0,NULL
2697,5,5,0,5,177,2016-12-29 09:00:00,89.94727325439453,90.0,NULL
2698,5,5,0,5,178,2016-12-29 10:00:00,89.94727325439453,90.0,NULL
2699,5,5,0,5,179,2016-12-29 11:00:00,89.94727325439453,90.0,NULL
2700,5,5,0,5,180,2016-12-29 12:00:00,89.94727325439453,90.0,NULL
2701,5,5,0,5,181,2016-12-29 13:00:00,89.94727325439453,90.0,NULL
2702,5,5,0,5,182,2016-12-29 14:00:00,89.94727325439453,90.0,NULL
2703,5,5,0,5,183,2016-12-29 15:00:00,89.94727325439453,90.0,NULL
2704,5,5,0,5,184,2016-12-29 16:00:00,89.94727325439453,90.0,NULL
2705,5,5,0,5,185,2016-12-29 17:00:00,89.94727325439453,90.0,NULL
2706,5,5,0,5,186,2016-12-29 18:00:00,89.94727325439453,90.0,NULL
2707,5,5,0,5,187,2016-12-29 19:00:00,89.94727325439453,90.0,NULL
2708,5,5,0,5,188,2016-12-29 20:00:00,89.94727325439453,90.0,NULL
2709,5,5,0,5,189,2016-12-29 21:00:00,89.94727325439453,90.0,NULL
2710,5,5,0,5,190,2016-12-29 22:00:00,89.94727325439453,90.0,NULL
2711,5,5,0,5,191,2016-12-29 23:00:00,89.94727325439453,90.0,NULL
2712,5,5,0,5,192,2016-12-30 00:00:00,89.94727325439453,90.0,NULL
2713,5,5,0,5,193,2016-12-30 01:00:00,89.94727325439453,90.0,NULL
2714,5,5,0,5,194,2016-12-30 02:00:00,89.94727325439453,90.0,NULL
2715,5,5,0,5,195,2016-12-30 03:00:00,89.94727325439453,90.0,NULL
2716,5,5,0,5,196,2016-12-30 04:00:00,89.94727325439453,90.0,NULL
2717,5,5,0,5,197,2016-12-30 05:00:00,89.94727325439453,90.0,NULL
2718,5,5,0,5,198,2016-12-30 06:00:00,89.94727325439453,90.0,NULL
2719,5,5,0,5,199,2016-12-30 07:00:00,89.94727325439453,90.0,NULL
2720,5,5,0,5,200,2016-12-30 08:00:00,89.94727325439453,90.0,NULL
2721,5,5,0,5,201,2016-12-30 09:00:00,89.94727325439453,90.0,NULL
2722,5,5,0,5,202,2016-12-30 10:00:00,89.94727325439453,90.0,NULL
2723,5,5,0,5,203,2016-12-30 11:00:00,89.94727325439453,90.0,NULL
2724,5,5,0,5,204,2016-12-30 12:00:00,89.94727325439453,90.0,NULL
2725,5,5,0,5,205,2016-12-30 13:00:00,89.94727325439453,90.0,NULL
2726,5,5,0,5,206,2016-12-30 14:00:00,89.94727325439453,90.0,NULL
2727,5,5,0,5,207,2016-12-30 15:00:00,89.94727325439453,90.0,NULL
2728,5,5,0,5,208,2016-12-30 16:00:00,89.94727325439453,90.0,NULL
2729,5,5,0,5,209,2016-12-30 17:00:00,89.94727325439453,90.0,NULL
2730,5,5,0,5,210,2016-12-30 18:00:00,89.94727325439453,90.0,NULL
2731,5,5,0,5,211,2016-12-30 19:00:00,89.94727325439453,90.0,NULL
2732,5,5,0,5,212,2016-12-30 20:00:00,89.94727325439453,90.0,NULL
2733,5,5,0,5,213,2016-12-30 21:00:00,89.94727325439453,90.0,NULL
2734,5,5,0,5,214,2016-12-30 22:00:00,89.94727325439453,90.0,NULL
2735,5,5,0,5,215,2016-12-30 23:00:00,89.94727325439453,90.0,NULL
2736,5,5,0,5,216,2016-12-31 00:00:00,89.94727325439453,90.0,NULL
2737,5,5,0,5,217,2016-12-31 01:00:00,89.94727325439453,90.0,-21.15
2738,5,5,0,5,218,2016-12-31 02:00:00,89.94727325439453,90.0,-21.0
2739,5,5,0,5,219,2016-12-31 03:00:00,89.94727325439453,90.0,-20.85
2740,5,5,0,5,220,2016-12-31 04:00:00,89.94727325439453,90.0,-20.6
2741,5,5,0,5,221,2016-12-31 05:00:00,89.94727325439453,90.0,-20.35
2742,5,5,0,5,222,2016-12-31 06:00:00,89.94727325439453,90.0,-20.05
2743,5,5,0,5,223,2016-12-31 07:00:00,89.94727325439453,90.0,-19.8
2744,5,5,0,5,224,2016-12-31 08:00:00,89.94727325439453,90.0,-19.55
2745,5,5,0,5,225,2016-12-31 09:00:00,89.94727325439453,90.0,-19.3
2746,5,5,0,5,226,2016-12-31 10:00:00,89.94727325439453,90.0,-18.95
2747,5,5,0,5,227,2016-12-31 11:00:00,89.94727325439453,90.0,-18.95
2748,5,5,0,5,228,2016-12-31 12:00:00,89.94727325439453,90.0,-19.0
2749,5,5,0,5,229,2016-12-31 13:00:00,89.94727325439453,90.0,-20.1
2750,5,5,0,5,230,2016-12-31 14:00:00,89.94727325439453,90.0,-19.9
2751,5,5,0,5,231,2016-12-31 15:00:00,89.94727325439453,90.0,-19.65
2752,5,5,0,5,232,2016-12-31 16:00:00,89.94727325439453,90.0,-19.65
2753,5,5,0,5,233,2016-12-31 17:00:00,89.94727325439453,90.0,-19.6
2754,5,5,0,5,234,2016-12-31 18:00:00,89.94727325439453,90.0,-19.65
2755,5,5,0,5,235,2016-12-31 19:00:00,89.94727325439453,90.0,-19.8
2756,5,5,0,5,236,2016-12-31 20:00:00,89.94727325439453,90.0,-19.85
2757,5,5,0,5,237,2016-12-31 21:00:00,89.94727325439453,90.0,-19.8
2758,5,5,0,5,238,2016-12-31 22:00:00,89.94727325439453,90.0,-19.65
2759,5,5,0,5,239,2016-12-31 23:00:00,89.94727325439453,90.0,-19.55
2760,5,5,0,5,240,2017-01-01 00:00:00,89.94727325439453,90.0,-19.3
2761,5,5,0,5,241,2017-01-01 01:00:00,89.94727325439453,90.0,-18.95
2762,5,5,0,5,242,2017-01-01 02:00:00,89.94727325439453,90.0,-18.65
2763,5,5,0,5,243,2017-01-01 03:00:00,89.94727325439453,90.0,-18.35
2764,5,5,0,5,244,2017-01-01 04:00:00,89.94727325439453,90.0,-18.25
2765,5,5,0,5,245,2017-01-01 05:00:00,89.94727325439453,90.0,-18.3
2766,5,5,0,5,246,2017-01-01 06:00:00,89.94727325439453,90.0,-18.65
2767,5,5,0,5,247,2017-01-01 07:00:00,89.94727325439453,90.0,-19.15
2768,5,5,0,5,248,2017-01-01 08:00:00,89.94727325439453,90.0,-19.3
2769,5,5,0,5,249,2017-01-01 09:00:00,89.94727325439453,90.0,-19.5
2770,5,5,0,5,250,2017-01-01 10:00:00,89.94727325439453,90.0,-19.55
2771,5,5,0,5,251,2017-01-01 11:00:00,89.94727325439453,90.0,-19.75
2772,5,5,0,5,252,2017-01-01 12:00:00,89.94727325439453,90.0,-19.8
2773,5,5,0,5,253,2017-01-01 13:00:00,89.94727325439453,90.0,-21.45
2774,5,5,0,5,254,2017-01-01 14:00:00,89.94727325439453,90.0,-21.6
2775,5,5,0,5,255,2017-01-01 15:00:00,89.94727325439453,90.0,-21.85
2776,5,5,0,5,256,2017-01-01 16:00:00,89.94727325439453,90.0,-22.1
2777,5,5,0,5,257,2017-01-01 17:00:00,89.94727325439453,90.0,-22.4
2778,5,5,0,5,258,2017-01-01 18:00:00,89.94727325439453,90.0,-22.65
2779,5,5,0,5,259,2017-01-01 19:00:00,89.94727325439453,90.0,-22.65
2780,5,5,0,5,260,2017-01-01 20:00:00,89.94727325439453,90.0,-22.35
2781,5,5,0,5,261,2017-01-01 21:00:00,89.94727325439453,90.0,-21.65
2782,5,5,0,5,262,2017-01-01 22:00:00,89.94727325439453,90.0,-20.7
2783,5,5,0,5,263,2017-01-01 23:00:00,89.94727325439453,90.0,-20.35
2784,5,5,0,5,264,2017-01-02 00:00:00,89.94727325439453,90.0,-20.45
2785,5,5,0,5,265,2017-01-02 01:00:00,89.94727325439453,90.0,NULL
2786,5,5,0,5,266,2017-01-02 02:00:00,89.94727325439453,90.0,NULL
2787,5,5,0,5,267,2017-01-02 03:00:00,89.94727325439453,90.0,NULL
2788,5,5,0,5,268,2017-01-02 04:00:00,89.94727325439453,90.0,NULL
2789,5,5,0,5,269,2017-01-02 05:00:00,89.94727325439453,90.0,NULL
2790,5,5,0,5,270,2017-01-02 06:00:00,89.94727325439453,90.0,NULL
2791,5,5,0,5,271,2017-01-02 07:00:00,89.94727325439453,90.0,NULL
2792,5,5,0,5,272,2017-01-02 08:00:00,89.94727325439453,90.0,NULL
2793,5,5,0,5,273,2017-01-02 09:00:00,89.94727325439453,90.0,NULL
2794,5,5,0,5,274,2017-01-02 10:00:00,89.94727325439453,90.0,NULL
2795,5,5,0,5,275,2017-01-02 11:00:00,89.94727325439453,90.0,NULL
2796,5,5,0,5,276,2017-01-02 12:00:00,89.94727325439453,90.0,NULL
2797,5,5,0,5,277,2017-01-02 13:00:00,89.94727325439453,90.0,NULL
2798,5,5,0,5,278,2017-01-02 14:00:00,89.94727325439453,90.0,NULL
2799,5,5,0,5,279,2017-01-02 15:00:00,89.94727325439453,90.0,NULL
2800,5,5,0,5,280,2017-01-02 16:00:00,89.94727325439453,90.0,NULL
2801,5,5,0,5,281,2017-01-02 17:00:00,89.94727325439453,90.0,NULL
2802,5,5,0,5,282,2017-01-02 18:00:00,89.94727325439453,90.0,NULL
2803,5,5,0,5,283,2017-01-02 19:00:00,89.94727325439453,90.0,NULL
2804,5,5,0,5,284,2017-01-02 20:00:00,89.94727325439453,90.0,NULL
2805,5,5,0,5,285,2017-01-02 21:00:00,89.94727325439453,90.0,NULL
2806,5,5,0,5,286,2017-01-02 22:00:00,89.94727325439453,90.0,NULL
2807,5,5,0,5,287,2017-01-02 23:00:00,89.94727325439453,90.0,NULL
2808,5,5,0,5,288,2017-01-03 00:00:00,89.94727325439453,90.0,NULL
2809,5,5,0,5,289,2017-01-03 01:00:00,89.94727325439453,90.0,NULL
2810,5,5,0,5,290,2017-01-03 02:00:00,89.94727325439453,90.0,NULL
2811,5,5,0,5,291,2017-01-03 03:00:00,89.94727325439453,90.0,NULL
2812,5,5,0,5,292,2017-01-03 04:00:00,89.94727325439453,90.0,NULL
2813,5,5,0,5,293,2017-01-03 05:00:00,89.94727325439453,90.0,NULL
2814,5,5,0,5,294,2017-01-03 06:00:00,89.94727325439453,90.0,NULL
2815,5,5,0,5,295,2017-01-03 07:00:00,89.94727325439453,90.0,NULL
2816,5,5,0,5,296,2017-01-03 08:00:00,89.94727325439453,90.0,NULL
2817,5,5,0,5,297,2017-01-03 09:00:00,89.94727325439453,90.0,NULL
2818,5,5,0,5,298,2017-01-03 10:00:00,89.94727325439453,90.0,NULL
2819,5,5,0,5,299,2017-01-03 11:00:00,89.94727325439453,90.0,NULL
2820,5,5,0,5,300,2017-01-03 12:00:00,89.94727325439453,90.0,NULL
2821,5,5,0,5,301,2017-01-03 13:00:00,89.94727325439453,90.0,NULL
2822,5,5,0,5,302,2017-01-03 14:00:00,89.94727325439453,90.0,NULL
2823,5,5,0,5,303,2017-01-03 15:00:00,89.94727325439453,90.0,NULL
2824,5,5,0,5,304,2017-01-03 16:00:00,89.94727325439453,90.0,NULL
2825,5,5,0,5,305,2017-01-03 17:00:00,89.94727325439453,90.0,NULL
2826,5,5,0,5,306,2017-01-03 18:00:00,89.94727325439453,90.0,NULL
2827,5,5,0,5,307,2017-01-03 19:00:00,89.94727325439453,90.0,NULL
2828,5,5,0,5,308,2017-01-03 20:00:00,89.94727325439453,90.0,NULL
2829,5,5,0,5,309,2017-01-03 21:00:00,89.94727325439453,90.0,NULL
2830,5,5,0,5,310,2017-01-03 22:00:00,89.94727325439453,90.0,NULL
2831,5,5,0,5,311,2017-01-03 23:00:00,89.94727325439453,90.0,NULL
2832,5,5,0,5,312,2017-01-04 00:00:00,89.94727325439453,90.0,NULL
2833,5,5,0,5,313,2017-01-04 01:00:00,89.94727325439453,90.0,NULL
2834,5,5,0,5,314,2017-01-04 02:00:00,89.94727325439453,90.0,NULL
2835,5,5,0,5,315,2017-01-04 03:00:00,89.94727325439453,90.0,NULL
2836,5,5,0,5,316,2017-01-04 04:00:00,89.94727325439453,90.0,NULL
2837,5,5,0,5,317,2017-01-04 05:00:00,89.94727325439453,90.0,NULL
2838,5,5,0,5,318,2017-01-04 06:00:00,89.94727325439453,90.0,NULL
2839,5,5,0,5,319,2017-01-04 07:00:00,89.94727325439453,90.0,NULL
2840,5,5,0,5,320,2017-01-04 08:00:00,89.94727325439453,90.0,NULL
2841,5,5,0,5,321,2017-01-04 09:00:00,89.94727325439453,90.0,NULL
2842,5,5,0,5,322,2017-01-04 10:00:00,89.94727325439453,90.0,NULL
2843,5,5,0,5,323,2017-01-04 11:00:00,89.94727325439453,90.0,NULL
2844,5,5,0,5,324,2017-01-04 12:00:00,89.94727325439453,90.0,NULL
2845,5,5,0,5,325,2017-01-04 13:00:00,89.94727325439453,90.0,NULL
2846,5,5,0,5,326,2017-01-04 14:00:00,89.94727325439453,90.0,NULL
2847,5,5,0,5,327,2017-01-04 15:00:00,89.94727325439453,90.0,NULL
2848,5,5,0,5,328,2017-01-04 16:00:00,89.94727325439453,90.0,NULL
2849,5,5,0,5,329,2017-01-04 17:00:00,89.94727325439453,90.0,NULL
2850,5,5,0,5,330,2017-01-04 18:00:00,89.94727325439453,90.0,NULL
2851,5,5,0,5,331,2017-01-04 19:00:00,89.94727325439453,90.0,NULL
2852,5,5,0,5,332,2017-01-04 20:00:00,89.94727325439453,90.0,NULL
2853,5,5,0,5,333,2017-01-04 21:00:00,89.94727325439453,90.0,NULL
2854,5,5,0,5,334,2017-01-04 22:00:00,89.94727325439453,90.0,NULL
2855,5,5,0,5,335,2017-01-04 23:00:00,89.94727325439453,90.0,NULL
2856,5,5,0,5,336,2017-01-05 00:00:00,89.94727325439453,90.0,NULL
2857,5,5,0,5,337,2017-01-05 01:00:00,89.94727325439453,90.0,NULL
2858,5,5,0,5,338,2017-01-05 02:00:00,89.94727325439453,90.0,NULL
2859,5,5,0,5,339,2017-01-05 03:00:00,89.94727325439453,90.0,NULL
2860,5,5,0,5,340,2017-01-05 04:00:00,89.94727325439453,90.0,NULL
2861,5,5,0,5,341,2017-01-05 05:00:00,89.94727325439453,90.0,NULL
2862,5,5,0,5,342,2017-01-05 06:00:00,89.94727325439453,90.0,NULL
2863,5,5,0,5,343,2017-01-05 07:00:00,89.94727325439453,90.0,NULL
2864,5,5,0,5,344,2017-01-05 08:00:00,89.94727325439453,90.0,NULL
2865,5,5,0,5,345,2017-01-05 09:00:00,89.94727325439453,90.0,NULL
2866,5,5,0,5,346,2017-01-05 10:00:00,89.94727325439453,90.0,NULL
2867,5,5,0,5,347,2017-01-05 11:00:00,89.94727325439453,90.0,NULL
2868,5,5,0,5,348,2017-01-05 12:00:00,89.94727325439453,90.0,NULL
2869,5,5,0,5,349,2017-01-05 13:00:00,89.94727325439453,90.0,NULL
2870,5,5,0,5,350,2017-01-05 14:00:00,89.94727325439453,90.0,NULL
2871,5,5,0,5,351,2017-01-05 15:00:00,89.94727325439453,90.0,NULL
2872,5,5,0,5,352,2017-01-05 16:00:00,89.94727325439453,90.0,NULL
2873,5,5,0,5,353,2017-01-05 17:00:00,89.94727325439453,90.0,NULL
2874,5,5,0,5,354,2017-01-05 18:00:00,89.94727325439453,90.0,NULL
2875,5,5,0,5,355,2017-01-05 19:00:00,89.94727325439453,90.0,NULL
2876,5,5,0,5,356,2017-01-05 20:00:00,89.94727325439453,90.0,NULL
2877,5,5,0,5,357,2017-01-05 21:00:00,89.94727325439453,90.0,NULL
2878,5,5,0,5,358,2017-01-05 22:00:00,89.94727325439453,90.0,NULL
2879,5,5,0,5,359,2017-01-05 23:00:00,89.94727325439453,90.0,NULL
2880,5,5,0,5,360,2017-01-06 00:00:00,89.94727325439453,90.0,NULL
2881,5,5,0,5,361,2017-01-06 01:00:00,89.94727325439453,90.0,NULL
2882,5,5,0,5,362,2017-01-06 02:00:00,89.94727325439453,90.0,NULL
2883,5,5,0,5,363,2017-01-06 03:00:00,89.94727325439453,90.0,NULL
2884,5,5,0,5,364,2017-01-06 04:00:00,89.94727325439453,90.0,NULL
2885,5,5,0,5,365,2017-01-06 05:00:00,89.94727325439453,90.0,NULL
2886,5,5,0,5,366,2017-01-06 06:00:00,89.94727325439453,90.0,NULL
2887,5,5,0,5,367,2017-01-06 07:00:00,89.94727325439453,90.0,NULL
2888,5,5,0,5,368,2017-01-06 08:00:00,89.94727325439453,90.0,NULL
2889,5,5,0,5,369,2017-01-06 09:00:00,89.94727325439453,90.0,NULL
2890,5,5,0,5,370,2017-01-06 10:00:00,89.94727325439453,90.0,NULL
2891,5,5,0,5,371,2017-01-06 11:00:00,89.94727325439453,90.0,NULL
2892,5,5,0,5,372,2017-01-06 12:00:00,89.94727325439453,90.0,NULL
2893,5,5,0,5,373,2017-01-06 13:00:00,89.94727325439453,90.0,NULL
2894,5,5,0,5,374,2017-01-06 14:00:00,89.94727325439453,90.0,NULL
2895,5,5,0,5,375,2017-01-06 15:00:00,89.94727325439453,90.0,NULL
2896,5,5,0,5,376,2017-01-06 16:00:00,89.94727325439453,90.0,NULL
2897,5,5,0,5,377,2017-01-06 17:00:00,89.94727325439453,90.0,NULL
2898,5,5,0,5,378,2017-01-06 18:00:00,89.94727325439453,90.0,NULL
2899,5,5,0,5,379,2017-01-06 19:00:00,89.94727325439453,90.0,NULL
2900,5,5,0,5,380,2017-01-06 20:00:00,89.94727325439453,90.0,NULL
2901,5,5,0,5,381,2017-01-06 21:00:00,89.94727325439453,90.0,NULL
2902,5,5,0,5,382,2017-01-06 22:00:00,89.94727325439453,90.0,NULL
2903,5,5,0,5,383,2017-01-06 23:00:00,89.94727325439453,90.0,NULL
2904,5,5,0,5,384,2017-01-07 00:00:00,89.94727325439453,90.0,NULL
2905,5,5,0,5,385,2017-01-07 01:00:00,89.94727325439453,90.0,NULL
2906,5,5,0,5,386,2017-01-07 02:00:00,89.94727325439453,90.0,NULL
2907,5,5,0,5,387,2017-01-07 03:00:00,89.94727325439453,90.0,NULL
2908,5,5,0,5,388,2017-01-07 04:00:00,89.94727325439453,90.0,NULL
2909,5,5,0,5,389,2017-01-07 05:00:00,89.94727325439453,90.0,NULL
2910,5,5,0,5,390,2017-01-07 06:00:00,89.94727325439453,90.0,NULL
2911,5,5,0,5,391,2017-01-07 07:00:00,89.94727325439453,90.0,NULL
2912,5,5,0,5,392,2017-01-07 08:00:00,89.94727325439453,90.0,NULL
2913,5,5,0,5,393,2017-01-07 09:00:00,89.94727325439453,90.0,NULL
2914,5,5,0,5,394,2017-01-07 10:00:00,89.94727325439453,90.0,NULL
2915,5,5,0,5,395,2017-01-07 11:00:00,89.94727325439453,90.0,NULL
2916,5,5,0,5,396,2017-01-07 12:00:00,89.94727325439453,90.0,NULL
2917,5,5,0,5,397,2017-01-07 13:00:00,89.94727325439453,90.0,NULL
2918,5,5,0,5,398,2017-01-07 14:00:00,89.94727325439453,90.0,NULL
2919,5,5,0,5,399,2017-01-07 15:00:00,89.94727325439453,90.0,NULL
2920,5,5,0,5,400,2017-01-07 16:00:00,89.94727325439453,90.0,NULL
2921,5,5,0,5,401,2017-01-07 17:00:00,89.94727325439453,90.0,NULL
2922,5,5,0,5,402,2017-01-07 18:00:00,89.94727325439453,90.0,NULL
2923,5,5,0,5,403,2017-01-07 19:00:00,89.94727325439453,90.0,NULL
2924,5,5,0,5,404,2017-01-07 20:00:00,89.94727325439453,90.0,NULL
2925,5,5,0,5,405,2017-01-07 21:00:00,89.94727325439453,90.0,NULL
2926,5,5,0,5,406,2017-01-07 22:00:00,89.94727325439453,90.0,NULL
2927,5,5,0,5,407,2017-01-07 23:00:00,89.94727325439453,90.0,NULL
2928,5,5,0,5,408,2017-01-08 00:00:00,89.94727325439453,90.0,NULL
2929,5,5,0,5,409,2017-01-08 01:00:00,89.94727325439453,90.0,NULL
2930,5,5,0,5,410,2017-01-08 02:00:00,89.94727325439453,90.0,NULL
2931,5,5,0,5,411,2017-01-08 03:00:00,89.94727325439453,90.0,NULL
2932,5,5,0,5,412,2017-01-08 04:00:00,89.94727325439453,90.0,NULL
2933,5,5,0,5,413,2017-01-08 05:00:00,89.94727325439453,90.0,NULL
2934,5,5,0,5,414,2017-01-08 06:00:00,89.94727325439453,90.0,NULL
2935,5,5,0,5,415,2017-01-08 07:00:00,89.94727325439453,90.0,NULL
2936,5,5,0,5,416,2017-01-08 08:00:00,89.94727325439453,90.0,NULL
2937,5,5,0,5,417,2017-01-08 09:00:00,89.94727325439453,90.0,NULL
2938,5,5,0,5,418,2017-01-08 10:00:00,89.94727325439453,90.0,NULL
2939,5,5,0,5,419,2017-01-08 11:00:00,89.94727325439453,90.0,NULL
2940,5,5,0,5,420,2017-01-08 12:00:00,89.94727325439453,90.0,NULL
2941,5,5,0,5,421,2017-01-08 13:00:00,89.94727325439453,90.0,NULL
2942,5,5,0,5,422,2017-01-08 14:00:00,89.94727325439453,90.0,NULL
2943,5,5,0,5,423,2017-01-08 15:00:00,89.94727325439453,90.0,NULL
2944,5,5,0,5,424,2017-01-08 16:00:00,89.94727325439453,90.0,NULL
2945,5,5,0,5,425,2017-01-08 17:00:00,89.94727325439453,90.0,NULL
2946,5,5,0,5,426,2017-01-08 18:00:00,89.94727325439453,90.0,NULL
2947,5,5,0,5,427,2017-01-08 19:00:00,89.94727325439453,90.0,NULL
2948,5,5,0,5,428,2017-01-08 20:00:00,89.94727325439453,90.0,NULL
2949,5,5,0,5,429,2017-01-08 21:00:00,89.94727325439453,90.0,NULL
2950,5,5,0,5,430,2017-01-08 22:00:00,89.94727325439453,90.0,NULL
2951,5,5,0,5,431,2017-01-08 23:00:00,89.94727325439453,90.0,NULL
2952,5,5,0,5,432,2017-01-09 00:00:00,89.94727325439453,90.0,NULL
2953,5,5,0,5,433,2017-01-09 01:00:00,89.94727325439453,90.0,NULL
2954,5,5,0,5,434,2017-01-09 02:00:00,89.94727325439453,90.0,NULL
2955,5,5,0,5,435,2017-01-09 03:00:00,89.94727325439453,90.0,NULL
2956,5,5,0,5,436,2017-01-09 04:00:00,89.94727325439453,90.0,NULL
2957,5,5,0,5,437,2017-01-09 05:00:00,89.94727325439453,90.0,NULL
2958,5,5,0,5,438,2017-01-09 06:00:00,89.94727325439453,90.0,NULL
2959,5,5,0,5,439,2017-01-09 07:00:00,89.94727325439453,90.0,NULL
2960,5,5,0,5,440,2017-01-09 08:00:00,89.94727325439453,90.0,NULL
2961,5,5,0,5,441,2017-01-09 09:00:00,89.94727325439453,90.0,NULL
2962,5,5,0,5,442,2017-01-09 10:00:00,89.94727325439453,90.0,NULL
2963,5,5,0,5,443,2017-01-09 11:00:00,89.94727325439453,90.0,NULL
2964,5,5,0,5,444,2017-01-09 12:00:00,89.94727325439453,90.0,NULL
2965,5,5,0,5,445,2017-01-09 13:00:00,89.94727325439453,90.0,NULL
2966,5,5,0,5,446,2017-01-09 14:00:00,89.94727325439453,90.0,NULL
2967,5,5,0,5,447,2017-01-09 15:00:00,89.94727325439453,90.0,NULL
2968,5,5,0,5,448,2017-01-09 16:00:00,89.94727325439453,90.0,NULL
2969,5,5,0,5,449,2017-01-09 17:00:00,89.94727325439453,90.0,NULL
2970,5,5,0,5,450,2017-01-09 18:00:00,89.94727325439453,90.0,NULL
2971,5,5,0,5,451,2017-01-09 19:00:00,89.94727325439453,90.0,NULL
2972,5,5,0,5,452,2017-01-09 20:00:00,89.94727325439453,90.0,NULL
2973,5,5,0,5,453,2017-01-09 21:00:00,89.94727325439453,90.0,NULL
2974,5,5,0,5,454,2017-01-09 22:00:00,89.94727325439453,90.0,NULL
2975,5,5,0,5,455,2017-01-09 23:00:00,89.94727325439453,90.0,NULL
2976,5,5,0,5,456,2017-01-10 00:00:00,89.94727325439453,90.0,NULL
2977,5,5,0,5,457,2017-01-10 01:00:00,89.94727325439453,90.0,NULL
2978,5,5,0,5,458,2017-01-10 02:00:00,89.94727325439453,90.0,NULL
2979,5,5,0,5,459,2017-01-10 03:00:00,89.94727325439453,90.0,NULL
2980,5,5,0,5,460,2017-01-10 04:00:00,89.94727325439453,90.0,NULL
2981,5,5,0,5,461,2017-01-10 05:00:00,89.94727325439453,90.0,NULL
2982,5,5,0,5,462,2017-01-10 06:00:00,89.94727325439453,90.0,NULL
2983,5,5,0,5,463,2017-01-10 07:00:00,89.94727325439453,90.0,NULL
2984,5,5,0,5,464,2017-01-10 08:00:00,89.94727325439453,90.0,NULL
2985,5,5,0,5,465,2017-01-10 09:00:00,89.94727325439453,90.0,NULL
2986,5,5,0,5,466,2017-01-10 10:00:00,89.94727325439453,90.0,NULL
2987,5,5,0,5,467,2017-01-10 11:00:00,89.94727325439453,90.0,NULL
2988,5,5,0,5,468,2017-01-10 12:00:00,89.94727325439453,90.0,NULL
2989,5,5,0,5,469,2017-01-10 13:00:00,89.94727325439453,90.0,NULL
2990,5,5,0,5,470,2017-01-10 14:00:00,89.94727325439453,90.0,NULL
2991,5,5,0,5,471,2017-01-10 15:00:00,89.94727325439453,90.0,NULL
2992,5,5,0,5,472,2017-01-10 16:00:00,89.94727325439453,90.0,NULL
2993,5,5,0,5,473,2017-01-10 17:00:00,89.94727325439453,90.0,NULL
2994,5,5,0,5,474,2017-01-10 18:00:00,89.94727325439453,90.0,NULL
2995,5,5,0,5,475,2017-01-10 19:00:00,89.94727325439453,90.0,NULL
2996,5,5,0,5,476,2017-01-10 20:00:00,89.94727325439453,90.0,NULL
2997,5,5,0,5,477,2017-01-10 21:00:00,89.94727325439453,90.0,NULL
2998,5,5,0,5,478,2017-01-10 22:00:00,89.94727325439453,90.0,NULL
2999,5,5,0,5,479,2017-01-10 23:00:00,89.94727325439453,90.0,NULL
3000,5,5,0,5,480,2017-01-11 00:00:00,89.94727325439453,90.0,NULL
3001,5,5,0,5,481,2017-01-11 01:00:00,89.94727325439453,90.0,NULL
3002,5,5,0,5,482,2017-01-11 02:00:00,89.94727325439453,90.0,NULL
3003,5,5,0,5,483,2017-01-11 03:00:00,89.94727325439453,90.0,NULL
3004,5,5,0,5,484,2017-01-11 04:00:00,89.94727325439453,90.0,NULL
3005,5,5,0,5,485,2017-01-11 05:00:00,89.94727325439453,90.0,NULL
3006,5,5,0,5,486,2017-01-11 06:00:00,89.94727325439453,90.0,NULL
3007,5,5,0,5,487,2017-01-11 07:00:00,89.94727325439453,90.0,NULL
3008,5,5,0,5,488,2017-01-11 08:00:00,89.94727325439453,90.0,NULL
3009,5,5,0,5,489,2017-01-11 09:00:00,89.94727325439453,90.0,NULL
3010,5,5,0,5,490,2017-01-11 10:00:00,89.94727325439453,90.0,NULL
3011,5,5,0,5,491,2017-01-11 11:00:00,89.94727325439453,90.0,NULL
3012,5,5,0,5,492,2017-01-11 12:00:00,89.94727325439453,90.0,NULL
3013,5,5,0,5,493,2017-01-11 13:00:00,89.94727325439453,90.0,NULL
3014,5,5,0,5,494,2017-01-11 14:00:00,89.94727325439453,90.0,NULL
3015,5,5,0,5,495,2017-01-11 15:00:00,89.94727325439453,90.0,NULL
3016,5,5,0,5,496,2017-01-11 16:00:00,89.94727325439453,90.0,NULL
3017,5,5,0,5,497,2017-01-11 17:00:00,89.94727325439453,90.0,NULL
3018,5,5,0,5,498,2017-01-11 18:00:00,89.94727325439453,90.0,NULL
3019,5,5,0,5,499,2017-01-11 19:00:00,89.94727325439453,90.0,NULL
3020,5,5,0,5,500,2017-01-11 20:00:00,89.94727325439453,90.0,NULL
3021,5,5,0,5,501,2017-01-11 21:00:00,89.94727325439453,90.0,NULL
3022,5,5,0,5,502,2017-01-11 22:00:00,89.94727325439453,90.0,NULL
3023,5,5,0,5,503,2017-01-11 23:00:00,89.94727325439453,90.0,NULL
3024,6,6,0,6,0,2016-12-22 00:00:00,89.94727325439453,108.0,NULL
3025,6,6,0,6,1,2016-12-22 01:00:00,89.94727325439453,108.0,NULL
3026,6,6,0,6,2,2016-12-22 02:00:00,89.94727325439453,108.0,NULL
3027,6,6,0,6,3,2016-12-22 03:00:00,89.94727325439453,108.0,NULL
3028,6,6,0,6,4,2016-12-22 04:00:00,89.94727325439453,108.0,NULL
3029,6,6,0,6,5,2016-12-22 05:00:00,89.94727325439453,108.0,NULL
3030,6,6,0,6,6,2016-12-22 06:00:00,89.94727325439453,108.0,NULL
3031,6,6,0,6,7,2016-12-22 07:00:00,89.94727325439453,108.0,NULL
3032,6,6,0,6,8,2016-12-22 08:00:00,89.94727325439453,108.0,NULL
3033,6,6,0,6,9,2016-12-22 09:00:00,89.94727325439453,108.0,NULL
3034,6,6,0,6,10,2016-12-22 10:00:00,89.94727325439453,108.0,NULL
3035,6,6,0,6,11,2016-12-22 11:00:00,89.94727325439453,108.0,NULL
3036,6,6,0,6,12,2016-12-22 12:00:00,89.94727325439453,108.0,NULL
3037,6,6,0,6,13,2016-12-22 13:00:00,89.94727325439453,108.0,NULL
3038,6,6,0,6,14,2016-12-22 14:00:00,89.94727325439453,108.0,NULL
3039,6,6,0,6,15,2016-12-22 15:00:00,89.94727325439453,108.0,NULL
3040,6,6,0,6,16,2016-12-22 16:00:00,89.94727325439453,108.0,NULL
3041,6,6,0,6,17,2016-12-22 17:00:00,89.94727325439453,108.0,NULL
3042,6,6,0,6,18,2016-12-22 18:00:00,89.94727325439453,108.0,NULL
3043,6,6,0,6,19,2016-12-22 19:00:00,89.94727325439453,108.0,NULL
3044,6,6,0,6,20,2016-12-22 20:00:00,89.94727325439453,108.0,NULL
3045,6,6,0,6,21,2016-12-22 21:00:00,89.94727325439453,108.0,NULL
3046,6,6,0,6,22,2016-12-22 22:00:00,89.94727325439453,108.0,NULL
3047,6,6,0,6,23,2016-12-22 23:00:00,89.94727325439453,108.0,NULL
3048,6,6,0,6,24,2016-12-23 00:00:00,89.94727325439453,108.0,NULL
3049,6,6,0,6,25,2016-12-23 01:00:00,89.94727325439453,108.0,NULL
3050,6,6,0,6,26,2016-12-23 02:00:00,89.94727325439453,108.0,NULL
3051,6,6,0,6,27,2016-12-23 03:00:00,89.94727325439453,108.0,NULL
3052,6,6,0,6,28,2016-12-23 04:00:00,89.94727325439453,108.0,NULL
3053,6,6,0,6,29,2016-12-23 05:00:00,89.94727325439453,108.0,NULL
3054,6,6,0,6,30,2016-12-23 06:00:00,89.94727325439453,108.0,NULL
3055,6,6,0,6,31,2016-12-23 07:00:00,89.94727325439453,108.0,NULL
3056,6,6,0,6,32,2016-12-23 08:00:00,89.94727325439453,108.0,NULL
3057,6,6,0,6,33,2016-12-23 09:00:00,89.94727325439453,108.0,NULL
3058,6,6,0,6,34,2016-12-23 10:00:00,89.94727325439453,108.0,NULL
3059,6,6,0,6,35,2016-12-23 11:00:00,89.94727325439453,108.0,NULL
3060,6,6,0,6,36,2016-12-23 12:00:00,89.94727325439453,108.0,NULL
3061,6,6,0,6,37,2016-12-23 13:00:00,89.94727325439453,108.0,NULL
3062,6,6,0,6,38,2016-12-23 14:00:00,89.94727325439453,108.0,NULL
3063,6,6,0,6,39,2016-12-23 15:00:00,89.94727325439453,108.0,NULL
3064,6,6,0,6,40,2016-12-23 16:00:00,89.94727325439453,108.0,NULL
3065,6,6,0,6,41,2016-12-23 17:00:00,89.94727325439453,108.0,NULL
3066,6,6,0,6,42,2016-12-23 18:00:00,89.94727325439453,108.0,NULL
3067,6,6,0,6,43,2016-12-23 19:00:00,89.94727325439453,108.0,NULL
3068,6,6,0,6,44,2016-12-23 20:00:00,89.94727325439453,108.0,NULL
3069,6,6,0,6,45,2016-12-23 21:00:00,89.94727325439453,108.0,NULL
3070,6,6,0,6,46,2016-12-23 22:00:00,89.94727325439453,108.0,NULL
3071,6,6,0,6,47,2016-12-23 23:00:00,89.94727325439453,108.0,NULL
3072,6,6,0,6,48,2016-12-24 00:00:00,89.94727325439453,108.0,NULL
3073,6,6,0,6,49,2016-12-24 01:00:00,89.94727325439453,108.0,NULL
3074,6,6,0,6,50,2016-12-24 02:00:00,89.94727325439453,108.0,NULL
3075,6,6,0,6,51,2016-12-24 03:00:00,89.94727325439453,108.0,NULL
3076,6,6,0,6,52,2016-12-24 04:00:00,89.94727325439453,108.0,NULL
3077,6,6,0,6,53,2016-12-24 05:00:00,89.94727325439453,108.0,NULL
3078,6,6,0,6,54,2016-12-24 06:00:00,89.94727325439453,108.0,NULL
3079,6,6,0,6,55,2016-12-24 07:00:00,89.94727325439453,108.0,NULL
3080,6,6,0,6,56,2016-12-24 08:00:00,89.94727325439453,108.0,NULL
3081,6,6,0,6,57,2016-12-24 09:00:00,89.94727325439453,108.0,NULL
3082,6,6,0,6,58,2016-12-24 10:00:00,89.94727325439453,108.0,NULL
3083,6,6,0,6,59,2016-12-24 11:00:00,89.94727325439453,108.0,NULL
3084,6,6,0,6,60,2016-12-24 12:00:00,89.94727325439453,108.0,NULL
3085,6,6,0,6,61,2016-12-24 13:00:00,89.94727325439453,108.0,NULL
3086,6,6,0,6,62,2016-12-24 14:00:00,89.94727325439453,108.0,NULL
3087,6,6,0,6,63,2016-12-24 15:00:00,89.94727325439453,108.0,NULL
3088,6,6,0,6,64,2016-12-24 16:00:00,89.94727325439453,108.0,NULL
3089,6,6,0,6,65,2016-12-24 17:00:00,89.94727325439453,108.0,NULL
3090,6,6,0,6,66,2016-12-24 18:00:00,89.94727325439453,108.0,NULL
3091,6,6,0,6,67,2016-12-24 19:00:00,89.94727325439453,108.0,NULL
3092,6,6,0,6,68,2016-12-24 20:00:00,89.94727325439453,108.0,NULL
3093,6,6,0,6,69,2016-12-24 21:00:00,89.94727325439453,108.0,NULL
3094,6,6,0,6,70,2016-12-24 22:00:00,89.94727325439453,108.0,NULL
3095,6,6,0,6,71,2016-12-24 23:00:00,89.94727325439453,108.0,NULL
3096,6,6,0,6,72,2016-12-25 00:00:00,89.94727325439453,108.0,NULL
3097,6,6,0,6,73,2016-12-25 01:00:00,89.94727325439453,108.0,NULL
3098,6,6,0,6,74,2016-12-25 02:00:00,89.94727325439453,108.0,NULL
3099,6,6,0,6,75,2016-12-25 03:00:00,89.94727325439453,108.0,NULL
3100,6,6,0,6,76,2016-12-25 04:00:00,89.94727325439453,108.0,NULL
3101,6,6,0,6,77,2016-12-25 05:00:00,89.94727325439453,108.0,NULL
3102,6,6,0,6,78,2016-12-25 06:00:00,89.94727325439453,108.0,NULL
3103,6,6,0,6,79,2016-12-25 07:00:00,89.94727325439453,108.0,NULL
3104,6,6,0,6,80,2016-12-25 08:00:00,89.94727325439453,108.0,NULL
3105,6,6,0,6,81,2016-12-25 09:00:00,89.94727325439453,108.0,NULL
3106,6,6,0,6,82,2016-12-25 10:00:00,89.94727325439453,108.0,NULL
3107,6,6,0,6,83,2016-12-25 11:00:00,89.94727325439453,108.0,NULL
3108,6,6,0,6,84,2016-12-25 12:00:00,89.94727325439453,108.0,NULL
3109,6,6,0,6,85,2016-12-25 13:00:00,89.94727325439453,108.0,NULL
3110,6,6,0,6,86,2016-12-25 14:00:00,89.94727325439453,108.0,NULL
3111,6,6,0,6,87,2016-12-25 15:00:00,89.94727325439453,108.0,NULL
3112,6,6,0,6,88,2016-12-25 16:00:00,89.94727325439453,108.0,NULL
3113,6,6,0,6,89,2016-12-25 17:00:00,89.94727325439453,108.0,NULL
3114,6,6,0,6,90,2016-12-25 18:00:00,89.94727325439453,108.0,NULL
3115,6,6,0,6,91,2016-12-25 19:00:00,89.94727325439453,108.0,NULL
3116,6,6,0,6,92,2016-12-25 20:00:00,89.94727325439453,108.0,NULL
3117,6,6,0,6,93,2016-12-25 21:00:00,89.94727325439453,108.0,NULL
3118,6,6,0,6,94,2016-12-25 22:00:00,89.94727325439453,108.0,NULL
3119,6,6,0,6,95,2016-12-25 23:00:00,89.94727325439453,108.0,NULL
3120,6,6,0,6,96,2016-12-26 00:00:00,89.94727325439453,108.0,NULL
3121,6,6,0,6,97,2016-12-26 01:00:00,89.94727325439453,108.0,NULL
3122,6,6,0,6,98,2016-12-26 02:00:00,89.94727325439453,108.0,NULL
3123,6,6,0,6,99,2016-12-26 03:00:00,89.94727325439453,108.0,NULL
3124,6,6,0,6,100,2016-12-26 04:00:00,89.94727325439453,108.0,NULL
3125,6,6,0,6,101,2016-12-26 05:00:00,89.94727325439453,108.0,NULL
3126,6,6,0,6,102,2016-12-26 06:00:00,89.94727325439453,108.0,NULL
3127,6,6,0,6,103,2016-12-26 07:00:00,89.94727325439453,108.0,NULL
3128,6,6,0,6,104,2016-12-26 08:00:00,89.94727325439453,108.0,NULL
3129,6,6,0,6,105,2016-12-26 09:00:00,89.94727325439453,108.0,NULL
3130,6,6,0,6,106,2016-12-26 10:00:00,89.94727325439453,108.0,NULL
3131,6,6,0,6,107,2016-12-26 11:00:00,89.94727325439453,108.0,NULL
3132,6,6,0,6,108,2016-12-26 12:00:00,89.94727325439453,108.0,NULL
3133,6,6,0,6,109,2016-12-26 13:00:00,89.94727325439453,108.0,NULL
3134,6,6,0,6,110,2016-12-26 14:00:00,89.94727325439453,108.0,NULL
3135,6,6,0,6,111,2016-12-26 15:00:00,89.94727325439453,108.0,NULL
3136,6,6,0,6,112,2016-12-26 16:00:00,89.94727325439453,108.0,NULL
3137,6,6,0,6,113,2016-12-26 17:00:00,89.94727325439453,108.0,NULL
3138,6,6,0,6,114,2016-12-26 18:00:00,89.94727325439453,108.0,NULL
3139,6,6,0,6,115,2016-12-26 19:00:00,89.94727325439453,108.0,NULL
3140,6,6,0,6,116,2016-12-26 20:00:00,89.94727325439453,108.0,NULL
3141,6,6,0,6,117,2016-12-26 21:00:00,89.94727325439453,108.0,NULL
3142,6,6,0,6,118,2016-12-26 22:00:00,89.94727325439453,108.0,NULL
3143,6,6,0,6,119,2016-12-26 23:00:00,89.94727325439453,108.0,NULL
3144,6,6,0,6,120,2016-12-27 00:00:00,89.94727325439453,108.0,NULL
3145,6,6,0,6,121,2016-12-27 01:00:00,89.94727325439453,108.0,NULL
3146,6,6,0,6,122,2016-12-27 02:00:00,89.94727325439453,108.0,NULL
3147,6,6,0,6,123,2016-12-27 03:00:00,89.94727325439453,108.0,NULL
3148,6,6,0,6,124,2016-12-27 04:00:00,89.94727325439453,108.0,NULL
3149,6,6,0,6,125,2016-12-27 05:00:00,89.94727325439453,108.0,NULL
3150,6,6,0,6,126,2016-12-27 06:00:00,89.94727325439453,108.0,NULL
3151,6,6,0,6,127,2016-12-27 07:00:00,89.94727325439453,108.0,NULL
3152,6,6,0,6,128,2016-12-27 08:00:00,89.94727325439453,108.0,NULL
3153,6,6,0,6,129,2016-12-27 09:00:00,89.94727325439453,108.0,NULL
3154,6,6,0,6,130,2016-12-27 10:00:00,89.94727325439453,108.0,NULL
3155,6,6,0,6,131,2016-12-27 11:00:00,89.94727325439453,108.0,NULL
3156,6,6,0,6,132,2016-12-27 12:00:00,89.94727325439453,108.0,NULL
3157,6,6,0,6,133,2016-12-27 13:00:00,89.94727325439453,108.0,NULL
3158,6,6,0,6,134,2016-12-27 14:00:00,89.94727325439453,108.0,NULL
3159,6,6,0,6,135,2016-12-27 15:00:00,89.94727325439453,108.0,NULL
3160,6,6,0,6,136,2016-12-27 16:00:00,89.94727325439453,108.0,NULL
3161,6,6,0,6,137,2016-12-27 17:00:00,89.94727325439453,108.0,NULL
3162,6,6,0,6,138,2016-12-27 18:00:00,89.94727325439453,108.0,NULL
3163,6,6,0,6,139,2016-12-27 19:00:00,89.94727325439453,108.0,NULL
3164,6,6,0,6,140,2016-12-27 20:00:00,89.94727325439453,108.0,NULL
3165,6,6,0,6,141,2016-12-27 21:00:00,89.94727325439453,108.0,NULL
3166,6,6,0,6,142,2016-12-27 22:00:00,89.94727325439453,108.0,NULL
3167,6,6,0,6,143,2016-12-27 23:00:00,89.94727325439453,108.0,NULL
3168,6,6,0,6,144,2016-12-28 00:00:00,89.94727325439453,108.0,NULL
3169,6,6,0,6,145,2016-12-28 01:00:00,89.94727325439453,108.0,NULL
3170,6,6,0,6,146,2016-12-28 02:00:00,89.94727325439453,108.0,NULL
3171,6,6,0,6,147,2016-12-28 03:00:00,89.94727325439453,108.0,NULL
3172,6,6,0,6,148,2016-12-28 04:00:00,89.94727325439453,108.0,NULL
3173,6,6,0,6,149,2016-12-28 05:00:00,89.94727325439453,108.0,NULL
3174,6,6,0,6,150,2016-12-28 06:00:00,89.94727325439453,108.0,NULL
3175,6,6,0,6,151,2016-12-28 07:00:00,89.94727325439453,108.0,NULL
3176,6,6,0,6,152,2016-12-28 08:00:00,89.94727325439453,108.0,NULL
3177,6,6,0,6,153,2016-12-28 09:00:00,89.94727325439453,108.0,NULL
3178,6,6,0,6,154,2016-12-28 10:00:00,89.94727325439453,108.0,NULL
3179,6,6,0,6,155,2016-12-28 11:00:00,89.94727325439453,108.0,NULL
3180,6,6,0,6,156,2016-12-28 12:00:00,89.94727325439453,108.0,NULL
3181,6,6,0,6,157,2016-12-28 13:00:00,89.94727325439453,108.0,NULL
3182,6,6,0,6,158,2016-12-28 14:00:00,89.94727325439453,108.0,NULL
3183,6,6,0,6,159,2016-12-28 15:00:00,89.94727325439453,108.0,NULL
3184,6,6,0,6,160,2016-12-28 16:00:00,89.94727325439453,108.0,NULL
3185,6,6,0,6,161,2016-12-28 17:00:00,89.94727325439453,108.0,NULL
3186,6,6,0,6,162,2016-12-28 18:00:00,89.94727325439453,108.0,NULL
3187,6,6,0,6,163,2016-12-28 19:00:00,89.94727325439453,108.0,NULL
3188,6,6,0,6,164,2016-12-28 20:00:00,89.94727325439453,108.0,NULL
3189,6,6,0,6,165,2016-12-28 21:00:00,89.94727325439453,108.0,NULL
3190,6,6,0,6,166,2016-12-28 22:00:00,89.94727325439453,108.0,NULL
3191,6,6,0,6,167,2016-12-28 23:00:00,89.94727325439453,108.0,NULL
3192,6,6,0,6,168,2016-12-29 00:00:00,89.94727325439453,108.0,NULL
3193,6,6,0,6,169,2016-12-29 01:00:00,89.94727325439453,108.0,NULL
3194,6,6,0,6,170,2016-12-29 02:00:00,89.94727325439453,108.0,NULL
3195,6,6,0,6,171,2016-12-29 03:00:00,89.94727325439453,108.0,NULL
3196,6,6,0,6,172,2016-12-29 04:00:00,89.94727325439453,108.0,NULL
3197,6,6,0,6,173,2016-12-29 05:00:00,89.94727325439453,108.0,NULL
3198,6,6,0,6,174,2016-12-29 06:00:00,89.94727325439453,108.0,NULL
3199,6,6,0,6,175,2016-12-29 07:00:00,89.94727325439453,108.0,NULL
3200,6,6,0,6,176,2016-12-29 08:00:00,89.94727325439453,108.0,NULL
3201,6,6,0,6,177,2016-12-29 09:00:00,89.94727325439453,108.0,NULL
3202,6,6,0,6,178,2016-12-29 10:00:00,89.94727325439453,108.0,NULL
3203,6,6,0,6,179,2016-12-29 11:00:00,89.94727325439453,108.0,NULL
3204,6,6,0,6,180,2016-12-29 12:00:00,89.94727325439453,108.0,NULL
3205,6,6,0,6,181,2016-12-29 13:00:00,89.94727325439453,108.0,NULL
3206,6,6,0,6,182,2016-12-29 14:00:00,89.94727325439453,108.0,NULL
3207,6,6,0,6,183,2016-12-29 15:00:00,89.94727325439453,108.0,NULL
3208,6,6,0,6,184,2016-12-29 16:00:00,89.94727325439453,108.0,NULL
3209,6,6,0,6,185,2016-12-29 17:00:00,89.94727325439453,108.0,NULL
3210,6,6,0,6,186,2016-12-29 18:00:00,89.94727325439453,108.0,NULL
3211,6,6,0,6,187,2016-12-29 19:00:00,89.94727325439453,108.0,NULL
3212,6,6,0,6,188,2016-12-29 20:00:00,89.94727325439453,108.0,NULL
3213,6,6,0,6,189,2016-12-29 21:00:00,89.94727325439453,108.0,NULL
3214,6,6,0,6,190,2016-12-29 22:00:00,89.94727325439453,108.0,NULL
3215,6,6,0,6,191,2016-12-29 23:00:00,89.94727325439453,108.0,NULL
3216,6,6,0,6,192,2016-12-30 00:00:00,89.94727325439453,108.0,NULL
3217,6,6,0,6,193,2016-12-30 01:00:00,89.94727325439453,108.0,NULL
3218,6,6,0,6,194,2016-12-30 02:00:00,89.94727325439453,108.0,NULL
3219,6,6,0,6,195,2016-12-30 03:00:00,89.94727325439453,108.0,NULL
3220,6,6,0,6,196,2016-12-30 04:00:00,89.94727325439453,108.0,NULL
3221,6,6,0,6,197,2016-12-30 05:00:00,89.94727325439453,108.0,NULL
3222,6,6,0,6,198,2016-12-30 06:00:00,89.94727325439453,108.0,NULL
3223,6,6,0,6,199,2016-12-30 07:00:00,89.94727325439453,108.0,NULL
3224,6,6,0,6,200,2016-12-30 08:00:00,89.94727325439453,108.0,NULL
3225,6,6,0,6,201,2016-12-30 09:00:00,89.94727325439453,108.0,NULL
3226,6,6,0,6,202,2016-12-30 10:00:00,89.94727325439453,108.0,NULL
3227,6,6,0,6,203,2016-12-30 11:00:00,89.94727325439453,108.0,NULL
3228,6,6,0,6,204,2016-12-30 12:00:00,89.94727325439453,108.0,NULL
3229,6,6,0,6,205,2016-12-30 13:00:00,89.94727325439453,108.0,NULL
3230,6,6,0,6,206,2016-12-30 14:00:00,89.94727325439453,108.0,NULL
3231,6,6,0,6,207,2016-12-30 15:00:00,89.94727325439453,108.0,NULL
3232,6,6,0,6,208,2016-12-30 16:00:00,89.94727325439453,108.0,NULL
3233,6,6,0,6,209,2016-12-30 17:00:00,89.94727325439453,108.0,NULL
3234,6,6,0,6,210,2016-12-30 18:00:00,89.94727325439453,108.0,NULL
3235,6,6,0,6,211,2016-12-30 19:00:00,89.94727325439453,108.0,NULL
3236,6,6,0,6,212,2016-12-30 20:00:00,89.94727325439453,108.0,NULL
3237,6,6,0,6,213,2016-12-30 21:00:00,89.94727325439453,108.0,NULL
3238,6,6,0,6,214,2016-12-30 22:00:00,89.94727325439453,108.0,NULL
3239,6,6,0,6,215,2016-12-30 23:00:00,89.94727325439453,108.0,NULL
3240,6,6,0,6,216,2016-12-31 00:00:00,89.94727325439453,108.0,NULL
3241,6,6,0,6,217,2016-12-31 01:00:00,89.94727325439453,108.0,-21.15
3242,6,6,0,6,218,2016-12-31 02:00:00,89.94727325439453,108.0,-21.05
3243,6,6,0,6,219,2016-12-31 03:00:00,89.94727325439453,108.0,-20.85
3244,6,6,0,6,220,2016-12-31 04:00:00,89.94727325439453,108.0,-20.6
3245,6,6,0,6,221,2016-12-31 05:00:00,89.94727325439453,108.0,-20.35
3246,6,6,0,6,222,2016-12-31 06:00:00,89.94727325439453,108.0,-20.05
3247,6,6,0,6,223,2016-12-31 07:00:00,89.94727325439453,108.0,-19.8
3248,6,6,0,6,224,2016-12-31 08:00:00,89.94727325439453,108.0,-19.6
3249,6,6,0,6,225,2016-12-31 09:00:00,89.94727325439453,108.0,-19.3
3250,6,6,0,6,226,2016-12-31 10:00:00,89.94727325439453,108.0,-19.05
3251,6,6,0,6,227,2016-12-31 11:00:00,89.94727325439453,108.0,-18.9
3252,6,6,0,6,228,2016-12-31 12:00:00,89.94727325439453,108.0,-19.0
3253,6,6,0,6,229,2016-12-31 13:00:00,89.94727325439453,108.0,-20.15
3254,6,6,0,6,230,2016-12-31 14:00:00,89.94727325439453,108.0,-19.95
3255,6,6,0,6,231,2016-12-31 15:00:00,89.94727325439453,108.0,-19.7
3256,6,6,0,6,232,2016-12-31 16:00:00,89.94727325439453,108.0,-19.7
3257,6,6,0,6,233,2016-12-31 17:00:00,89.94727325439453,108.0,-19.6
3258,6,6,0,6,234,2016-12-31 18:00:00,89.94727325439453,108.0,-19.7
3259,6,6,0,6,235,2016-12-31 19:00:00,89.94727325439453,108.0,-19.75
3260,6,6,0,6,236,2016-12-31 20:00:00,89.94727325439453,108.0,-19.85
3261,6,6,0,6,237,2016-12-31 21:00:00,89.94727325439453,108.0,-19.8
3262,6,6,0,6,238,2016-12-31 22:00:00,89.94727325439453,108.0,-19.65
3263,6,6,0,6,239,2016-12-31 23:00:00,89.94727325439453,108.0,-19.5
3264,6,6,0,6,240,2017-01-01 00:00:00,89.94727325439453,108.0,-19.25
3265,6,6,0,6,241,2017-01-01 01:00:00,89.94727325439453,108.0,-18.9
3266,6,6,0,6,242,2017-01-01 02:00:00,89.94727325439453,108.0,-18.6
3267,6,6,0,6,243,2017-01-01 03:00:00,89.94727325439453,108.0,-18.3
3268,6,6,0,6,244,2017-01-01 04:00:00,89.94727325439453,108.0,-18.25
3269,6,6,0,6,245,2017-01-01 05:00:00,89.94727325439453,108.0,-18.3
3270,6,6,0,6,246,2017-01-01 06:00:00,89.94727325439453,108.0,-18.6
3271,6,6,0,6,247,2017-01-01 07:00:00,89.94727325439453,108.0,-19.15
3272,6,6,0,6,248,2017-01-01 08:00:00,89.94727325439453,108.0,-19.3
3273,6,6,0,6,249,2017-01-01 09:00:00,89.94727325439453,108.0,-19.45
3274,6,6,0,6,250,2017-01-01 10:00:00,89.94727325439453,108.0,-19.45
3275,6,6,0,6,251,2017-01-01 11:00:00,89.94727325439453,108.0,-19.6
3276,6,6,0,6,252,2017-01-01 12:00:00,89.94727325439453,108.0,-19.8
3277,6,6,0,6,253,2017-01-01 13:00:00,89.94727325439453,108.0,-21.35
3278,6,6,0,6,254,2017-01-01 14:00:00,89.94727325439453,108.0,-21.55
3279,6,6,0,6,255,2017-01-01 15:00:00,89.94727325439453,108.0,-21.75
3280,6,6,0,6,256,2017-01-01 16:00:00,89.94727325439453,108.0,-22.0
3281,6,6,0,6,257,2017-01-01 17:00:00,89.94727325439453,108.0,-22.35
3282,6,6,0,6,258,2017-01-01 18:00:00,89.94727325439453,108.0,-22.6
3283,6,6,0,6,259,2017-01-01 19:00:00,89.94727325439453,108.0,-22.65
3284,6,6,0,6,260,2017-01-01 20:00:00,89.94727325439453,108.0,-22.35
3285,6,6,0,6,261,2017-01-01 21:00:00,89.94727325439453,108.0,-21.65
3286,6,6,0,6,262,2017-01-01 22:00:00,89.94727325439453,108.0,-20.7
3287,6,6,0,6,263,2017-01-01 23:00:00,89.94727325439453,108.0,-20.25
3288,6,6,0,6,264,2017-01-02 00:00:00,89.94727325439453,108.0,-20.4
3289,6,6,0,6,265,2017-01-02 01:00:00,89.94727325439453,108.0,NULL
3290,6,6,0,6,266,2017-01-02 02:00:00,89.94727325439453,108.0,NULL
3291,6,6,0,6,267,2017-01-02 03:00:00,89.94727325439453,108.0,NULL
3292,6,6,0,6,268,2017-01-02 04:00:00,89.94727325439453,108.0,NULL
3293,6,6,0,6,269,2017-01-02 05:00:00,89.94727325439453,108.0,NULL
3294,6,6,0,6,270,2017-01-02 06:00:00,89.94727325439453,108.0,NULL
3295,6,6,0,6,271,2017-01-02 07:00:00,89.94727325439453,108.0,NULL
3296,6,6,0,6,272,2017-01-02 08:00:00,89.94727325439453,108.0,NULL
3297,6,6,0,6,273,2017-01-02 09:00:00,89.94727325439453,108.0,NULL
3298,6,6,0,6,274,2017-01-02 10:00:00,89.94727325439453,108.0,NULL
3299,6,6,0,6,275,2017-01-02 11:00:00,89.94727325439453,108.0,NULL
3300,6,6,0,6,276,2017-01-02 12:00:00,89.94727325439453,108.0,NULL
3301,6,6,0,6,277,2017-01-02 13:00:00,89.94727325439453,108.0,NULL
3302,6,6,0,6,278,2017-01-02 14:00:00,89.94727325439453,108.0,NULL
3303,6,6,0,6,279,2017-01-02 15:00:00,89.94727325439453,108.0,NULL
3304,6,6,0,6,280,2017-01-02 16:00:00,89.94727325439453,108.0,NULL
3305,6,6,0,6,281,2017-01-02 17:00:00,89.94727325439453,108.0,NULL
3306,6,6,0,6,282,2017-01-02 18:00:00,89.94727325439453,108.0,NULL
3307,6,6,0,6,283,2017-01-02 19:00:00,89.94727325439453,108.0,NULL
3308,6,6,0,6,284,2017-01-02 20:00:00,89.94727325439453,108.0,NULL
3309,6,6,0,6,285,2017-01-02 21:00:00,89.94727325439453,108.0,NULL
3310,6,6,0,6,286,2017-01-02 22:00:00,89.94727325439453,108.0,NULL
3311,6,6,0,6,287,2017-01-02 23:00:00,89.94727325439453,108.0,NULL
3312,6,6,0,6,288,2017-01-03 00:00:00,89.94727325439453,108.0,NULL
3313,6,6,0,6,289,2017-01-03 01:00:00,89.94727325439453,108.0,NULL
3314,6,6,0,6,290,2017-01-03 02:00:00,89.94727325439453,108.0,NULL
3315,6,6,0,6,291,2017-01-03 03:00:00,89.94727325439453,108.0,NULL
3316,6,6,0,6,292,2017-01-03 04:00:00,89.94727325439453,108.0,NULL
3317,6,6,0,6,293,2017-01-03 05:00:00,89.94727325439453,108.0,NULL
3318,6,6,0,6,294,2017-01-03 06:00:00,89.94727325439453,108.0,NULL
3319,6,6,0,6,295,2017-01-03 07:00:00,89.94727325439453,108.0,NULL
3320,6,6,0,6,296,2017-01-03 08:00:00,89.94727325439453,108.0,NULL
3321,6,6,0,6,297,2017-01-03 09:00:00,89.94727325439453,108.0,NULL
3322,6,6,0,6,298,2017-01-03 10:00:00,89.94727325439453,108.0,NULL
3323,6,6,0,6,299,2017-01-03 11:00:00,89.94727325439453,108.0,NULL
3324,6,6,0,6,300,2017-01-03 12:00:00,89.94727325439453,108.0,NULL
3325,6,6,0,6,301,2017-01-03 13:00:00,89.94727325439453,108.0,NULL
3326,6,6,0,6,302,2017-01-03 14:00:00,89.94727325439453,108.0,NULL
3327,6,6,0,6,303,2017-01-03 15:00:00,89.94727325439453,108.0,NULL
3328,6,6,0,6,304,2017-01-03 16:00:00,89.94727325439453,108.0,NULL
3329,6,6,0,6,305,2017-01-03 17:00:00,89.94727325439453,108.0,NULL
3330,6,6,0,6,306,2017-01-03 18:00:00,89.94727325439453,108.0,NULL
3331,6,6,0,6,307,2017-01-03 19:00:00,89.94727325439453,108.0,NULL
3332,6,6,0,6,308,2017-01-03 20:00:00,89.94727325439453,108.0,NULL
3333,6,6,0,6,309,2017-01-03 21:00:00,89.94727325439453,108.0,NULL
3334,6,6,0,6,310,2017-01-03 22:00:00,89.94727325439453,108.0,NULL
3335,6,6,0,6,311,2017-01-03 23:00:00,89.94727325439453,108.0,NULL
3336,6,6,0,6,312,2017-01-04 00:00:00,89.94727325439453,108.0,NULL
3337,6,6,0,6,313,2017-01-04 01:00:00,89.94727325439453,108.0,NULL
3338,6,6,0,6,314,2017-01-04 02:00:00,89.94727325439453,108.0,NULL
3339,6,6,0,6,315,2017-01-04 03:00:00,89.94727325439453,108.0,NULL
3340,6,6,0,6,316,2017-01-04 04:00:00,89.94727325439453,108.0,NULL
3341,6,6,0,6,317,2017-01-04 05:00:00,89.94727325439453,108.0,NULL
3342,6,6,0,6,318,2017-01-04 06:00:00,89.94727325439453,108.0,NULL
3343,6,6,0,6,319,2017-01-04 07:00:00,89.94727325439453,108.0,NULL
3344,6,6,0,6,320,2017-01-04 08:00:00,89.94727325439453,108.0,NULL
3345,6,6,0,6,321,2017-01-04 09:00:00,89.94727325439453,108.0,NULL
3346,6,6,0,6,322,2017-01-04 10:00:00,89.94727325439453,108.0,NULL
3347,6,6,0,6,323,2017-01-04 11:00:00,89.94727325439453,108.0,NULL
3348,6,6,0,6,324,2017-01-04 12:00:00,89.94727325439453,108.0,NULL
3349,6,6,0,6,325,2017-01-04 13:00:00,89.94727325439453,108.0,NULL
3350,6,6,0,6,326,2017-01-04 14:00:00,89.94727325439453,108.0,NULL
3351,6,6,0,6,327,2017-01-04 15:00:00,89.94727325439453,108.0,NULL
3352,6,6,0,6,328,2017-01-04 16:00:00,89.94727325439453,108.0,NULL
3353,6,6,0,6,329,2017-01-04 17:00:00,89.94727325439453,108.0,NULL
3354,6,6,0,6,330,2017-01-04 18:00:00,89.94727325439453,108.0,NULL
3355,6,6,0,6,331,2017-01-04 19:00:00,89.94727325439453,108.0,NULL
3356,6,6,0,6,332,2017-01-04 20:00:00,89.94727325439453,108.0,NULL
3357,6,6,0,6,333,2017-01-04 21:00:00,89.94727325439453,108.0,NULL
3358,6,6,0,6,334,2017-01-04 22:00:00,89.94727325439453,108.0,NULL
3359,6,6,0,6,335,2017-01-04 23:00:00,89.94727325439453,108.0,NULL
3360,6,6,0,6,336,2017-01-05 00:00:00,89.94727325439453,108.0,NULL
3361,6,6,0,6,337,2017-01-05 01:00:00,89.94727325439453,108.0,NULL
3362,6,6,0,6,338,2017-01-05 02:00:00,89.94727325439453,108.0,NULL
3363,6,6,0,6,339,2017-01-05 03:00:00,89.94727325439453,108.0,NULL
3364,6,6,0,6,340,2017-01-05 04:00:00,89.94727325439453,108.0,NULL
3365,6,6,0,6,341,2017-01-05 05:00:00,89.94727325439453,108.0,NULL
3366,6,6,0,6,342,2017-01-05 06:00:00,89.94727325439453,108.0,NULL
3367,6,6,0,6,343,2017-01-05 07:00:00,89.94727325439453,108.0,NULL
3368,6,6,0,6,344,2017-01-05 08:00:00,89.94727325439453,108.0,NULL
3369,6,6,0,6,345,2017-01-05 09:00:00,89.94727325439453,108.0,NULL
3370,6,6,0,6,346,2017-01-05 10:00:00,89.94727325439453,108.0,NULL
3371,6,6,0,6,347,2017-01-05 11:00:00,89.94727325439453,108.0,NULL
3372,6,6,0,6,348,2017-01-05 12:00:00,89.94727325439453,108.0,NULL
3373,6,6,0,6,349,2017-01-05 13:00:00,89.94727325439453,108.0,NULL
3374,6,6,0,6,350,2017-01-05 14:00:00,89.94727325439453,108.0,NULL
3375,6,6,0,6,351,2017-01-05 15:00:00,89.94727325439453,108.0,NULL
3376,6,6,0,6,352,2017-01-05 16:00:00,89.94727325439453,108.0,NULL
3377,6,6,0,6,353,2017-01-05 17:00:00,89.94727325439453,108.0,NULL
3378,6,6,0,6,354,2017-01-05 18:00:00,89.94727325439453,108.0,NULL
3379,6,6,0,6,355,2017-01-05 19:00:00,89.94727325439453,108.0,NULL
3380,6,6,0,6,356,2017-01-05 20:00:00,89.94727325439453,108.0,NULL
3381,6,6,0,6,357,2017-01-05 21:00:00,89.94727325439453,108.0,NULL
3382,6,6,0,6,358,2017-01-05 22:00:00,89.94727325439453,108.0,NULL
3383,6,6,0,6,359,2017-01-05 23:00:00,89.94727325439453,108.0,NULL
3384,6,6,0,6,360,2017-01-06 00:00:00,89.94727325439453,108.0,NULL
3385,6,6,0,6,361,2017-01-06 01:00:00,89.94727325439453,108.0,NULL
3386,6,6,0,6,362,2017-01-06 02:00:00,89.94727325439453,108.0,NULL
3387,6,6,0,6,363,2017-01-06 03:00:00,89.94727325439453,108.0,NULL
3388,6,6,0,6,364,2017-01-06 04:00:00,89.94727325439453,108.0,NULL
3389,6,6,0,6,365,2017-01-06 05:00:00,89.94727325439453,108.0,NULL
3390,6,6,0,6,366,2017-01-06 06:00:00,89.94727325439453,108.0,NULL
3391,6,6,0,6,367,2017-01-06 07:00:00,89.94727325439453,108.0,NULL
3392,6,6,0,6,368,2017-01-06 08:00:00,89.94727325439453,108.0,NULL
3393,6,6,0,6,369,2017-01-06 09:00:00,89.94727325439453,108.0,NULL
3394,6,6,0,6,370,2017-01-06 10:00:00,89.94727325439453,108.0,NULL
3395,6,6,0,6,371,2017-01-06 11:00:00,89.94727325439453,108.0,NULL
3396,6,6,0,6,372,2017-01-06 12:00:00,89.94727325439453,108.0,NULL
3397,6,6,0,6,373,2017-01-06 13:00:00,89.94727325439453,108.0,NULL
3398,6,6,0,6,374,2017-01-06 14:00:00,89.94727325439453,108.0,NULL
3399,6,6,0,6,375,2017-01-06 15:00:00,89.94727325439453,108.0,NULL
3400,6,6,0,6,376,2017-01-06 16:00:00,89.94727325439453,108.0,NULL
3401,6,6,0,6,377,2017-01-06 17:00:00,89.94727325439453,108.0,NULL
3402,6,6,0,6,378,2017-01-06 18:00:00,89.94727325439453,108.0,NULL
3403,6,6,0,6,379,2017-01-06 19:00:00,89.94727325439453,108.0,NULL
3404,6,6,0,6,380,2017-01-06 20:00:00,89.94727325439453,108.0,NULL
3405,6,6,0,6,381,2017-01-06 21:00:00,89.94727325439453,108.0,NULL
3406,6,6,0,6,382,2017-01-06 22:00:00,89.94727325439453,108.0,NULL
3407,6,6,0,6,383,2017-01-06 23:00:00,89.94727325439453,108.0,NULL
3408,6,6,0,6,384,2017-01-07 00:00:00,89.94727325439453,108.0,NULL
3409,6,6,0,6,385,2017-01-07 01:00:00,89.94727325439453,108.0,NULL
3410,6,6,0,6,386,2017-01-07 02:00:00,89.94727325439453,108.0,NULL
3411,6,6,0,6,387,2017-01-07 03:00:00,89.94727325439453,108.0,NULL
3412,6,6,0,6,388,2017-01-07 04:00:00,89.94727325439453,108.0,NULL
3413,6,6,0,6,389,2017-01-07 05:00:00,89.94727325439453,108.0,NULL
3414,6,6,0,6,390,2017-01-07 06:00:00,89.94727325439453,108.0,NULL
3415,6,6,0,6,391,2017-01-07 07:00:00,89.94727325439453,108.0,NULL
3416,6,6,0,6,392,2017-01-07 08:00:00,89.94727325439453,108.0,NULL
3417,6,6,0,6,393,2017-01-07 09:00:00,89.94727325439453,108.0,NULL
3418,6,6,0,6,394,2017-01-07 10:00:00,89.94727325439453,108.0,NULL
3419,6,6,0,6,395,2017-01-07 11:00:00,89.94727325439453,108.0,NULL
3420,6,6,0,6,396,2017-01-07 12:00:00,89.94727325439453,108.0,NULL
3421,6,6,0,6,397,2017-01-07 13:00:00,89.94727325439453,108.0,NULL
3422,6,6,0,6,398,2017-01-07 14:00:00,89.94727325439453,108.0,NULL
3423,6,6,0,6,399,2017-01-07 15:00:00,89.94727325439453,108.0,NULL
3424,6,6,0,6,400,2017-01-07 16:00:00,89.94727325439453,108.0,NULL
3425,6,6,0,6,401,2017-01-07 17:00:00,89.94727325439453,108.0,NULL
3426,6,6,0,6,402,2017-01-07 18:00:00,89.94727325439453,108.0,NULL
3427,6,6,0,6,403,2017-01-07 19:00:00,89.94727325439453,108.0,NULL
3428,6,6,0,6,404,2017-01-07 20:00:00,89.94727325439453,108.0,NULL
3429,6,6,0,6,405,2017-01-07 21:00:00,89.94727325439453,108.0,NULL
3430,6,6,0,6,406,2017-01-07 22:00:00,89.94727325439453,108.0,NULL
3431,6,6,0,6,407,2017-01-07 23:00:00,89.94727325439453,108.0,NULL
3432,6,6,0,6,408,2017-01-08 00:00:00,89.94727325439453,108.0,NULL
3433,6,6,0,6,409,2017-01-08 01:00:00,89.94727325439453,108.0,NULL
3434,6,6,0,6,410,2017-01-08 02:00:00,89.94727325439453,108.0,NULL
3435,6,6,0,6,411,2017-01-08 03:00:00,89.94727325439453,108.0,NULL
3436,6,6,0,6,412,2017-01-08 04:00:00,89.94727325439453,108.0,NULL
3437,6,6,0,6,413,2017-01-08 05:00:00,89.94727325439453,108.0,NULL
3438,6,6,0,6,414,2017-01-08 06:00:00,89.94727325439453,108.0,NULL
3439,6,6,0,6,415,2017-01-08 07:00:00,89.94727325439453,108.0,NULL
3440,6,6,0,6,416,2017-01-08 08:00:00,89.94727325439453,108.0,NULL
3441,6,6,0,6,417,2017-01-08 09:00:00,89.94727325439453,108.0,NULL
3442,6,6,0,6,418,2017-01-08 10:00:00,89.94727325439453,108.0,NULL
3443,6,6,0,6,419,2017-01-08 11:00:00,89.94727325439453,108.0,NULL
3444,6,6,0,6,420,2017-01-08 12:00:00,89.94727325439453,108.0,NULL
3445,6,6,0,6,421,2017-01-08 13:00:00,89.94727325439453,108.0,NULL
3446,6,6,0,6,422,2017-01-08 14:00:00,89.94727325439453,108.0,NULL
3447,6,6,0,6,423,2017-01-08 15:00:00,89.94727325439453,108.0,NULL
3448,6,6,0,6,424,2017-01-08 16:00:00,89.94727325439453,108.0,NULL
3449,6,6,0,6,425,2017-01-08 17:00:00,89.94727325439453,108.0,NULL
3450,6,6,0,6,426,2017-01-08 18:00:00,89.94727325439453,108.0,NULL
3451,6,6,0,6,427,2017-01-08 19:00:00,89.94727325439453,108.0,NULL
3452,6,6,0,6,428,2017-01-08 20:00:00,89.94727325439453,108.0,NULL
3453,6,6,0,6,429,2017-01-08 21:00:00,89.94727325439453,108.0,NULL
3454,6,6,0,6,430,2017-01-08 22:00:00,89.94727325439453,108.0,NULL
3455,6,6,0,6,431,2017-01-08 23:00:00,89.94727325439453,108.0,NULL
3456,6,6,0,6,432,2017-01-09 00:00:00,89.94727325439453,108.0,NULL
3457,6,6,0,6,433,2017-01-09 01:00:00,89.94727325439453,108.0,NULL
3458,6,6,0,6,434,2017-01-09 02:00:00,89.94727325439453,108.0,NULL
3459,6,6,0,6,435,2017-01-09 03:00:00,89.94727325439453,108.0,NULL
3460,6,6,0,6,436,2017-01-09 04:00:00,89.94727325439453,108.0,NULL
3461,6,6,0,6,437,2017-01-09 05:00:00,89.94727325439453,108.0,NULL
3462,6,6,0,6,438,2017-01-09 06:00:00,89.94727325439453,108.0,NULL
3463,6,6,0,6,439,2017-01-09 07:00:00,89.94727325439453,108.0,NULL
3464,6,6,0,6,440,2017-01-09 08:00:00,89.94727325439453,108.0,NULL
3465,6,6,0,6,441,2017-01-09 09:00:00,89.94727325439453,108.0,NULL
3466,6,6,0,6,442,2017-01-09 10:00:00,89.94727325439453,108.0,NULL
3467,6,6,0,6,443,2017-01-09 11:00:00,89.94727325439453,108.0,NULL
3468,6,6,0,6,444,2017-01-09 12:00:00,89.94727325439453,108.0,NULL
3469,6,6,0,6,445,2017-01-09 13:00:00,89.94727325439453,108.0,NULL
3470,6,6,0,6,446,2017-01-09 14:00:00,89.94727325439453,108.0,NULL
3471,6,6,0,6,447,2017-01-09 15:00:00,89.94727325439453,108.0,NULL
3472,6,6,0,6,448,2017-01-09 16:00:00,89.94727325439453,108.0,NULL
3473,6,6,0,6,449,2017-01-09 17:00:00,89.94727325439453,108.0,NULL
3474,6,6,0,6,450,2017-01-09 18:00:00,89.94727325439453,108.0,NULL
3475,6,6,0,6,451,2017-01-09 19:00:00,89.94727325439453,108.0,NULL
3476,6,6,0,6,452,2017-01-09 20:00:00,89.94727325439453,108.0,NULL
3477,6,6,0,6,453,2017-01-09 21:00:00,89.94727325439453,108.0,NULL
3478,6,6,0,6,454,2017-01-09 22:00:00,89.94727325439453,108.0,NULL
3479,6,6,0,6,455,2017-01-09 23:00:00,89.94727325439453,108.0,NULL
3480,6,6,0,6,456,2017-01-10 00:00:00,89.94727325439453,108.0,NULL
3481,6,6,0,6,457,2017-01-10 01:00:00,89.94727325439453,108.0,NULL
3482,6,6,0,6,458,2017-01-10 02:00:00,89.94727325439453,108.0,NULL
3483,6,6,0,6,459,2017-01-10 03:00:00,89.94727325439453,108.0,NULL
3484,6,6,0,6,460,2017-01-10 04:00:00,89.94727325439453,108.0,NULL
3485,6,6,0,6,461,2017-01-10 05:00:00,89.94727325439453,108.0,NULL
3486,6,6,0,6,462,2017-01-10 06:00:00,89.94727325439453,108.0,NULL
3487,6,6,0,6,463,2017-01-10 07:00:00,89.94727325439453,108.0,NULL
3488,6,6,0,6,464,2017-01-10 08:00:00,89.94727325439453,108.0,NULL
3489,6,6,0,6,465,2017-01-10 09:00:00,89.94727325439453,108.0,NULL
3490,6,6,0,6,466,2017-01-10 10:00:00,89.94727325439453,108.0,NULL
3491,6,6,0,6,467,2017-01-10 11:00:00,89.94727325439453,108.0,NULL
3492,6,6,0,6,468,2017-01-10 12:00:00,89.94727325439453,108.0,NULL
3493,6,6,0,6,469,2017-01-10 13:00:00,89.94727325439453,108.0,NULL
3494,6,6,0,6,470,2017-01-10 14:00:00,89.94727325439453,108.0,NULL
3495,6,6,0,6,471,2017-01-10 15:00:00,89.94727325439453,108.0,NULL
3496,6,6,0,6,472,2017-01-10 16:00:00,89.94727325439453,108.0,NULL
3497,6,6,0,6,473,2017-01-10 17:00:00,89.94727325439453,108.0,NULL
3498,6,6,0,6,474,2017-01-10 18:00:00,89.94727325439453,108.0,NULL
3499,6,6,0,6,475,2017-01-10 19:00:00,89.94727325439453,108.0,NULL
3500,6,6,0,6,476,2017-01-10 20:00:00,89.94727325439453,108.0,NULL
3501,6,6,0,6,477,2017-01-10 21:00:00,89.94727325439453,108.0,NULL
3502,6,6,0,6,478,2017-01-10 22:00:00,89.94727325439453,108.0,NULL
3503,6,6,0,6,479,2017-01-10 23:00:00,89.94727325439453,108.0,NULL
3504,6,6,0,6,480,2017-01-11 00:00:00,89.94727325439453,108.0,NULL
3505,6,6,0,6,481,2017-01-11 01:00:00,89.94727325439453,108.0,NULL
3506,6,6,0,6,482,2017-01-11 02:00:00,89.94727325439453,108.0,NULL
3507,6,6,0,6,483,2017-01-11 03:00:00,89.94727325439453,108.0,NULL
3508,6,6,0,6,484,2017-01-11 04:00:00,89.94727325439453,108.0,NULL
3509,6,6,0,6,485,2017-01-11 05:00:00,89.94727325439453,108.0,NULL
3510,6,6,0,6,486,2017-01-11 06:00:00,89.94727325439453,108.0,NULL
3511,6,6,0,6,487,2017-01-11 07:00:00,89.94727325439453,108.0,NULL
3512,6,6,0,6,488,2017-01-11 08:00:00,89.94727325439453,108.0,NULL
3513,6,6,0,6,489,2017-01-11 09:00:00,89.94727325439453,108.0,NULL
3514,6,6,0,6,490,2017-01-11 10:00:00,89.94727325439453,108.0,NULL
3515,6,6,0,6,491,2017-01-11 11:00:00,89.94727325439453,108.0,NULL
3516,6,6,0,6,492,2017-01-11 12:00:00,89.94727325439453,108.0,NULL
3517,6,6,0,6,493,2017-01-11 13:00:00,89.94727325439453,108.0,NULL
3518,6,6,0,6,494,2017-01-11 14:00:00,89.94727325439453,108.0,NULL
3519,6,6,0,6,495,2017-01-11 15:00:00,89.94727325439453,108.0,NULL
3520,6,6,0,6,496,2017-01-11 16:00:00,89.94727325439453,108.0,NULL
3521,6,6,0,6,497,2017-01-11 17:00:00,89.94727325439453,108.0,NULL
3522,6,6,0,6,498,2017-01-11 18:00:00,89.94727325439453,108.0,NULL
3523,6,6,0,6,499,2017-01-11 19:00:00,89.94727325439453,108.0,NULL
3524,6,6,0,6,500,2017-01-11 20:00:00,89.94727325439453,108.0,NULL
3525,6,6,0,6,501,2017-01-11 21:00:00,89.94727325439453,108.0,NULL
3526,6,6,0,6,502,2017-01-11 22:00:00,89.94727325439453,108.0,NULL
3527,6,6,0,6,503,2017-01-11 23:00:00,89.94727325439453,108.0,NULL
3528,7,7,0,7,0,2016-12-22 00:00:00,89.94727325439453,126.0,NULL
3529,7,7,0,7,1,2016-12-22 01:00:00,89.94727325439453,126.0,NULL
3530,7,7,0,7,2,2016-12-22 02:00:00,89.94727325439453,126.0,NULL
3531,7,7,0,7,3,2016-12-22 03:00:00,89.94727325439453,126.0,NULL
3532,7,7,0,7,4,2016-12-22 04:00:00,89.94727325439453,126.0,NULL
3533,7,7,0,7,5,2016-12-22 05:00:00,89.94727325439453,126.0,NULL
3534,7,7,0,7,6,2016-12-22 06:00:00,89.94727325439453,126.0,NULL
3535,7,7,0,7,7,2016-12-22 07:00:00,89.94727325439453,126.0,NULL
3536,7,7,0,7,8,2016-12-22 08:00:00,89.94727325439453,126.0,NULL
3537,7,7,0,7,9,2016-12-22 09:00:00,89.94727325439453,126.0,NULL
3538,7,7,0,7,10,2016-12-22 10:00:00,89.94727325439453,126.0,NULL
3539,7,7,0,7,11,2016-12-22 11:00:00,89.94727325439453,126.0,NULL
3540,7,7,0,7,12,2016-12-22 12:00:00,89.94727325439453,126.0,NULL
3541,7,7,0,7,13,2016-12-22 13:00:00,89.94727325439453,126.0,NULL
3542,7,7,0,7,14,2016-12-22 14:00:00,89.94727325439453,126.0,NULL
3543,7,7,0,7,15,2016-12-22 15:00:00,89.94727325439453,126.0,NULL
3544,7,7,0,7,16,2016-12-22 16:00:00,89.94727325439453,126.0,NULL
3545,7,7,0,7,17,2016-12-22 17:00:00,89.94727325439453,126.0,NULL
3546,7,7,0,7,18,2016-12-22 18:00:00,89.94727325439453,126.0,NULL
3547,7,7,0,7,19,2016-12-22 19:00:00,89.94727325439453,126.0,NULL
3548,7,7,0,7,20,2016-12-22 20:00:00,89.94727325439453,126.0,NULL
3549,7,7,0,7,21,2016-12-22 21:00:00,89.94727325439453,126.0,NULL
3550,7,7,0,7,22,2016-12-22 22:00:00,89.94727325439453,126.0,NULL
3551,7,7,0,7,23,2016-12-22 23:00:00,89.94727325439453,126.0,NULL
3552,7,7,0,7,24,2016-12-23 00:00:00,89.94727325439453,126.0,NULL
3553,7,7,0,7,25,2016-12-23 01:00:00,89.94727325439453,126.0,NULL
3554,7,7,0,7,26,2016-12-23 02:00:00,89.94727325439453,126.0,NULL
3555,7,7,0,7,27,2016-12-23 03:00:00,89.94727325439453,126.0,NULL
3556,7,7,0,7,28,2016-12-23 04:00:00,89.94727325439453,126.0,NULL
3557,7,7,0,7,29,2016-12-23 05:00:00,89.94727325439453,126.0,NULL
3558,7,7,0,7,30,2016-12-23 06:00:00,89.94727325439453,126.0,NULL
3559,7,7,0,7,31,2016-12-23 07:00:00,89.94727325439453,126.0,NULL
3560,7,7,0,7,32,2016-12-23 08:00:00,89.94727325439453,126.0,NULL
3561,7,7,0,7,33,2016-12-23 09:00:00,89.94727325439453,126.0,NULL
3562,7,7,0,7,34,2016-12-23 10:00:00,89.94727325439453,126.0,NULL
3563,7,7,0,7,35,2016-12-23 11:00:00,89.94727325439453,126.0,NULL
3564,7,7,0,7,36,2016-12-23 12:00:00,89.94727325439453,126.0,NULL
3565,7,7,0,7,37,2016-12-23 13:00:00,89.94727325439453,126.0,NULL
3566,7,7,0,7,38,2016-12-23 14:00:00,89.94727325439453,126.0,NULL
3567,7,7,0,7,39,2016-12-23 15:00:00,89.94727325439453,126.0,NULL
3568,7,7,0,7,40,2016-12-23 16:00:00,89.94727325439453,126.0,NULL
3569,7,7,0,7,41,2016-12-23 17:00:00,89.94727325439453,126.0,NULL
3570,7,7,0,7,42,2016-12-23 18:00:00,89.94727325439453,126.0,NULL
3571,7,7,0,7,43,2016-12-23 19:00:00,89.94727325439453,126.0,NULL
3572,7,7,0,7,44,2016-12-23 20:00:00,89.94727325439453,126.0,NULL
3573,7,7,0,7,45,2016-12-23 21:00:00,89.94727325439453,126.0,NULL
3574,7,7,0,7,46,2016-12-23 22:00:00,89.94727325439453,126.0,NULL
3575,7,7,0,7,47,2016-12-23 23:00:00,89.94727325439453,126.0,NULL
3576,7,7,0,7,48,2016-12-24 00:00:00,89.94727325439453,126.0,NULL
3577,7,7,0,7,49,2016-12-24 01:00:00,89.94727325439453,126.0,NULL
3578,7,7,0,7,50,2016-12-24 02:00:00,89.94727325439453,126.0,NULL
3579,7,7,0,7,51,2016-12-24 03:00:00,89.94727325439453,126.0,NULL
3580,7,7,0,7,52,2016-12-24 04:00:00,89.94727325439453,126.0,NULL
3581,7,7,0,7,53,2016-12-24 05:00:00,89.94727325439453,126.0,NULL
3582,7,7,0,7,54,2016-12-24 06:00:00,89.94727325439453,126.0,NULL
3583,7,7,0,7,55,2016-12-24 07:00:00,89.94727325439453,126.0,NULL
3584,7,7,0,7,56,2016-12-24 08:00:00,89.94727325439453,126.0,NULL
3585,7,7,0,7,57,2016-12-24 09:00:00,89.94727325439453,126.0,NULL
3586,7,7,0,7,58,2016-12-24 10:00:00,89.94727325439453,126.0,NULL
3587,7,7,0,7,59,2016-12-24 11:00:00,89.94727325439453,126.0,NULL
3588,7,7,0,7,60,2016-12-24 12:00:00,89.94727325439453,126.0,NULL
3589,7,7,0,7,61,2016-12-24 13:00:00,89.94727325439453,126.0,NULL
3590,7,7,0,7,62,2016-12-24 14:00:00,89.94727325439453,126.0,NULL
3591,7,7,0,7,63,2016-12-24 15:00:00,89.94727325439453,126.0,NULL
3592,7,7,0,7,64,2016-12-24 16:00:00,89.94727325439453,126.0,NULL
3593,7,7,0,7,65,2016-12-24 17:00:00,89.94727325439453,126.0,NULL
3594,7,7,0,7,66,2016-12-24 18:00:00,89.94727325439453,126.0,NULL
3595,7,7,0,7,67,2016-12-24 19:00:00,89.94727325439453,126.0,NULL
3596,7,7,0,7,68,2016-12-24 20:00:00,89.94727325439453,126.0,NULL
3597,7,7,0,7,69,2016-12-24 21:00:00,89.94727325439453,126.0,NULL
3598,7,7,0,7,70,2016-12-24 22:00:00,89.94727325439453,126.0,NULL
3599,7,7,0,7,71,2016-12-24 23:00:00,89.94727325439453,126.0,NULL
3600,7,7,0,7,72,2016-12-25 00:00:00,89.94727325439453,126.0,NULL
3601,7,7,0,7,73,2016-12-25 01:00:00,89.94727325439453,126.0,NULL
3602,7,7,0,7,74,2016-12-25 02:00:00,89.94727325439453,126.0,NULL
3603,7,7,0,7,75,2016-12-25 03:00:00,89.94727325439453,126.0,NULL
3604,7,7,0,7,76,2016-12-25 04:00:00,89.94727325439453,126.0,NULL
3605,7,7,0,7,77,2016-12-25 05:00:00,89.94727325439453,126.0,NULL
3606,7,7,0,7,78,2016-12-25 06:00:00,89.94727325439453,126.0,NULL
3607,7,7,0,7,79,2016-12-25 07:00:00,89.94727325439453,126.0,NULL
3608,7,7,0,7,80,2016-12-25 08:00:00,89.94727325439453,126.0,NULL
3609,7,7,0,7,81,2016-12-25 09:00:00,89.94727325439453,126.0,NULL
3610,7,7,0,7,82,2016-12-25 10:00:00,89.94727325439453,126.0,NULL
3611,7,7,0,7,83,2016-12-25 11:00:00,89.94727325439453,126.0,NULL
3612,7,7,0,7,84,2016-12-25 12:00:00,89.94727325439453,126.0,NULL
3613,7,7,0,7,85,2016-12-25 13:00:00,89.94727325439453,126.0,NULL
3614,7,7,0,7,86,2016-12-25 14:00:00,89.94727325439453,126.0,NULL
3615,7,7,0,7,87,2016-12-25 15:00:00,89.94727325439453,126.0,NULL
3616,7,7,0,7,88,2016-12-25 16:00:00,89.94727325439453,126.0,NULL
3617,7,7,0,7,89,2016-12-25 17:00:00,89.94727325439453,126.0,NULL
3618,7,7,0,7,90,2016-12-25 18:00:00,89.94727325439453,126.0,NULL
3619,7,7,0,7,91,2016-12-25 19:00:00,89.94727325439453,126.0,NULL
3620,7,7,0,7,92,2016-12-25 20:00:00,89.94727325439453,126.0,NULL
3621,7,7,0,7,93,2016-12-25 21:00:00,89.94727325439453,126.0,NULL
3622,7,7,0,7,94,2016-12-25 22:00:00,89.94727325439453,126.0,NULL
3623,7,7,0,7,95,2016-12-25 23:00:00,89.94727325439453,126.0,NULL
3624,7,7,0,7,96,2016-12-26 00:00:00,89.94727325439453,126.0,NULL
3625,7,7,0,7,97,2016-12-26 01:00:00,89.94727325439453,126.0,NULL
3626,7,7,0,7,98,2016-12-26 02:00:00,89.94727325439453,126.0,NULL
3627,7,7,0,7,99,2016-12-26 03:00:00,89.94727325439453,126.0,NULL
3628,7,7,0,7,100,2016-12-26 04:00:00,89.94727325439453,126.0,NULL
3629,7,7,0,7,101,2016-12-26 05:00:00,89.94727325439453,126.0,NULL
3630,7,7,0,7,102,2016-12-26 06:00:00,89.94727325439453,126.0,NULL
3631,7,7,0,7,103,2016-12-26 07:00:00,89.94727325439453,126.0,NULL
3632,7,7,0,7,104,2016-12-26 08:00:00,89.94727325439453,126.0,NULL
3633,7,7,0,7,105,2016-12-26 09:00:00,89.94727325439453,126.0,NULL
3634,7,7,0,7,106,2016-12-26 10:00:00,89.94727325439453,126.0,NULL
3635,7,7,0,7,107,2016-12-26 11:00:00,89.94727325439453,126.0,NULL
3636,7,7,0,7,108,2016-12-26 12:00:00,89.94727325439453,126.0,NULL
3637,7,7,0,7,109,2016-12-26 13:00:00,89.94727325439453,126.0,NULL
3638,7,7,0,7,110,2016-12-26 14:00:00,89.94727325439453,126.0,NULL
3639,7,7,0,7,111,2016-12-26 15:00:00,89.94727325439453,126.0,NULL
3640,7,7,0,7,112,2016-12-26 16:00:00,89.94727325439453,126.0,NULL
3641,7,7,0,7,113,2016-12-26 17:00:00,89.94727325439453,126.0,NULL
3642,7,7,0,7,114,2016-12-26 18:00:00,89.94727325439453,126.0,NULL
3643,7,7,0,7,115,2016-12-26 19:00:00,89.94727325439453,126.0,NULL
3644,7,7,0,7,116,2016-12-26 20:00:00,89.94727325439453,126.0,NULL
3645,7,7,0,7,117,2016-12-26 21:00:00,89.94727325439453,126.0,NULL
3646,7,7,0,7,118,2016-12-26 22:00:00,89.94727325439453,126.0,NULL
3647,7,7,0,7,119,2016-12-26 23:00:00,89.94727325439453,126.0,NULL
3648,7,7,0,7,120,2016-12-27 00:00:00,89.94727325439453,126.0,NULL
3649,7,7,0,7,121,2016-12-27 01:00:00,89.94727325439453,126.0,NULL
3650,7,7,0,7,122,2016-12-27 02:00:00,89.94727325439453,126.0,NULL
3651,7,7,0,7,123,2016-12-27 03:00:00,89.94727325439453,126.0,NULL
3652,7,7,0,7,124,2016-12-27 04:00:00,89.94727325439453,126.0,NULL
3653,7,7,0,7,125,2016-12-27 05:00:00,89.94727325439453,126.0,NULL
3654,7,7,0,7,126,2016-12-27 06:00:00,89.94727325439453,126.0,NULL
3655,7,7,0,7,127,2016-12-27 07:00:00,89.94727325439453,126.0,NULL
3656,7,7,0,7,128,2016-12-27 08:00:00,89.94727325439453,126.0,NULL
3657,7,7,0,7,129,2016-12-27 09:00:00,89.94727325439453,126.0,NULL
3658,7,7,0,7,130,2016-12-27 10:00:00,89.94727325439453,126.0,NULL
3659,7,7,0,7,131,2016-12-27 11:00:00,89.94727325439453,126.0,NULL
3660,7,7,0,7,132,2016-12-27 12:00:00,89.94727325439453,126.0,NULL
3661,7,7,0,7,133,2016-12-27 13:00:00,89.94727325439453,126.0,NULL
3662,7,7,0,7,134,2016-12-27 14:00:00,89.94727325439453,126.0,NULL
3663,7,7,0,7,135,2016-12-27 15:00:00,89.94727325439453,126.0,NULL
3664,7,7,0,7,136,2016-12-27 16:00:00,89.94727325439453,126.0,NULL
3665,7,7,0,7,137,2016-12-27 17:00:00,89.94727325439453,126.0,NULL
3666,7,7,0,7,138,2016-12-27 18:00:00,89.94727325439453,126.0,NULL
3667,7,7,0,7,139,2016-12-27 19:00:00,89.94727325439453,126.0,NULL
3668,7,7,0,7,140,2016-12-27 20:00:00,89.94727325439453,126.0,NULL
3669,7,7,0,7,141,2016-12-27 21:00:00,89.94727325439453,126.0,NULL
3670,7,7,0,7,142,2016-12-27 22:00:00,89.94727325439453,126.0,NULL
3671,7,7,0,7,143,2016-12-27 23:00:00,89.94727325439453,126.0,NULL
3672,7,7,0,7,144,2016-12-28 00:00:00,89.94727325439453,126.0,NULL
3673,7,7,0,7,145,2016-12-28 01:00:00,89.94727325439453,126.0,NULL
3674,7,7,0,7,146,2016-12-28 02:00:00,89.94727325439453,126.0,NULL
3675,7,7,0,7,147,2016-12-28 03:00:00,89.94727325439453,126.0,NULL
3676,7,7,0,7,148,2016-12-28 04:00:00,89.94727325439453,126.0,NULL
3677,7,7,0,7,149,2016-12-28 05:00:00,89.94727325439453,126.0,NULL
3678,7,7,0,7,150,2016-12-28 06:00:00,89.94727325439453,126.0,NULL
3679,7,7,0,7,151,2016-12-28 07:00:00,89.94727325439453,126.0,NULL
3680,7,7,0,7,152,2016-12-28 08:00:00,89.94727325439453,126.0,NULL
3681,7,7,0,7,153,2016-12-28 09:00:00,89.94727325439453,126.0,NULL
3682,7,7,0,7,154,2016-12-28 10:00:00,89.94727325439453,126.0,NULL
3683,7,7,0,7,155,2016-12-28 11:00:00,89.94727325439453,126.0,NULL
3684,7,7,0,7,156,2016-12-28 12:00:00,89.94727325439453,126.0,NULL
3685,7,7,0,7,157,2016-12-28 13:00:00,89.94727325439453,126.0,NULL
3686,7,7,0,7,158,2016-12-28 14:00:00,89.94727325439453,126.0,NULL
3687,7,7,0,7,159,2016-12-28 15:00:00,89.94727325439453,126.0,NULL
3688,7,7,0,7,160,2016-12-28 16:00:00,89.94727325439453,126.0,NULL
3689,7,7,0,7,161,2016-12-28 17:00:00,89.94727325439453,126.0,NULL
3690,7,7,0,7,162,2016-12-28 18:00:00,89.94727325439453,126.0,NULL
3691,7,7,0,7,163,2016-12-28 19:00:00,89.94727325439453,126.0,NULL
3692,7,7,0,7,164,2016-12-28 20:00:00,89.94727325439453,126.0,NULL
3693,7,7,0,7,165,2016-12-28 21:00:00,89.94727325439453,126.0,NULL
3694,7,7,0,7,166,2016-12-28 22:00:00,89.94727325439453,126.0,NULL
3695,7,7,0,7,167,2016-12-28 23:00:00,89.94727325439453,126.0,NULL
3696,7,7,0,7,168,2016-12-29 00:00:00,89.94727325439453,126.0,NULL
3697,7,7,0,7,169,2016-12-29 01:00:00,89.94727325439453,126.0,NULL
3698,7,7,0,7,170,2016-12-29 02:00:00,89.94727325439453,126.0,NULL
3699,7,7,0,7,171,2016-12-29 03:00:00,89.94727325439453,126.0,NULL
3700,7,7,0,7,172,2016-12-29 04:00:00,89.94727325439453,126.0,NULL
3701,7,7,0,7,173,2016-12-29 05:00:00,89.94727325439453,126.0,NULL
3702,7,7,0,7,174,2016-12-29 06:00:00,89.94727325439453,126.0,NULL
3703,7,7,0,7,175,2016-12-29 07:00:00,89.94727325439453,126.0,NULL
3704,7,7,0,7,176,2016-12-29 08:00:00,89.94727325439453,126.0,NULL
3705,7,7,0,7,177,2016-12-29 09:00:00,89.94727325439453,126.0,NULL
3706,7,7,0,7,178,2016-12-29 10:00:00,89.94727325439453,126.0,NULL
3707,7,7,0,7,179,2016-12-29 11:00:00,89.94727325439453,126.0,NULL
3708,7,7,0,7,180,2016-12-29 12:00:00,89.94727325439453,126.0,NULL
3709,7,7,0,7,181,2016-12-29 13:00:00,89.94727325439453,126.0,NULL
3710,7,7,0,7,182,2016-12-29 14:00:00,89.94727325439453,126.0,NULL
3711,7,7,0,7,183,2016-12-29 15:00:00,89.94727325439453,126.0,NULL
3712,7,7,0,7,184,2016-12-29 16:00:00,89.94727325439453,126.0,NULL
3713,7,7,0,7,185,2016-12-29 17:00:00,89.94727325439453,126.0,NULL
3714,7,7,0,7,186,2016-12-29 18:00:00,89.94727325439453,126.0,NULL
3715,7,7,0,7,187,2016-12-29 19:00:00,89.94727325439453,126.0,NULL
3716,7,7,0,7,188,2016-12-29 20:00:00,89.94727325439453,126.0,NULL
3717,7,7,0,7,189,2016-12-29 21:00:00,89.94727325439453,126.0,NULL
3718,7,7,0,7,190,2016-12-29 22:00:00,89.94727325439453,126.0,NULL
3719,7,7,0,7,191,2016-12-29 23:00:00,89.94727325439453,126.0,NULL
3720,7,7,0,7,192,2016-12-30 00:00:00,89.94727325439453,126.0,NULL
3721,7,7,0,7,193,2016-12-30 01:00:00,89.94727325439453,126.0,NULL
3722,7,7,0,7,194,2016-12-30 02:00:00,89.94727325439453,126.0,NULL
3723,7,7,0,7,195,2016-12-30 03:00:00,89.94727325439453,126.0,NULL
3724,7,7,0,7,196,2016-12-30 04:00:00,89.94727325439453,126.0,NULL
3725,7,7,0,7,197,2016-12-30 05:00:00,89.94727325439453,126.0,NULL
3726,7,7,0,7,198,2016-12-30 06:00:00,89.94727325439453,126.0,NULL
3727,7,7,0,7,199,2016-12-30 07:00:00,89.94727325439453,126.0,NULL
3728,7,7,0,7,200,2016-12-30 08:00:00,89.94727325439453,126.0,NULL
3729,7,7,0,7,201,2016-12-30 09:00:00,89.94727325439453,126.0,NULL
3730,7,7,0,7,202,2016-12-30 10:00:00,89.94727325439453,126.0,NULL
3731,7,7,0,7,203,2016-12-30 11:00:00,89.94727325439453,126.0,NULL
3732,7,7,0,7,204,2016-12-30 12:00:00,89.94727325439453,126.0,NULL
3733,7,7,0,7,205,2016-12-30 13:00:00,89.94727325439453,126.0,NULL
3734,7,7,0,7,206,2016-12-30 14:00:00,89.94727325439453,126.0,NULL
3735,7,7,0,7,207,2016-12-30 15:00:00,89.94727325439453,126.0,NULL
3736,7,7,0,7,208,2016-12-30 16:00:00,89.94727325439453,126.0,NULL
3737,7,7,0,7,209,2016-12-30 17:00:00,89.94727325439453,126.0,NULL
3738,7,7,0,7,210,2016-12-30 18:00:00,89.94727325439453,126.0,NULL
3739,7,7,0,7,211,2016-12-30 19:00:00,89.94727325439453,126.0,NULL
3740,7,7,0,7,212,2016-12-30 20:00:00,89.94727325439453,126.0,NULL
3741,7,7,0,7,213,2016-12-30 21:00:00,89.94727325439453,126.0,NULL
3742,7,7,0,7,214,2016-12-30 22:00:00,89.94727325439453,126.0,NULL
3743,7,7,0,7,215,2016-12-30 23:00:00,89.94727325439453,126.0,NULL
3744,7,7,0,7,216,2016-12-31 00:00:00,89.94727325439453,126.0,NULL
3745,7,7,0,7,217,2016-12-31 01:00:00,89.94727325439453,126.0,-21.2
3746,7,7,0,7,218,2016-12-31 02:00:00,89.94727325439453,126.0,-21.05
3747,7,7,0,7,219,2016-12-31 03:00:00,89.94727325439453,126.0,-20.85
3748,7,7,0,7,220,2016-12-31 04:00:00,89.94727325439453,126.0,-20.65
3749,7,7,0,7,221,2016-12-31 05:00:00,89.94727325439453,126.0,-20.4
3750,7,7,0,7,222,2016-12-31 06:00:00,89.94727325439453,126.0,-20.1
3751,7,7,0,7,223,2016-12-31 07:00:00,89.94727325439453,126.0,-19.85
3752,7,7,0,7,224,2016-12-31 08:00:00,89.94727325439453,126.0,-19.6
3753,7,7,0,7,225,2016-12-31 09:00:00,89.94727325439453,126.0,-19.35
3754,7,7,0,7,226,2016-12-31 10:00:00,89.94727325439453,126.0,-19.0
3755,7,7,0,7,227,2016-12-31 11:00:00,89.94727325439453,126.0,-18.9
3756,7,7,0,7,228,2016-12-31 12:00:00,89.94727325439453,126.0,-19.05
3757,7,7,0,7,229,2016-12-31 13:00:00,89.94727325439453,126.0,-20.2
3758,7,7,0,7,230,2016-12-31 14:00:00,89.94727325439453,126.0,-19.95
3759,7,7,0,7,231,2016-12-31 15:00:00,89.94727325439453,126.0,-19.75
3760,7,7,0,7,232,2016-12-31 16:00:00,89.94727325439453,126.0,-19.7
3761,7,7,0,7,233,2016-12-31 17:00:00,89.94727325439453,126.0,-19.65
3762,7,7,0,7,234,2016-12-31 18:00:00,89.94727325439453,126.0,-19.65
3763,7,7,0,7,235,2016-12-31 19:00:00,89.94727325439453,126.0,-19.75
3764,7,7,0,7,236,2016-12-31 20:00:00,89.94727325439453,126.0,-19.75
3765,7,7,0,7,237,2016-12-31 21:00:00,89.94727325439453,126.0,-19.75
3766,7,7,0,7,238,2016-12-31 22:00:00,89.94727325439453,126.0,-19.65
3767,7,7,0,7,239,2016-12-31 23:00:00,89.94727325439453,126.0,-19.5
3768,7,7,0,7,240,2017-01-01 00:00:00,89.94727325439453,126.0,-19.25
3769,7,7,0,7,241,2017-01-01 01:00:00,89.94727325439453,126.0,-18.85
3770,7,7,0,7,242,2017-01-01 02:00:00,89.94727325439453,126.0,-18.6
3771,7,7,0,7,243,2017-01-01 03:00:00,89.94727325439453,126.0,-18.25
3772,7,7,0,7,244,2017-01-01 04:00:00,89.94727325439453,126.0,-18.2
3773,7,7,0,7,245,2017-01-01 05:00:00,89.94727325439453,126.0,-18.2
3774,7,7,0,7,246,2017-01-01 06:00:00,89.94727325439453,126.0,-18.5
3775,7,7,0,7,247,2017-01-01 07:00:00,89.94727325439453,126.0,-19.1
3776,7,7,0,7,248,2017-01-01 08:00:00,89.94727325439453,126.0,-19.2
3777,7,7,0,7,249,2017-01-01 09:00:00,89.94727325439453,126.0,-19.25
3778,7,7,0,7,250,2017-01-01 10:00:00,89.94727325439453,126.0,-19.3
3779,7,7,0,7,251,2017-01-01 11:00:00,89.94727325439453,126.0,-19.45
3780,7,7,0,7,252,2017-01-01 12:00:00,89.94727325439453,126.0,-19.6
3781,7,7,0,7,253,2017-01-01 13:00:00,89.94727325439453,126.0,-21.25
3782,7,7,0,7,254,2017-01-01 14:00:00,89.94727325439453,126.0,-21.4
3783,7,7,0,7,255,2017-01-01 15:00:00,89.94727325439453,126.0,-21.7
3784,7,7,0,7,256,2017-01-01 16:00:00,89.94727325439453,126.0,-21.95
3785,7,7,0,7,257,2017-01-01 17:00:00,89.94727325439453,126.0,-22.25
3786,7,7,0,7,258,2017-01-01 18:00:00,89.94727325439453,126.0,-22.5
3787,7,7,0,7,259,2017-01-01 19:00:00,89.94727325439453,126.0,-22.6
3788,7,7,0,7,260,2017-01-01 20:00:00,89.94727325439453,126.0,-22.2
3789,7,7,0,7,261,2017-01-01 21:00:00,89.94727325439453,126.0,-21.55
3790,7,7,0,7,262,2017-01-01 22:00:00,89.94727325439453,126.0,-20.6
3791,7,7,0,7,263,2017-01-01 23:00:00,89.94727325439453,126.0,-20.2
3792,7,7,0,7,264,2017-01-02 00:00:00,89.94727325439453,126.0,-20.3
3793,7,7,0,7,265,2017-01-02 01:00:00,89.94727325439453,126.0,NULL
3794,7,7,0,7,266,2017-01-02 02:00:00,89.94727325439453,126.0,NULL
3795,7,7,0,7,267,2017-01-02 03:00:00,89.94727325439453,126.0,NULL
3796,7,7,0,7,268,2017-01-02 04:00:00,89.94727325439453,126.0,NULL
3797,7,7,0,7,269,2017-01-02 05:00:00,89.94727325439453,126.0,NULL
3798,7,7,0,7,270,2017-01-02 06:00:00,89.94727325439453,126.0,NULL
3799,7,7,0,7,271,2017-01-02 07:00:00,89.94727325439453,126.0,NULL
3800,7,7,0,7,272,2017-01-02 08:00:00,89.94727325439453,126.0,NULL
3801,7,7,0,7,273,2017-01-02 09:00:00,89.94727325439453,126.0,NULL
3802,7,7,0,7,274,2017-01-02 10:00:00,89.94727325439453,126.0,NULL
3803,7,7,0,7,275,2017-01-02 11:00:00,89.94727325439453,126.0,NULL
3804,7,7,0,7,276,2017-01-02 12:00:00,89.94727325439453,126.0,NULL
3805,7,7,0,7,277,2017-01-02 13:00:00,89.94727325439453,126.0,NULL
3806,7,7,0,7,278,2017-01-02 14:00:00,89.94727325439453,126.0,NULL
3807,7,7,0,7,279,2017-01-02 15:00:00,89.94727325439453,126.0,NULL
3808,7,7,0,7,280,2017-01-02 16:00:00,89.94727325439453,126.0,NULL
3809,7,7,0,7,281,2017-01-02 17:00:00,89.94727325439453,126.0,NULL
3810,7,7,0,7,282,2017-01-02 18:00:00,89.94727325439453,126.0,NULL
3811,7,7,0,7,283,2017-01-02 19:00:00,89.94727325439453,126.0,NULL
3812,7,7,0,7,284,2017-01-02 20:00:00,89.94727325439453,126.0,NULL
3813,7,7,0,7,285,2017-01-02 21:00:00,89.94727325439453,126.0,NULL
3814,7,7,0,7,286,2017-01-02 22:00:00,89.94727325439453,126.0,NULL
3815,7,7,0,7,287,2017-01-02 23:00:00,89.94727325439453,126.0,NULL
3816,7,7,0,7,288,2017-01-03 00:00:00,89.94727325439453,126.0,NULL
3817,7,7,0,7,289,2017-01-03 01:00:00,89.94727325439453,126.0,NULL
3818,7,7,0,7,290,2017-01-03 02:00:00,89.94727325439453,126.0,NULL
3819,7,7,0,7,291,2017-01-03 03:00:00,89.94727325439453,126.0,NULL
3820,7,7,0,7,292,2017-01-03 04:00:00,89.94727325439453,126.0,NULL
3821,7,7,0,7,293,2017-01-03 05:00:00,89.94727325439453,126.0,NULL
3822,7,7,0,7,294,2017-01-03 06:00:00,89.94727325439453,126.0,NULL
3823,7,7,0,7,295,2017-01-03 07:00:00,89.94727325439453,126.0,NULL
3824,7,7,0,7,296,2017-01-03 08:00:00,89.94727325439453,126.0,NULL
3825,7,7,0,7,297,2017-01-03 09:00:00,89.94727325439453,126.0,NULL
3826,7,7,0,7,298,2017-01-03 10:00:00,89.94727325439453,126.0,NULL
3827,7,7,0,7,299,2017-01-03 11:00:00,89.94727325439453,126.0,NULL
3828,7,7,0,7,300,2017-01-03 12:00:00,89.94727325439453,126.0,NULL
3829,7,7,0,7,301,2017-01-03 13:00:00,89.94727325439453,126.0,NULL
3830,7,7,0,7,302,2017-01-03 14:00:00,89.94727325439453,126.0,NULL
3831,7,7,0,7,303,2017-01-03 15:00:00,89.94727325439453,126.0,NULL
3832,7,7,0,7,304,2017-01-03 16:00:00,89.94727325439453,126.0,NULL
3833,7,7,0,7,305,2017-01-03 17:00:00,89.94727325439453,126.0,NULL
3834,7,7,0,7,306,2017-01-03 18:00:00,89.94727325439453,126.0,NULL
3835,7,7,0,7,307,2017-01-03 19:00:00,89.94727325439453,126.0,NULL
3836,7,7,0,7,308,2017-01-03 20:00:00,89.94727325439453,126.0,NULL
3837,7,7,0,7,309,2017-01-03 21:00:00,89.94727325439453,126.0,NULL
3838,7,7,0,7,310,2017-01-03 22:00:00,89.94727325439453,126.0,NULL
3839,7,7,0,7,311,2017-01-03 23:00:00,89.94727325439453,126.0,NULL
3840,7,7,0,7,312,2017-01-04 00:00:00,89.94727325439453,126.0,NULL
3841,7,7,0,7,313,2017-01-04 01:00:00,89.94727325439453,126.0,NULL
3842,7,7,0,7,314,2017-01-04 02:00:00,89.94727325439453,126.0,NULL
3843,7,7,0,7,315,2017-01-04 03:00:00,89.94727325439453,126.0,NULL
3844,7,7,0,7,316,2017-01-04 04:00:00,89.94727325439453,126.0,NULL
3845,7,7,0,7,317,2017-01-04 05:00:00,89.94727325439453,126.0,NULL
3846,7,7,0,7,318,2017-01-04 06:00:00,89.94727325439453,126.0,NULL
3847,7,7,0,7,319,2017-01-04 07:00:00,89.94727325439453,126.0,NULL
3848,7,7,0,7,320,2017-01-04 08:00:00,89.94727325439453,126.0,NULL
3849,7,7,0,7,321,2017-01-04 09:00:00,89.94727325439453,126.0,NULL
3850,7,7,0,7,322,2017-01-04 10:00:00,89.94727325439453,126.0,NULL
3851,7,7,0,7,323,2017-01-04 11:00:00,89.94727325439453,126.0,NULL
3852,7,7,0,7,324,2017-01-04 12:00:00,89.94727325439453,126.0,NULL
3853,7,7,0,7,325,2017-01-04 13:00:00,89.94727325439453,126.0,NULL
3854,7,7,0,7,326,2017-01-04 14:00:00,89.94727325439453,126.0,NULL
3855,7,7,0,7,327,2017-01-04 15:00:00,89.94727325439453,126.0,NULL
3856,7,7,0,7,328,2017-01-04 16:00:00,89.94727325439453,126.0,NULL
3857,7,7,0,7,329,2017-01-04 17:00:00,89.94727325439453,126.0,NULL
3858,7,7,0,7,330,2017-01-04 18:00:00,89.94727325439453,126.0,NULL
3859,7,7,0,7,331,2017-01-04 19:00:00,89.94727325439453,126.0,NULL
3860,7,7,0,7,332,2017-01-04 20:00:00,89.94727325439453,126.0,NULL
3861,7,7,0,7,333,2017-01-04 21:00:00,89.94727325439453,126.0,NULL
3862,7,7,0,7,334,2017-01-04 22:00:00,89.94727325439453,126.0,NULL
3863,7,7,0,7,335,2017-01-04 23:00:00,89.94727325439453,126.0,NULL
3864,7,7,0,7,336,2017-01-05 00:00:00,89.94727325439453,126.0,NULL
3865,7,7,0,7,337,2017-01-05 01:00:00,89.94727325439453,126.0,NULL
3866,7,7,0,7,338,2017-01-05 02:00:00,89.94727325439453,126.0,NULL
3867,7,7,0,7,339,2017-01-05 03:00:00,89.94727325439453,126.0,NULL
3868,7,7,0,7,340,2017-01-05 04:00:00,89.94727325439453,126.0,NULL
3869,7,7,0,7,341,2017-01-05 05:00:00,89.94727325439453,126.0,NULL
3870,7,7,0,7,342,2017-01-05 06:00:00,89.94727325439453,126.0,NULL
3871,7,7,0,7,343,2017-01-05 07:00:00,89.94727325439453,126.0,NULL
3872,7,7,0,7,344,2017-01-05 08:00:00,89.94727325439453,126.0,NULL
3873,7,7,0,7,345,2017-01-05 09:00:00,89.94727325439453,126.0,NULL
3874,7,7,0,7,346,2017-01-05 10:00:00,89.94727325439453,126.0,NULL
3875,7,7,0,7,347,2017-01-05 11:00:00,89.94727325439453,126.0,NULL
3876,7,7,0,7,348,2017-01-05 12:00:00,89.94727325439453,126.0,NULL
3877,7,7,0,7,349,2017-01-05 13:00:00,89.94727325439453,126.0,NULL
3878,7,7,0,7,350,2017-01-05 14:00:00,89.94727325439453,126.0,NULL
3879,7,7,0,7,351,2017-01-05 15:00:00,89.94727325439453,126.0,NULL
3880,7,7,0,7,352,2017-01-05 16:00:00,89.94727325439453,126.0,NULL
3881,7,7,0,7,353,2017-01-05 17:00:00,89.94727325439453,126.0,NULL
3882,7,7,0,7,354,2017-01-05 18:00:00,89.94727325439453,126.0,NULL
3883,7,7,0,7,355,2017-01-05 19:00:00,89.94727325439453,126.0,NULL
3884,7,7,0,7,356,2017-01-05 20:00:00,89.94727325439453,126.0,NULL
3885,7,7,0,7,357,2017-01-05 21:00:00,89.94727325439453,126.0,NULL
3886,7,7,0,7,358,2017-01-05 22:00:00,89.94727325439453,126.0,NULL
3887,7,7,0,7,359,2017-01-05 23:00:00,89.94727325439453,126.0,NULL
3888,7,7,0,7,360,2017-01-06 00:00:00,89.94727325439453,126.0,NULL
3889,7,7,0,7,361,2017-01-06 01:00:00,89.94727325439453,126.0,NULL
3890,7,7,0,7,362,2017-01-06 02:00:00,89.94727325439453,126.0,NULL
3891,7,7,0,7,363,2017-01-06 03:00:00,89.94727325439453,126.0,NULL
3892,7,7,0,7,364,2017-01-06 04:00:00,89.94727325439453,126.0,NULL
3893,7,7,0,7,365,2017-01-06 05:00:00,89.94727325439453,126.0,NULL
3894,7,7,0,7,366,2017-01-06 06:00:00,89.94727325439453,126.0,NULL
3895,7,7,0,7,367,2017-01-06 07:00:00,89.94727325439453,126.0,NULL
3896,7,7,0,7,368,2017-01-06 08:00:00,89.94727325439453,126.0,NULL
3897,7,7,0,7,369,2017-01-06 09:00:00,89.94727325439453,126.0,NULL
3898,7,7,0,7,370,2017-01-06 10:00:00,89.94727325439453,126.0,NULL
3899,7,7,0,7,371,2017-01-06 11:00:00,89.94727325439453,126.0,NULL
3900,7,7,0,7,372,2017-01-06 12:00:00,89.94727325439453,126.0,NULL
3901,7,7,0,7,373,2017-01-06 13:00:00,89.94727325439453,126.0,NULL
3902,7,7,0,7,374,2017-01-06 14:00:00,89.94727325439453,126.0,NULL
3903,7,7,0,7,375,2017-01-06 15:00:00,89.94727325439453,126.0,NULL
3904,7,7,0,7,376,2017-01-06 16:00:00,89.94727325439453,126.0,NULL
3905,7,7,0,7,377,2017-01-06 17:00:00,89.94727325439453,126.0,NULL
3906,7,7,0,7,378,2017-01-06 18:00:00,89.94727325439453,126.0,NULL
3907,7,7,0,7,379,2017-01-06 19:00:00,89.94727325439453,126.0,NULL
3908,7,7,0,7,380,2017-01-06 20:00:00,89.94727325439453,126.0,NULL
3909,7,7,0,7,381,2017-01-06 21:00:00,89.94727325439453,126.0,NULL
3910,7,7,0,7,382,2017-01-06 22:00:00,89.94727325439453,126.0,NULL
3911,7,7,0,7,383,2017-01-06 23:00:00,89.94727325439453,126.0,NULL
3912,7,7,0,7,384,2017-01-07 00:00:00,89.94727325439453,126.0,NULL
3913,7,7,0,7,385,2017-01-07 01:00:00,89.94727325439453,126.0,NULL
3914,7,7,0,7,386,2017-01-07 02:00:00,89.94727325439453,126.0,NULL
3915,7,7,0,7,387,2017-01-07 03:00:00,89.94727325439453,126.0,NULL
3916,7,7,0,7,388,2017-01-07 04:00:00,89.94727325439453,126.0,NULL
3917,7,7,0,7,389,2017-01-07 05:00:00,89.94727325439453,126.0,NULL
3918,7,7,0,7,390,2017-01-07 06:00:00,89.94727325439453,126.0,NULL
3919,7,7,0,7,391,2017-01-07 07:00:00,89.94727325439453,126.0,NULL
3920,7,7,0,7,392,2017-01-07 08:00:00,89.94727325439453,126.0,NULL
3921,7,7,0,7,393,2017-01-07 09:00:00,89.94727325439453,126.0,NULL
3922,7,7,0,7,394,2017-01-07 10:00:00,89.94727325439453,126.0,NULL
3923,7,7,0,7,395,2017-01-07 11:00:00,89.94727325439453,126.0,NULL
3924,7,7,0,7,396,2017-01-07 12:00:00,89.94727325439453,126.0,NULL
3925,7,7,0,7,397,2017-01-07 13:00:00,89.94727325439453,126.0,NULL
3926,7,7,0,7,398,2017-01-07 14:00:00,89.94727325439453,126.0,NULL
3927,7,7,0,7,399,2017-01-07 15:00:00,89.94727325439453,126.0,NULL
3928,7,7,0,7,400,2017-01-07 16:00:00,89.94727325439453,126.0,NULL
3929,7,7,0,7,401,2017-01-07 17:00:00,89.94727325439453,126.0,NULL
3930,7,7,0,7,402,2017-01-07 18:00:00,89.94727325439453,126.0,NULL
3931,7,7,0,7,403,2017-01-07 19:00:00,89.94727325439453,126.0,NULL
3932,7,7,0,7,404,2017-01-07 20:00:00,89.94727325439453,126.0,NULL
3933,7,7,0,7,405,2017-01-07 21:00:00,89.94727325439453,126.0,NULL
3934,7,7,0,7,406,2017-01-07 22:00:00,89.94727325439453,126.0,NULL
3935,7,7,0,7,407,2017-01-07 23:00:00,89.94727325439453,126.0,NULL
3936,7,7,0,7,408,2017-01-08 00:00:00,89.94727325439453,126.0,NULL
3937,7,7,0,7,409,2017-01-08 01:00:00,89.94727325439453,126.0,NULL
3938,7,7,0,7,410,2017-01-08 02:00:00,89.94727325439453,126.0,NULL
3939,7,7,0,7,411,2017-01-08 03:00:00,89.94727325439453,126.0,NULL
3940,7,7,0,7,412,2017-01-08 04:00:00,89.94727325439453,126.0,NULL
3941,7,7,0,7,413,2017-01-08 05:00:00,89.94727325439453,126.0,NULL
3942,7,7,0,7,414,2017-01-08 06:00:00,89.94727325439453,126.0,NULL
3943,7,7,0,7,415,2017-01-08 07:00:00,89.94727325439453,126.0,NULL
3944,7,7,0,7,416,2017-01-08 08:00:00,89.94727325439453,126.0,NULL
3945,7,7,0,7,417,2017-01-08 09:00:00,89.94727325439453,126.0,NULL
3946,7,7,0,7,418,2017-01-08 10:00:00,89.94727325439453,126.0,NULL
3947,7,7,0,7,419,2017-01-08 11:00:00,89.94727325439453,126.0,NULL
3948,7,7,0,7,420,2017-01-08 12:00:00,89.94727325439453,126.0,NULL
3949,7,7,0,7,421,2017-01-08 13:00:00,89.94727325439453,126.0,NULL
3950,7,7,0,7,422,2017-01-08 14:00:00,89.94727325439453,126.0,NULL
3951,7,7,0,7,423,2017-01-08 15:00:00,89.94727325439453,126.0,NULL
3952,7,7,0,7,424,2017-01-08 16:00:00,89.94727325439453,126.0,NULL
3953,7,7,0,7,425,2017-01-08 17:00:00,89.94727325439453,126.0,NULL
3954,7,7,0,7,426,2017-01-08 18:00:00,89.94727325439453,126.0,NULL
3955,7,7,0,7,427,2017-01-08 19:00:00,89.94727325439453,126.0,NULL
3956,7,7,0,7,428,2017-01-08 20:00:00,89.94727325439453,126.0,NULL
3957,7,7,0,7,429,2017-01-08 21:00:00,89.94727325439453,126.0,NULL
3958,7,7,0,7,430,2017-01-08 22:00:00,89.94727325439453,126.0,NULL
3959,7,7,0,7,431,2017-01-08 23:00:00,89.94727325439453,126.0,NULL
3960,7,7,0,7,432,2017-01-09 00:00:00,89.94727325439453,126.0,NULL
3961,7,7,0,7,433,2017-01-09 01:00:00,89.94727325439453,126.0,NULL
3962,7,7,0,7,434,2017-01-09 02:00:00,89.94727325439453,126.0,NULL
3963,7,7,0,7,435,2017-01-09 03:00:00,89.94727325439453,126.0,NULL
3964,7,7,0,7,436,2017-01-09 04:00:00,89.94727325439453,126.0,NULL
3965,7,7,0,7,437,2017-01-09 05:00:00,89.94727325439453,126.0,NULL
3966,7,7,0,7,438,2017-01-09 06:00:00,89.94727325439453,126.0,NULL
3967,7,7,0,7,439,2017-01-09 07:00:00,89.94727325439453,126.0,NULL
3968,7,7,0,7,440,2017-01-09 08:00:00,89.94727325439453,126.0,NULL
3969,7,7,0,7,441,2017-01-09 09:00:00,89.94727325439453,126.0,NULL
3970,7,7,0,7,442,2017-01-09 10:00:00,89.94727325439453,126.0,NULL
3971,7,7,0,7,443,2017-01-09 11:00:00,89.94727325439453,126.0,NULL
3972,7,7,0,7,444,2017-01-09 12:00:00,89.94727325439453,126.0,NULL
3973,7,7,0,7,445,2017-01-09 13:00:00,89.94727325439453,126.0,NULL
3974,7,7,0,7,446,2017-01-09 14:00:00,89.94727325439453,126.0,NULL
3975,7,7,0,7,447,2017-01-09 15:00:00,89.94727325439453,126.0,NULL
3976,7,7,0,7,448,2017-01-09 16:00:00,89.94727325439453,126.0,NULL
3977,7,7,0,7,449,2017-01-09 17:00:00,89.94727325439453,126.0,NULL
3978,7,7,0,7,450,2017-01-09 18:00:00,89.94727325439453,126.0,NULL
3979,7,7,0,7,451,2017-01-09 19:00:00,89.94727325439453,126.0,NULL
3980,7,7,0,7,452,2017-01-09 20:00:00,89.94727325439453,126.0,NULL
3981,7,7,0,7,453,2017-01-09 21:00:00,89.94727325439453,126.0,NULL
3982,7,7,0,7,454,2017-01-09 22:00:00,89.94727325439453,126.0,NULL
3983,7,7,0,7,455,2017-01-09 23:00:00,89.94727325439453,126.0,NULL
3984,7,7,0,7,456,2017-01-10 00:00:00,89.94727325439453,126.0,NULL
3985,7,7,0,7,457,2017-01-10 01:00:00,89.94727325439453,126.0,NULL
3986,7,7,0,7,458,2017-01-10 02:00:00,89.94727325439453,126.0,NULL
3987,7,7,0,7,459,2017-01-10 03:00:00,89.94727325439453,126.0,NULL
3988,7,7,0,7,460,2017-01-10 04:00:00,89.94727325439453,126.0,NULL
3989,7,7,0,7,461,2017-01-10 05:00:00,89.94727325439453,126.0,NULL
3990,7,7,0,7,462,2017-01-10 06:00:00,89.94727325439453,126.0,NULL
3991,7,7,0,7,463,2017-01-10 07:00:00,89.94727325439453,126.0,NULL
3992,7,7,0,7,464,2017-01-10 08:00:00,89.94727325439453,126.0,NULL
3993,7,7,0,7,465,2017-01-10 09:00:00,89.94727325439453,126.0,NULL
3994,7,7,0,7,466,2017-01-10 10:00:00,89.94727325439453,126.0,NULL
3995,7,7,0,7,467,2017-01-10 11:00:00,89.94727325439453,126.0,NULL
3996,7,7,0,7,468,2017-01-10 12:00:00,89.94727325439453,126.0,NULL
3997,7,7,0,7,469,2017-01-10 13:00:00,89.94727325439453,126.0,NULL
3998,7,7,0,7,470,2017-01-10 14:00:00,89.94727325439453,126.0,NULL
3999,7,7,0,7,471,2017-01-10 15:00:00,89.94727325439453,126.0,NULL
4000,7,7,0,7,472,2017-01-10 16:00:00,89.94727325439453,126.0,NULL
4001,7,7,0,7,473,2017-01-10 17:00:00,89.94727325439453,126.0,NULL
4002,7,7,0,7,474,2017-01-10 18:00:00,89.94727325439453,126.0,NULL
4003,7,7,0,7,475,2017-01-10 19:00:00,89.94727325439453,126.0,NULL
4004,7,7,0,7,476,2017-01-10 20:00:00,89.94727325439453,126.0,NULL
4005,7,7,0,7,477,2017-01-10 21:00:00,89.94727325439453,126.0,NULL
4006,7,7,0,7,478,2017-01-10 22:00:00,89.94727325439453,126.0,NULL
4007,7,7,0,7,479,2017-01-10 23:00:00,89.94727325439453,126.0,NULL
4008,7,7,0,7,480,2017-01-11 00:00:00,89.94727325439453,126.0,NULL
4009,7,7,0,7,481,2017-01-11 01:00:00,89.94727325439453,126.0,NULL
4010,7,7,0,7,482,2017-01-11 02:00:00,89.94727325439453,126.0,NULL
4011,7,7,0,7,483,2017-01-11 03:00:00,89.94727325439453,126.0,NULL
4012,7,7,0,7,484,2017-01-11 04:00:00,89.94727325439453,126.0,NULL
4013,7,7,0,7,485,2017-01-11 05:00:00,89.94727325439453,126.0,NULL
4014,7,7,0,7,486,2017-01-11 06:00:00,89.94727325439453,126.0,NULL
4015,7,7,0,7,487,2017-01-11 07:00:00,89.94727325439453,126.0,NULL
4016,7,7,0,7,488,2017-01-11 08:00:00,89.94727325439453,126.0,NULL
4017,7,7,0,7,489,2017-01-11 09:00:00,89.94727325439453,126.0,NULL
4018,7,7,0,7,490,2017-01-11 10:00:00,89.94727325439453,126.0,NULL
4019,7,7,0,7,491,2017-01-11 11:00:00,89.94727325439453,126.0,NULL
4020,7,7,0,7,492,2017-01-11 12:00:00,89.94727325439453,126.0,NULL
4021,7,7,0,7,493,2017-01-11 13:00:00,89.94727325439453,126.0,NULL
4022,7,7,0,7,494,2017-01-11 14:00:00,89.94727325439453,126.0,NULL
4023,7,7,0,7,495,2017-01-11 15:00:00,89.94727325439453,126.0,NULL
4024,7,7,0,7,496,2017-01-11 16:00:00,89.94727325439453,126.0,NULL
4025,7,7,0,7,497,2017-01-11 17:00:00,89.94727325439453,126.0,NULL
4026,7,7,0,7,498,2017-01-11 18:00:00,89.94727325439453,126.0,NULL
4027,7,7,0,7,499,2017-01-11 19:00:00,89.94727325439453,126.0,NULL
4028,7,7,0,7,500,2017-01-11 20:00:00,89.94727325439453,126.0,NULL
4029,7,7,0,7,501,2017-01-11 21:00:00,89.94727325439453,126.0,NULL
4030,7,7,0,7,502,2017-01-11 22:00:00,89.94727325439453,126.0,NULL
4031,7,7,0,7,503,2017-01-11 23:00:00,89.94727325439453,126.0,NULL
4032,8,8,0,8,0,2016-12-22 00:00:00,89.94727325439453,144.0,NULL
4033,8,8,0,8,1,2016-12-22 01:00:00,89.94727325439453,144.0,NULL
4034,8,8,0,8,2,2016-12-22 02:00:00,89.94727325439453,144.0,NULL
4035,8,8,0,8,3,2016-12-22 03:00:00,89.94727325439453,144.0,NULL
4036,8,8,0,8,4,2016-12-22 04:00:00,89.94727325439453,144.0,NULL
4037,8,8,0,8,5,2016-12-22 05:00:00,89.94727325439453,144.0,NULL
4038,8,8,0,8,6,2016-12-22 06:00:00,89.94727325439453,144.0,NULL
4039,8,8,0,8,7,2016-12-22 07:00:00,89.94727325439453,144.0,NULL
4040,8,8,0,8,8,2016-12-22 08:00:00,89.94727325439453,144.0,NULL
4041,8,8,0,8,9,2016-12-22 09:00:00,89.94727325439453,144.0,NULL
4042,8,8,0,8,10,2016-12-22 10:00:00,89.94727325439453,144.0,NULL
4043,8,8,0,8,11,2016-12-22 11:00:00,89.94727325439453,144.0,NULL
4044,8,8,0,8,12,2016-12-22 12:00:00,89.94727325439453,144.0,NULL
4045,8,8,0,8,13,2016-12-22 13:00:00,89.94727325439453,144.0,NULL
4046,8,8,0,8,14,2016-12-22 14:00:00,89.94727325439453,144.0,NULL
4047,8,8,0,8,15,2016-12-22 15:00:00,89.94727325439453,144.0,NULL
4048,8,8,0,8,16,2016-12-22 16:00:00,89.94727325439453,144.0,NULL
4049,8,8,0,8,17,2016-12-22 17:00:00,89.94727325439453,144.0,NULL
4050,8,8,0,8,18,2016-12-22 18:00:00,89.94727325439453,144.0,NULL
4051,8,8,0,8,19,2016-12-22 19:00:00,89.94727325439453,144.0,NULL
4052,8,8,0,8,20,2016-12-22 20:00:00,89.94727325439453,144.0,NULL
4053,8,8,0,8,21,2016-12-22 21:00:00,89.94727325439453,144.0,NULL
4054,8,8,0,8,22,2016-12-22 22:00:00,89.94727325439453,144.0,NULL
4055,8,8,0,8,23,2016-12-22 23:00:00,89.94727325439453,144.0,NULL
4056,8,8,0,8,24,2016-12-23 00:00:00,89.94727325439453,144.0,NULL
4057,8,8,0,8,25,2016-12-23 01:00:00,89.94727325439453,144.0,NULL
4058,8,8,0,8,26,2016-12-23 02:00:00,89.94727325439453,144.0,NULL
4059,8,8,0,8,27,2016-12-23 03:00:00,89.94727325439453,144.0,NULL
4060,8,8,0,8,28,2016-12-23 04:00:00,89.94727325439453,144.0,NULL
4061,8,8,0,8,29,2016-12-23 05:00:00,89.94727325439453,144.0,NULL
4062,8,8,0,8,30,2016-12-23 06:00:00,89.94727325439453,144.0,NULL
4063,8,8,0,8,31,2016-12-23 07:00:00,89.94727325439453,144.0,NULL
4064,8,8,0,8,32,2016-12-23 08:00:00,89.94727325439453,144.0,NULL
4065,8,8,0,8,33,2016-12-23 09:00:00,89.94727325439453,144.0,NULL
4066,8,8,0,8,34,2016-12-23 10:00:00,89.94727325439453,144.0,NULL
4067,8,8,0,8,35,2016-12-23 11:00:00,89.94727325439453,144.0,NULL
4068,8,8,0,8,36,2016-12-23 12:00:00,89.94727325439453,144.0,NULL
4069,8,8,0,8,37,2016-12-23 13:00:00,89.94727325439453,144.0,NULL
4070,8,8,0,8,38,2016-12-23 14:00:00,89.94727325439453,144.0,NULL
4071,8,8,0,8,39,2016-12-23 15:00:00,89.94727325439453,144.0,NULL
4072,8,8,0,8,40,2016-12-23 16:00:00,89.94727325439453,144.0,NULL
4073,8,8,0,8,41,2016-12-23 17:00:00,89.94727325439453,144.0,NULL
4074,8,8,0,8,42,2016-12-23 18:00:00,89.94727325439453,144.0,NULL
4075,8,8,0,8,43,2016-12-23 19:00:00,89.94727325439453,144.0,NULL
4076,8,8,0,8,44,2016-12-23 20:00:00,89.94727325439453,144.0,NULL
4077,8,8,0,8,45,2016-12-23 21:00:00,89.94727325439453,144.0,NULL
4078,8,8,0,8,46,2016-12-23 22:00:00,89.94727325439453,144.0,NULL
4079,8,8,0,8,47,2016-12-23 23:00:00,89.94727325439453,144.0,NULL
4080,8,8,0,8,48,2016-12-24 00:00:00,89.94727325439453,144.0,NULL
4081,8,8,0,8,49,2016-12-24 01:00:00,89.94727325439453,144.0,NULL
4082,8,8,0,8,50,2016-12-24 02:00:00,89.94727325439453,144.0,NULL
4083,8,8,0,8,51,2016-12-24 03:00:00,89.94727325439453,144.0,NULL
4084,8,8,0,8,52,2016-12-24 04:00:00,89.94727325439453,144.0,NULL
4085,8,8,0,8,53,2016-12-24 05:00:00,89.94727325439453,144.0,NULL
4086,8,8,0,8,54,2016-12-24 06:00:00,89.94727325439453,144.0,NULL
4087,8,8,0,8,55,2016-12-24 07:00:00,89.94727325439453,144.0,NULL
4088,8,8,0,8,56,2016-12-24 08:00:00,89.94727325439453,144.0,NULL
4089,8,8,0,8,57,2016-12-24 09:00:00,89.94727325439453,144.0,NULL
4090,8,8,0,8,58,2016-12-24 10:00:00,89.94727325439453,144.0,NULL
4091,8,8,0,8,59,2016-12-24 11:00:00,89.94727325439453,144.0,NULL
4092,8,8,0,8,60,2016-12-24 12:00:00,89.94727325439453,144.0,NULL
4093,8,8,0,8,61,2016-12-24 13:00:00,89.94727325439453,144.0,NULL
4094,8,8,0,8,62,2016-12-24 14:00:00,89.94727325439453,144.0,NULL
4095,8,8,0,8,63,2016-12-24 15:00:00,89.94727325439453,144.0,NULL
4096,8,8,0,8,64,2016-12-24 16:00:00,89.94727325439453,144.0,NULL
4097,8,8,0,8,65,2016-12-24 17:00:00,89.94727325439453,144.0,NULL
4098,8,8,0,8,66,2016-12-24 18:00:00,89.94727325439453,144.0,NULL
4099,8,8,0,8,67,2016-12-24 19:00:00,89.94727325439453,144.0,NULL
4100,8,8,0,8,68,2016-12-24 20:00:00,89.94727325439453,144.0,NULL
4101,8,8,0,8,69,2016-12-24 21:00:00,89.94727325439453,144.0,NULL
4102,8,8,0,8,70,2016-12-24 22:00:00,89.94727325439453,144.0,NULL
4103,8,8,0,8,71,2016-12-24 23:00:00,89.94727325439453,144.0,NULL
4104,8,8,0,8,72,2016-12-25 00:00:00,89.94727325439453,144.0,NULL
4105,8,8,0,8,73,2016-12-25 01:00:00,89.94727325439453,144.0,NULL
4106,8,8,0,8,74,2016-12-25 02:00:00,89.94727325439453,144.0,NULL
4107,8,8,0,8,75,2016-12-25 03:00:00,89.94727325439453,144.0,NULL
4108,8,8,0,8,76,2016-12-25 04:00:00,89.94727325439453,144.0,NULL
4109,8,8,0,8,77,2016-12-25 05:00:00,89.94727325439453,144.0,NULL
4110,8,8,0,8,78,2016-12-25 06:00:00,89.94727325439453,144.0,NULL
4111,8,8,0,8,79,2016-12-25 07:00:00,89.94727325439453,144.0,NULL
4112,8,8,0,8,80,2016-12-25 08:00:00,89.94727325439453,144.0,NULL
4113,8,8,0,8,81,2016-12-25 09:00:00,89.94727325439453,144.0,NULL
4114,8,8,0,8,82,2016-12-25 10:00:00,89.94727325439453,144.0,NULL
4115,8,8,0,8,83,2016-12-25 11:00:00,89.94727325439453,144.0,NULL
4116,8,8,0,8,84,2016-12-25 12:00:00,89.94727325439453,144.0,NULL
4117,8,8,0,8,85,2016-12-25 13:00:00,89.94727325439453,144.0,NULL
4118,8,8,0,8,86,2016-12-25 14:00:00,89.94727325439453,144.0,NULL
4119,8,8,0,8,87,2016-12-25 15:00:00,89.94727325439453,144.0,NULL
4120,8,8,0,8,88,2016-12-25 16:00:00,89.94727325439453,144.0,NULL
4121,8,8,0,8,89,2016-12-25 17:00:00,89.94727325439453,144.0,NULL
4122,8,8,0,8,90,2016-12-25 18:00:00,89.94727325439453,144.0,NULL
4123,8,8,0,8,91,2016-12-25 19:00:00,89.94727325439453,144.0,NULL
4124,8,8,0,8,92,2016-12-25 20:00:00,89.94727325439453,144.0,NULL
4125,8,8,0,8,93,2016-12-25 21:00:00,89.94727325439453,144.0,NULL
4126,8,8,0,8,94,2016-12-25 22:00:00,89.94727325439453,144.0,NULL
4127,8,8,0,8,95,2016-12-25 23:00:00,89.94727325439453,144.0,NULL
4128,8,8,0,8,96,2016-12-26 00:00:00,89.94727325439453,144.0,NULL
4129,8,8,0,8,97,2016-12-26 01:00:00,89.94727325439453,144.0,NULL
4130,8,8,0,8,98,2016-12-26 02:00:00,89.94727325439453,144.0,NULL
4131,8,8,0,8,99,2016-12-26 03:00:00,89.94727325439453,144.0,NULL
4132,8,8,0,8,100,2016-12-26 04:00:00,89.94727325439453,144.0,NULL
4133,8,8,0,8,101,2016-12-26 05:00:00,89.94727325439453,144.0,NULL
4134,8,8,0,8,102,2016-12-26 06:00:00,89.94727325439453,144.0,NULL
4135,8,8,0,8,103,2016-12-26 07:00:00,89.94727325439453,144.0,NULL
4136,8,8,0,8,104,2016-12-26 08:00:00,89.94727325439453,144.0,NULL
4137,8,8,0,8,105,2016-12-26 09:00:00,89.94727325439453,144.0,NULL
4138,8,8,0,8,106,2016-12-26 10:00:00,89.94727325439453,144.0,NULL
4139,8,8,0,8,107,2016-12-26 11:00:00,89.94727325439453,144.0,NULL
4140,8,8,0,8,108,2016-12-26 12:00:00,89.94727325439453,144.0,NULL
4141,8,8,0,8,109,2016-12-26 13:00:00,89.94727325439453,144.0,NULL
4142,8,8,0,8,110,2016-12-26 14:00:00,89.94727325439453,144.0,NULL
4143,8,8,0,8,111,2016-12-26 15:00:00,89.94727325439453,144.0,NULL
4144,8,8,0,8,112,2016-12-26 16:00:00,89.94727325439453,144.0,NULL
4145,8,8,0,8,113,2016-12-26 17:00:00,89.94727325439453,144.0,NULL
4146,8,8,0,8,114,2016-12-26 18:00:00,89.94727325439453,144.0,NULL
4147,8,8,0,8,115,2016-12-26 19:00:00,89.94727325439453,144.0,NULL
4148,8,8,0,8,116,2016-12-26 20:00:00,89.94727325439453,144.0,NULL
4149,8,8,0,8,117,2016-12-26 21:00:00,89.94727325439453,144.0,NULL
4150,8,8,0,8,118,2016-12-26 22:00:00,89.94727325439453,144.0,NULL
4151,8,8,0,8,119,2016-12-26 23:00:00,89.94727325439453,144.0,NULL
4152,8,8,0,8,120,2016-12-27 00:00:00,89.94727325439453,144.0,NULL
4153,8,8,0,8,121,2016-12-27 01:00:00,89.94727325439453,144.0,NULL
4154,8,8,0,8,122,2016-12-27 02:00:00,89.94727325439453,144.0,NULL
4155,8,8,0,8,123,2016-12-27 03:00:00,89.94727325439453,144.0,NULL
4156,8,8,0,8,124,2016-12-27 04:00:00,89.94727325439453,144.0,NULL
4157,8,8,0,8,125,2016-12-27 05:00:00,89.94727325439453,144.0,NULL
4158,8,8,0,8,126,2016-12-27 06:00:00,89.94727325439453,144.0,NULL
4159,8,8,0,8,127,2016-12-27 07:00:00,89.94727325439453,144.0,NULL
4160,8,8,0,8,128,2016-12-27 08:00:00,89.94727325439453,144.0,NULL
4161,8,8,0,8,129,2016-12-27 09:00:00,89.94727325439453,144.0,NULL
4162,8,8,0,8,130,2016-12-27 10:00:00,89.94727325439453,144.0,NULL
4163,8,8,0,8,131,2016-12-27 11:00:00,89.94727325439453,144.0,NULL
4164,8,8,0,8,132,2016-12-27 12:00:00,89.94727325439453,144.0,NULL
4165,8,8,0,8,133,2016-12-27 13:00:00,89.94727325439453,144.0,NULL
4166,8,8,0,8,134,2016-12-27 14:00:00,89.94727325439453,144.0,NULL
4167,8,8,0,8,135,2016-12-27 15:00:00,89.94727325439453,144.0,NULL
4168,8,8,0,8,136,2016-12-27 16:00:00,89.94727325439453,144.0,NULL
4169,8,8,0,8,137,2016-12-27 17:00:00,89.94727325439453,144.0,NULL
4170,8,8,0,8,138,2016-12-27 18:00:00,89.94727325439453,144.0,NULL
4171,8,8,0,8,139,2016-12-27 19:00:00,89.94727325439453,144.0,NULL
4172,8,8,0,8,140,2016-12-27 20:00:00,89.94727325439453,144.0,NULL
4173,8,8,0,8,141,2016-12-27 21:00:00,89.94727325439453,144.0,NULL
4174,8,8,0,8,142,2016-12-27 22:00:00,89.94727325439453,144.0,NULL
4175,8,8,0,8,143,2016-12-27 23:00:00,89.94727325439453,144.0,NULL
4176,8,8,0,8,144,2016-12-28 00:00:00,89.94727325439453,144.0,NULL
4177,8,8,0,8,145,2016-12-28 01:00:00,89.94727325439453,144.0,NULL
4178,8,8,0,8,146,2016-12-28 02:00:00,89.94727325439453,144.0,NULL
4179,8,8,0,8,147,2016-12-28 03:00:00,89.94727325439453,144.0,NULL
4180,8,8,0,8,148,2016-12-28 04:00:00,89.94727325439453,144.0,NULL
4181,8,8,0,8,149,2016-12-28 05:00:00,89.94727325439453,144.0,NULL
4182,8,8,0,8,150,2016-12-28 06:00:00,89.94727325439453,144.0,NULL
4183,8,8,0,8,151,2016-12-28 07:00:00,89.94727325439453,144.0,NULL
4184,8,8,0,8,152,2016-12-28 08:00:00,89.94727325439453,144.0,NULL
4185,8,8,0,8,153,2016-12-28 09:00:00,89.94727325439453,144.0,NULL
4186,8,8,0,8,154,2016-12-28 10:00:00,89.94727325439453,144.0,NULL
4187,8,8,0,8,155,2016-12-28 11:00:00,89.94727325439453,144.0,NULL
4188,8,8,0,8,156,2016-12-28 12:00:00,89.94727325439453,144.0,NULL
4189,8,8,0,8,157,2016-12-28 13:00:00,89.94727325439453,144.0,NULL
4190,8,8,0,8,158,2016-12-28 14:00:00,89.94727325439453,144.0,NULL
4191,8,8,0,8,159,2016-12-28 15:00:00,89.94727325439453,144.0,NULL
4192,8,8,0,8,160,2016-12-28 16:00:00,89.94727325439453,144.0,NULL
4193,8,8,0,8,161,2016-12-28 17:00:00,89.94727325439453,144.0,NULL
4194,8,8,0,8,162,2016-12-28 18:00:00,89.94727325439453,144.0,NULL
4195,8,8,0,8,163,2016-12-28 19:00:00,89.94727325439453,144.0,NULL
4196,8,8,0,8,164,2016-12-28 20:00:00,89.94727325439453,144.0,NULL
4197,8,8,0,8,165,2016-12-28 21:00:00,89.94727325439453,144.0,NULL
4198,8,8,0,8,166,2016-12-28 22:00:00,89.94727325439453,144.0,NULL
4199,8,8,0,8,167,2016-12-28 23:00:00,89.94727325439453,144.0,NULL
4200,8,8,0,8,168,2016-12-29 00:00:00,89.94727325439453,144.0,NULL
4201,8,8,0,8,169,2016-12-29 01:00:00,89.94727325439453,144.0,NULL
4202,8,8,0,8,170,2016-12-29 02:00:00,89.94727325439453,144.0,NULL
4203,8,8,0,8,171,2016-12-29 03:00:00,89.94727325439453,144.0,NULL
4204,8,8,0,8,172,2016-12-29 04:00:00,89.94727325439453,144.0,NULL
4205,8,8,0,8,173,2016-12-29 05:00:00,89.94727325439453,144.0,NULL
4206,8,8,0,8,174,2016-12-29 06:00:00,89.94727325439453,144.0,NULL
4207,8,8,0,8,175,2016-12-29 07:00:00,89.94727325439453,144.0,NULL
4208,8,8,0,8,176,2016-12-29 08:00:00,89.94727325439453,144.0,NULL
4209,8,8,0,8,177,2016-12-29 09:00:00,89.94727325439453,144.0,NULL
4210,8,8,0,8,178,2016-12-29 10:00:00,89.94727325439453,144.0,NULL
4211,8,8,0,8,179,2016-12-29 11:00:00,89.94727325439453,144.0,NULL
4212,8,8,0,8,180,2016-12-29 12:00:00,89.94727325439453,144.0,NULL
4213,8,8,0,8,181,2016-12-29 13:00:00,89.94727325439453,144.0,NULL
4214,8,8,0,8,182,2016-12-29 14:00:00,89.94727325439453,144.0,NULL
4215,8,8,0,8,183,2016-12-29 15:00:00,89.94727325439453,144.0,NULL
4216,8,8,0,8,184,2016-12-29 16:00:00,89.94727325439453,144.0,NULL
4217,8,8,0,8,185,2016-12-29 17:00:00,89.94727325439453,144.0,NULL
4218,8,8,0,8,186,2016-12-29 18:00:00,89.94727325439453,144.0,NULL
4219,8,8,0,8,187,2016-12-29 19:00:00,89.94727325439453,144.0,NULL
4220,8,8,0,8,188,2016-12-29 20:00:00,89.94727325439453,144.0,NULL
4221,8,8,0,8,189,2016-12-29 21:00:00,89.94727325439453,144.0,NULL
4222,8,8,0,8,190,2016-12-29 22:00:00,89.94727325439453,144.0,NULL
4223,8,8,0,8,191,2016-12-29 23:00:00,89.94727325439453,144.0,NULL
4224,8,8,0,8,192,2016-12-30 00:00:00,89.94727325439453,144.0,NULL
4225,8,8,0,8,193,2016-12-30 01:00:00,89.94727325439453,144.0,NULL
4226,8,8,0,8,194,2016-12-30 02:00:00,89.94727325439453,144.0,NULL
4227,8,8,0,8,195,2016-12-30 03:00:00,89.94727325439453,144.0,NULL
4228,8,8,0,8,196,2016-12-30 04:00:00,89.94727325439453,144.0,NULL
4229,8,8,0,8,197,2016-12-30 05:00:00,89.94727325439453,144.0,NULL
4230,8,8,0,8,198,2016-12-30 06:00:00,89.94727325439453,144.0,NULL
4231,8,8,0,8,199,2016-12-30 07:00:00,89.94727325439453,144.0,NULL
4232,8,8,0,8,200,2016-12-30 08:00:00,89.94727325439453,144.0,NULL
4233,8,8,0,8,201,2016-12-30 09:00:00,89.94727325439453,144.0,NULL
4234,8,8,0,8,202,2016-12-30 10:00:00,89.94727325439453,144.0,NULL
4235,8,8,0,8,203,2016-12-30 11:00:00,89.94727325439453,144.0,NULL
4236,8,8,0,8,204,2016-12-30 12:00:00,89.94727325439453,144.0,NULL
4237,8,8,0,8,205,2016-12-30 13:00:00,89.94727325439453,144.0,NULL
4238,8,8,0,8,206,2016-12-30 14:00:00,89.94727325439453,144.0,NULL
4239,8,8,0,8,207,2016-12-30 15:00:00,89.94727325439453,144.0,NULL
4240,8,8,0,8,208,2016-12-30 16:00:00,89.94727325439453,144.0,NULL
4241,8,8,0,8,209,2016-12-30 17:00:00,89.94727325439453,144.0,NULL
4242,8,8,0,8,210,2016-12-30 18:00:00,89.94727325439453,144.0,NULL
4243,8,8,0,8,211,2016-12-30 19:00:00,89.94727325439453,144.0,NULL
4244,8,8,0,8,212,2016-12-30 20:00:00,89.94727325439453,144.0,NULL
4245,8,8,0,8,213,2016-12-30 21:00:00,89.94727325439453,144.0,NULL
4246,8,8,0,8,214,2016-12-30 22:00:00,89.94727325439453,144.0,NULL
4247,8,8,0,8,215,2016-12-30 23:00:00,89.94727325439453,144.0,NULL
4248,8,8,0,8,216,2016-12-31 00:00:00,89.94727325439453,144.0,NULL
4249,8,8,0,8,217,2016-12-31 01:00:00,89.94727325439453,144.0,-21.2
4250,8,8,0,8,218,2016-12-31 02:00:00,89.94727325439453,144.0,-21.05
4251,8,8,0,8,219,2016-12-31 03:00:00,89.94727325439453,144.0,-20.9
4252,8,8,0,8,220,2016-12-31 04:00:00,89.94727325439453,144.0,-20.65
4253,8,8,0,8,221,2016-12-31 05:00:00,89.94727325439453,144.0,-20.4
4254,8,8,0,8,222,2016-12-31 06:00:00,89.94727325439453,144.0,-20.1
4255,8,8,0,8,223,2016-12-31 07:00:00,89.94727325439453,144.0,-19.9
4256,8,8,0,8,224,2016-12-31 08:00:00,89.94727325439453,144.0,-19.6
4257,8,8,0,8,225,2016-12-31 09:00:00,89.94727325439453,144.0,-19.35
4258,8,8,0,8,226,2016-12-31 10:00:00,89.94727325439453,144.0,-19.0
4259,8,8,0,8,227,2016-12-31 11:00:00,89.94727325439453,144.0,-18.85
4260,8,8,0,8,228,2016-12-31 12:00:00,89.94727325439453,144.0,-18.9
4261,8,8,0,8,229,2016-12-31 13:00:00,89.94727325439453,144.0,-20.15
4262,8,8,0,8,230,2016-12-31 14:00:00,89.94727325439453,144.0,-19.9
4263,8,8,0,8,231,2016-12-31 15:00:00,89.94727325439453,144.0,-19.7
4264,8,8,0,8,232,2016-12-31 16:00:00,89.94727325439453,144.0,-19.65
4265,8,8,0,8,233,2016-12-31 17:00:00,89.94727325439453,144.0,-19.6
4266,8,8,0,8,234,2016-12-31 18:00:00,89.94727325439453,144.0,-19.65
4267,8,8,0,8,235,2016-12-31 19:00:00,89.94727325439453,144.0,-19.7
4268,8,8,0,8,236,2016-12-31 20:00:00,89.94727325439453,144.0,-19.75
4269,8,8,0,8,237,2016-12-31 21:00:00,89.94727325439453,144.0,-19.75
4270,8,8,0,8,238,2016-12-31 22:00:00,89.94727325439453,144.0,-19.6
4271,8,8,0,8,239,2016-12-31 23:00:00,89.94727325439453,144.0,-19.45
4272,8,8,0,8,240,2017-01-01 00:00:00,89.94727325439453,144.0,-19.15
4273,8,8,0,8,241,2017-01-01 01:00:00,89.94727325439453,144.0,-18.8
4274,8,8,0,8,242,2017-01-01 02:00:00,89.94727325439453,144.0,-18.5
4275,8,8,0,8,243,2017-01-01 03:00:00,89.94727325439453,144.0,-18.2
4276,8,8,0,8,244,2017-01-01 04:00:00,89.94727325439453,144.0,-18.05
4277,8,8,0,8,245,2017-01-01 05:00:00,89.94727325439453,144.0,-18.1
4278,8,8,0,8,246,2017-01-01 06:00:00,89.94727325439453,144.0,-18.4
4279,8,8,0,8,247,2017-01-01 07:00:00,89.94727325439453,144.0,-19.0
4280,8,8,0,8,248,2017-01-01 08:00:00,89.94727325439453,144.0,-19.05
4281,8,8,0,8,249,2017-01-01 09:00:00,89.94727325439453,144.0,-19.05
4282,8,8,0,8,250,2017-01-01 10:00:00,89.94727325439453,144.0,-19.05
4283,8,8,0,8,251,2017-01-01 11:00:00,89.94727325439453,144.0,-19.25
4284,8,8,0,8,252,2017-01-01 12:00:00,89.94727325439453,144.0,-19.4
4285,8,8,0,8,253,2017-01-01 13:00:00,89.94727325439453,144.0,-21.15
4286,8,8,0,8,254,2017-01-01 14:00:00,89.94727325439453,144.0,-21.3
4287,8,8,0,8,255,2017-01-01 15:00:00,89.94727325439453,144.0,-21.6
4288,8,8,0,8,256,2017-01-01 16:00:00,89.94727325439453,144.0,-21.9
4289,8,8,0,8,257,2017-01-01 17:00:00,89.94727325439453,144.0,-22.2
4290,8,8,0,8,258,2017-01-01 18:00:00,89.94727325439453,144.0,-22.45
4291,8,8,0,8,259,2017-01-01 19:00:00,89.94727325439453,144.0,-22.55
4292,8,8,0,8,260,2017-01-01 20:00:00,89.94727325439453,144.0,-22.15
4293,8,8,0,8,261,2017-01-01 21:00:00,89.94727325439453,144.0,-21.55
4294,8,8,0,8,262,2017-01-01 22:00:00,89.94727325439453,144.0,-20.75
4295,8,8,0,8,263,2017-01-01 23:00:00,89.94727325439453,144.0,-20.0
4296,8,8,0,8,264,2017-01-02 00:00:00,89.94727325439453,144.0,-20.15
4297,8,8,0,8,265,2017-01-02 01:00:00,89.94727325439453,144.0,NULL
4298,8,8,0,8,266,2017-01-02 02:00:00,89.94727325439453,144.0,NULL
4299,8,8,0,8,267,2017-01-02 03:00:00,89.94727325439453,144.0,NULL
4300,8,8,0,8,268,2017-01-02 04:00:00,89.94727325439453,144.0,NULL
4301,8,8,0,8,269,2017-01-02 05:00:00,89.94727325439453,144.0,NULL
4302,8,8,0,8,270,2017-01-02 06:00:00,89.94727325439453,144.0,NULL
4303,8,8,0,8,271,2017-01-02 07:00:00,89.94727325439453,144.0,NULL
4304,8,8,0,8,272,2017-01-02 08:00:00,89.94727325439453,144.0,NULL
4305,8,8,0,8,273,2017-01-02 09:00:00,89.94727325439453,144.0,NULL
4306,8,8,0,8,274,2017-01-02 10:00:00,89.94727325439453,144.0,NULL
4307,8,8,0,8,275,2017-01-02 11:00:00,89.94727325439453,144.0,NULL
4308,8,8,0,8,276,2017-01-02 12:00:00,89.94727325439453,144.0,NULL
4309,8,8,0,8,277,2017-01-02 13:00:00,89.94727325439453,144.0,NULL
4310,8,8,0,8,278,2017-01-02 14:00:00,89.94727325439453,144.0,NULL
4311,8,8,0,8,279,2017-01-02 15:00:00,89.94727325439453,144.0,NULL
4312,8,8,0,8,280,2017-01-02 16:00:00,89.94727325439453,144.0,NULL
4313,8,8,0,8,281,2017-01-02 17:00:00,89.94727325439453,144.0,NULL
4314,8,8,0,8,282,2017-01-02 18:00:00,89.94727325439453,144.0,NULL
4315,8,8,0,8,283,2017-01-02 19:00:00,89.94727325439453,144.0,NULL
4316,8,8,0,8,284,2017-01-02 20:00:00,89.94727325439453,144.0,NULL
4317,8,8,0,8,285,2017-01-02 21:00:00,89.94727325439453,144.0,NULL
4318,8,8,0,8,286,2017-01-02 22:00:00,89.94727325439453,144.0,NULL
4319,8,8,0,8,287,2017-01-02 23:00:00,89.94727325439453,144.0,NULL
4320,8,8,0,8,288,2017-01-03 00:00:00,89.94727325439453,144.0,NULL
4321,8,8,0,8,289,2017-01-03 01:00:00,89.94727325439453,144.0,NULL
4322,8,8,0,8,290,2017-01-03 02:00:00,89.94727325439453,144.0,NULL
4323,8,8,0,8,291,2017-01-03 03:00:00,89.94727325439453,144.0,NULL
4324,8,8,0,8,292,2017-01-03 04:00:00,89.94727325439453,144.0,NULL
4325,8,8,0,8,293,2017-01-03 05:00:00,89.94727325439453,144.0,NULL
4326,8,8,0,8,294,2017-01-03 06:00:00,89.94727325439453,144.0,NULL
4327,8,8,0,8,295,2017-01-03 07:00:00,89.94727325439453,144.0,NULL
4328,8,8,0,8,296,2017-01-03 08:00:00,89.94727325439453,144.0,NULL
4329,8,8,0,8,297,2017-01-03 09:00:00,89.94727325439453,144.0,NULL
4330,8,8,0,8,298,2017-01-03 10:00:00,89.94727325439453,144.0,NULL
4331,8,8,0,8,299,2017-01-03 11:00:00,89.94727325439453,144.0,NULL
4332,8,8,0,8,300,2017-01-03 12:00:00,89.94727325439453,144.0,NULL
4333,8,8,0,8,301,2017-01-03 13:00:00,89.94727325439453,144.0,NULL
4334,8,8,0,8,302,2017-01-03 14:00:00,89.94727325439453,144.0,NULL
4335,8,8,0,8,303,2017-01-03 15:00:00,89.94727325439453,144.0,NULL
4336,8,8,0,8,304,2017-01-03 16:00:00,89.94727325439453,144.0,NULL
4337,8,8,0,8,305,2017-01-03 17:00:00,89.94727325439453,144.0,NULL
4338,8,8,0,8,306,2017-01-03 18:00:00,89.94727325439453,144.0,NULL
4339,8,8,0,8,307,2017-01-03 19:00:00,89.94727325439453,144.0,NULL
4340,8,8,0,8,308,2017-01-03 20:00:00,89.94727325439453,144.0,NULL
4341,8,8,0,8,309,2017-01-03 21:00:00,89.94727325439453,144.0,NULL
4342,8,8,0,8,310,2017-01-03 22:00:00,89.94727325439453,144.0,NULL
4343,8,8,0,8,311,2017-01-03 23:00:00,89.94727325439453,144.0,NULL
4344,8,8,0,8,312,2017-01-04 00:00:00,89.94727325439453,144.0,NULL
4345,8,8,0,8,313,2017-01-04 01:00:00,89.94727325439453,144.0,NULL
4346,8,8,0,8,314,2017-01-04 02:00:00,89.94727325439453,144.0,NULL
4347,8,8,0,8,315,2017-01-04 03:00:00,89.94727325439453,144.0,NULL
4348,8,8,0,8,316,2017-01-04 04:00:00,89.94727325439453,144.0,NULL
4349,8,8,0,8,317,2017-01-04 05:00:00,89.94727325439453,144.0,NULL
4350,8,8,0,8,318,2017-01-04 06:00:00,89.94727325439453,144.0,NULL
4351,8,8,0,8,319,2017-01-04 07:00:00,89.94727325439453,144.0,NULL
4352,8,8,0,8,320,2017-01-04 08:00:00,89.94727325439453,144.0,NULL
4353,8,8,0,8,321,2017-01-04 09:00:00,89.94727325439453,144.0,NULL
4354,8,8,0,8,322,2017-01-04 10:00:00,89.94727325439453,144.0,NULL
4355,8,8,0,8,323,2017-01-04 11:00:00,89.94727325439453,144.0,NULL
4356,8,8,0,8,324,2017-01-04 12:00:00,89.94727325439453,144.0,NULL
4357,8,8,0,8,325,2017-01-04 13:00:00,89.94727325439453,144.0,NULL
4358,8,8,0,8,326,2017-01-04 14:00:00,89.94727325439453,144.0,NULL
4359,8,8,0,8,327,2017-01-04 15:00:00,89.94727325439453,144.0,NULL
4360,8,8,0,8,328,2017-01-04 16:00:00,89.94727325439453,144.0,NULL
4361,8,8,0,8,329,2017-01-04 17:00:00,89.94727325439453,144.0,NULL
4362,8,8,0,8,330,2017-01-04 18:00:00,89.94727325439453,144.0,NULL
4363,8,8,0,8,331,2017-01-04 19:00:00,89.94727325439453,144.0,NULL
4364,8,8,0,8,332,2017-01-04 20:00:00,89.94727325439453,144.0,NULL
4365,8,8,0,8,333,2017-01-04 21:00:00,89.94727325439453,144.0,NULL
4366,8,8,0,8,334,2017-01-04 22:00:00,89.94727325439453,144.0,NULL
4367,8,8,0,8,335,2017-01-04 23:00:00,89.94727325439453,144.0,NULL
4368,8,8,0,8,336,2017-01-05 00:00:00,89.94727325439453,144.0,NULL
4369,8,8,0,8,337,2017-01-05 01:00:00,89.94727325439453,144.0,NULL
4370,8,8,0,8,338,2017-01-05 02:00:00,89.94727325439453,144.0,NULL
4371,8,8,0,8,339,2017-01-05 03:00:00,89.94727325439453,144.0,NULL
4372,8,8,0,8,340,2017-01-05 04:00:00,89.94727325439453,144.0,NULL
4373,8,8,0,8,341,2017-01-05 05:00:00,89.94727325439453,144.0,NULL
4374,8,8,0,8,342,2017-01-05 06:00:00,89.94727325439453,144.0,NULL
4375,8,8,0,8,343,2017-01-05 07:00:00,89.94727325439453,144.0,NULL
4376,8,8,0,8,344,2017-01-05 08:00:00,89.94727325439453,144.0,NULL
4377,8,8,0,8,345,2017-01-05 09:00:00,89.94727325439453,144.0,NULL
4378,8,8,0,8,346,2017-01-05 10:00:00,89.94727325439453,144.0,NULL
4379,8,8,0,8,347,2017-01-05 11:00:00,89.94727325439453,144.0,NULL
4380,8,8,0,8,348,2017-01-05 12:00:00,89.94727325439453,144.0,NULL
4381,8,8,0,8,349,2017-01-05 13:00:00,89.94727325439453,144.0,NULL
4382,8,8,0,8,350,2017-01-05 14:00:00,89.94727325439453,144.0,NULL
4383,8,8,0,8,351,2017-01-05 15:00:00,89.94727325439453,144.0,NULL
4384,8,8,0,8,352,2017-01-05 16:00:00,89.94727325439453,144.0,NULL
4385,8,8,0,8,353,2017-01-05 17:00:00,89.94727325439453,144.0,NULL
4386,8,8,0,8,354,2017-01-05 18:00:00,89.94727325439453,144.0,NULL
4387,8,8,0,8,355,2017-01-05 19:00:00,89.94727325439453,144.0,NULL
4388,8,8,0,8,356,2017-01-05 20:00:00,89.94727325439453,144.0,NULL
4389,8,8,0,8,357,2017-01-05 21:00:00,89.94727325439453,144.0,NULL
4390,8,8,0,8,358,2017-01-05 22:00:00,89.94727325439453,144.0,NULL
4391,8,8,0,8,359,2017-01-05 23:00:00,89.94727325439453,144.0,NULL
4392,8,8,0,8,360,2017-01-06 00:00:00,89.94727325439453,144.0,NULL
4393,8,8,0,8,361,2017-01-06 01:00:00,89.94727325439453,144.0,NULL
4394,8,8,0,8,362,2017-01-06 02:00:00,89.94727325439453,144.0,NULL
4395,8,8,0,8,363,2017-01-06 03:00:00,89.94727325439453,144.0,NULL
4396,8,8,0,8,364,2017-01-06 04:00:00,89.94727325439453,144.0,NULL
4397,8,8,0,8,365,2017-01-06 05:00:00,89.94727325439453,144.0,NULL
4398,8,8,0,8,366,2017-01-06 06:00:00,89.94727325439453,144.0,NULL
4399,8,8,0,8,367,2017-01-06 07:00:00,89.94727325439453,144.0,NULL
4400,8,8,0,8,368,2017-01-06 08:00:00,89.94727325439453,144.0,NULL
4401,8,8,0,8,369,2017-01-06 09:00:00,89.94727325439453,144.0,NULL
4402,8,8,0,8,370,2017-01-06 10:00:00,89.94727325439453,144.0,NULL
4403,8,8,0,8,371,2017-01-06 11:00:00,89.94727325439453,144.0,NULL
4404,8,8,0,8,372,2017-01-06 12:00:00,89.94727325439453,144.0,NULL
4405,8,8,0,8,373,2017-01-06 13:00:00,89.94727325439453,144.0,NULL
4406,8,8,0,8,374,2017-01-06 14:00:00,89.94727325439453,144.0,NULL
4407,8,8,0,8,375,2017-01-06 15:00:00,89.94727325439453,144.0,NULL
4408,8,8,0,8,376,2017-01-06 16:00:00,89.94727325439453,144.0,NULL
4409,8,8,0,8,377,2017-01-06 17:00:00,89.94727325439453,144.0,NULL
4410,8,8,0,8,378,2017-01-06 18:00:00,89.94727325439453,144.0,NULL
4411,8,8,0,8,379,2017-01-06 19:00:00,89.94727325439453,144.0,NULL
4412,8,8,0,8,380,2017-01-06 20:00:00,89.94727325439453,144.0,NULL
4413,8,8,0,8,381,2017-01-06 21:00:00,89.94727325439453,144.0,NULL
4414,8,8,0,8,382,2017-01-06 22:00:00,89.94727325439453,144.0,NULL
4415,8,8,0,8,383,2017-01-06 23:00:00,89.94727325439453,144.0,NULL
4416,8,8,0,8,384,2017-01-07 00:00:00,89.94727325439453,144.0,NULL
4417,8,8,0,8,385,2017-01-07 01:00:00,89.94727325439453,144.0,NULL
4418,8,8,0,8,386,2017-01-07 02:00:00,89.94727325439453,144.0,NULL
4419,8,8,0,8,387,2017-01-07 03:00:00,89.94727325439453,144.0,NULL
4420,8,8,0,8,388,2017-01-07 04:00:00,89.94727325439453,144.0,NULL
4421,8,8,0,8,389,2017-01-07 05:00:00,89.94727325439453,144.0,NULL
4422,8,8,0,8,390,2017-01-07 06:00:00,89.94727325439453,144.0,NULL
4423,8,8,0,8,391,2017-01-07 07:00:00,89.94727325439453,144.0,NULL
4424,8,8,0,8,392,2017-01-07 08:00:00,89.94727325439453,144.0,NULL
4425,8,8,0,8,393,2017-01-07 09:00:00,89.94727325439453,144.0,NULL
4426,8,8,0,8,394,2017-01-07 10:00:00,89.94727325439453,144.0,NULL
4427,8,8,0,8,395,2017-01-07 11:00:00,89.94727325439453,144.0,NULL
4428,8,8,0,8,396,2017-01-07 12:00:00,89.94727325439453,144.0,NULL
4429,8,8,0,8,397,2017-01-07 13:00:00,89.94727325439453,144.0,NULL
4430,8,8,0,8,398,2017-01-07 14:00:00,89.94727325439453,144.0,NULL
4431,8,8,0,8,399,2017-01-07 15:00:00,89.94727325439453,144.0,NULL
4432,8,8,0,8,400,2017-01-07 16:00:00,89.94727325439453,144.0,NULL
4433,8,8,0,8,401,2017-01-07 17:00:00,89.94727325439453,144.0,NULL
4434,8,8,0,8,402,2017-01-07 18:00:00,89.94727325439453,144.0,NULL
4435,8,8,0,8,403,2017-01-07 19:00:00,89.94727325439453,144.0,NULL
4436,8,8,0,8,404,2017-01-07 20:00:00,89.94727325439453,144.0,NULL
4437,8,8,0,8,405,2017-01-07 21:00:00,89.94727325439453,144.0,NULL
4438,8,8,0,8,406,2017-01-07 22:00:00,89.94727325439453,144.0,NULL
4439,8,8,0,8,407,2017-01-07 23:00:00,89.94727325439453,144.0,NULL
4440,8,8,0,8,408,2017-01-08 00:00:00,89.94727325439453,144.0,NULL
4441,8,8,0,8,409,2017-01-08 01:00:00,89.94727325439453,144.0,NULL
4442,8,8,0,8,410,2017-01-08 02:00:00,89.94727325439453,144.0,NULL
4443,8,8,0,8,411,2017-01-08 03:00:00,89.94727325439453,144.0,NULL
4444,8,8,0,8,412,2017-01-08 04:00:00,89.94727325439453,144.0,NULL
4445,8,8,0,8,413,2017-01-08 05:00:00,89.94727325439453,144.0,NULL
4446,8,8,0,8,414,2017-01-08 06:00:00,89.94727325439453,144.0,NULL
4447,8,8,0,8,415,2017-01-08 07:00:00,89.94727325439453,144.0,NULL
4448,8,8,0,8,416,2017-01-08 08:00:00,89.94727325439453,144.0,NULL
4449,8,8,0,8,417,2017-01-08 09:00:00,89.94727325439453,144.0,NULL
4450,8,8,0,8,418,2017-01-08 10:00:00,89.94727325439453,144.0,NULL
4451,8,8,0,8,419,2017-01-08 11:00:00,89.94727325439453,144.0,NULL
4452,8,8,0,8,420,2017-01-08 12:00:00,89.94727325439453,144.0,NULL
4453,8,8,0,8,421,2017-01-08 13:00:00,89.94727325439453,144.0,NULL
4454,8,8,0,8,422,2017-01-08 14:00:00,89.94727325439453,144.0,NULL
4455,8,8,0,8,423,2017-01-08 15:00:00,89.94727325439453,144.0,NULL
4456,8,8,0,8,424,2017-01-08 16:00:00,89.94727325439453,144.0,NULL
4457,8,8,0,8,425,2017-01-08 17:00:00,89.94727325439453,144.0,NULL
4458,8,8,0,8,426,2017-01-08 18:00:00,89.94727325439453,144.0,NULL
4459,8,8,0,8,427,2017-01-08 19:00:00,89.94727325439453,144.0,NULL
4460,8,8,0,8,428,2017-01-08 20:00:00,89.94727325439453,144.0,NULL
4461,8,8,0,8,429,2017-01-08 21:00:00,89.94727325439453,144.0,NULL
4462,8,8,0,8,430,2017-01-08 22:00:00,89.94727325439453,144.0,NULL
4463,8,8,0,8,431,2017-01-08 23:00:00,89.94727325439453,144.0,NULL
4464,8,8,0,8,432,2017-01-09 00:00:00,89.94727325439453,144.0,NULL
4465,8,8,0,8,433,2017-01-09 01:00:00,89.94727325439453,144.0,NULL
4466,8,8,0,8,434,2017-01-09 02:00:00,89.94727325439453,144.0,NULL
4467,8,8,0,8,435,2017-01-09 03:00:00,89.94727325439453,144.0,NULL
4468,8,8,0,8,436,2017-01-09 04:00:00,89.94727325439453,144.0,NULL
4469,8,8,0,8,437,2017-01-09 05:00:00,89.94727325439453,144.0,NULL
4470,8,8,0,8,438,2017-01-09 06:00:00,89.94727325439453,144.0,NULL
4471,8,8,0,8,439,2017-01-09 07:00:00,89.94727325439453,144.0,NULL
4472,8,8,0,8,440,2017-01-09 08:00:00,89.94727325439453,144.0,NULL
4473,8,8,0,8,441,2017-01-09 09:00:00,89.94727325439453,144.0,NULL
4474,8,8,0,8,442,2017-01-09 10:00:00,89.94727325439453,144.0,NULL
4475,8,8,0,8,443,2017-01-09 11:00:00,89.94727325439453,144.0,NULL
4476,8,8,0,8,444,2017-01-09 12:00:00,89.94727325439453,144.0,NULL
4477,8,8,0,8,445,2017-01-09 13:00:00,89.94727325439453,144.0,NULL
4478,8,8,0,8,446,2017-01-09 14:00:00,89.94727325439453,144.0,NULL
4479,8,8,0,8,447,2017-01-09 15:00:00,89.94727325439453,144.0,NULL
4480,8,8,0,8,448,2017-01-09 16:00:00,89.94727325439453,144.0,NULL
4481,8,8,0,8,449,2017-01-09 17:00:00,89.94727325439453,144.0,NULL
4482,8,8,0,8,450,2017-01-09 18:00:00,89.94727325439453,144.0,NULL
4483,8,8,0,8,451,2017-01-09 19:00:00,89.94727325439453,144.0,NULL
4484,8,8,0,8,452,2017-01-09 20:00:00,89.94727325439453,144.0,NULL
4485,8,8,0,8,453,2017-01-09 21:00:00,89.94727325439453,144.0,NULL
4486,8,8,0,8,454,2017-01-09 22:00:00,89.94727325439453,144.0,NULL
4487,8,8,0,8,455,2017-01-09 23:00:00,89.94727325439453,144.0,NULL
4488,8,8,0,8,456,2017-01-10 00:00:00,89.94727325439453,144.0,NULL
4489,8,8,0,8,457,2017-01-10 01:00:00,89.94727325439453,144.0,NULL
4490,8,8,0,8,458,2017-01-10 02:00:00,89.94727325439453,144.0,NULL
4491,8,8,0,8,459,2017-01-10 03:00:00,89.94727325439453,144.0,NULL
4492,8,8,0,8,460,2017-01-10 04:00:00,89.94727325439453,144.0,NULL
4493,8,8,0,8,461,2017-01-10 05:00:00,89.94727325439453,144.0,NULL
4494,8,8,0,8,462,2017-01-10 06:00:00,89.94727325439453,144.0,NULL
4495,8,8,0,8,463,2017-01-10 07:00:00,89.94727325439453,144.0,NULL
4496,8,8,0,8,464,2017-01-10 08:00:00,89.94727325439453,144.0,NULL
4497,8,8,0,8,465,2017-01-10 09:00:00,89.94727325439453,144.0,NULL
4498,8,8,0,8,466,2017-01-10 10:00:00,89.94727325439453,144.0,NULL
4499,8,8,0,8,467,2017-01-10 11:00:00,89.94727325439453,144.0,NULL
4500,8,8,0,8,468,2017-01-10 12:00:00,89.94727325439453,144.0,NULL
4501,8,8,0,8,469,2017-01-10 13:00:00,89.94727325439453,144.0,NULL
4502,8,8,0,8,470,2017-01-10 14:00:00,89.94727325439453,144.0,NULL
4503,8,8,0,8,471,2017-01-10 15:00:00,89.94727325439453,144.0,NULL
4504,8,8,0,8,472,2017-01-10 16:00:00,89.94727325439453,144.0,NULL
4505,8,8,0,8,473,2017-01-10 17:00:00,89.94727325439453,144.0,NULL
4506,8,8,0,8,474,2017-01-10 18:00:00,89.94727325439453,144.0,NULL
4507,8,8,0,8,475,2017-01-10 19:00:00,89.94727325439453,144.0,NULL
4508,8,8,0,8,476,2017-01-10 20:00:00,89.94727325439453,144.0,NULL
4509,8,8,0,8,477,2017-01-10 21:00:00,89.94727325439453,144.0,NULL
4510,8,8,0,8,478,2017-01-10 22:00:00,89.94727325439453,144.0,NULL
4511,8,8,0,8,479,2017-01-10 23:00:00,89.94727325439453,144.0,NULL
4512,8,8,0,8,480,2017-01-11 00:00:00,89.94727325439453,144.0,NULL
4513,8,8,0,8,481,2017-01-11 01:00:00,89.94727325439453,144.0,NULL
4514,8,8,0,8,482,2017-01-11 02:00:00,89.94727325439453,144.0,NULL
4515,8,8,0,8,483,2017-01-11 03:00:00,89.94727325439453,144.0,NULL
4516,8,8,0,8,484,2017-01-11 04:00:00,89.94727325439453,144.0,NULL
4517,8,8,0,8,485,2017-01-11 05:00:00,89.94727325439453,144.0,NULL
4518,8,8,0,8,486,2017-01-11 06:00:00,89.94727325439453,144.0,NULL
4519,8,8,0,8,487,2017-01-11 07:00:00,89.94727325439453,144.0,NULL
4520,8,8,0,8,488,2017-01-11 08:00:00,89.94727325439453,144.0,NULL
4521,8,8,0,8,489,2017-01-11 09:00:00,89.94727325439453,144.0,NULL
4522,8,8,0,8,490,2017-01-11 10:00:00,89.94727325439453,144.0,NULL
4523,8,8,0,8,491,2017-01-11 11:00:00,89.94727325439453,144.0,NULL
4524,8,8,0,8,492,2017-01-11 12:00:00,89.94727325439453,144.0,NULL
4525,8,8,0,8,493,2017-01-11 13:00:00,89.94727325439453,144.0,NULL
4526,8,8,0,8,494,2017-01-11 14:00:00,89.94727325439453,144.0,NULL
4527,8,8,0,8,495,2017-01-11 15:00:00,89.94727325439453,144.0,NULL
4528,8,8,0,8,496,2017-01-11 16:00:00,89.94727325439453,144.0,NULL
4529,8,8,0,8,497,2017-01-11 17:00:00,89.94727325439453,144.0,NULL
4530,8,8,0,8,498,2017-01-11 18:00:00,89.94727325439453,144.0,NULL
4531,8,8,0,8,499,2017-01-11 19:00:00,89.94727325439453,144.0,NULL
4532,8,8,0,8,500,2017-01-11 20:00:00,89.94727325439453,144.0,NULL
4533,8,8,0,8,501,2017-01-11 21:00:00,89.94727325439453,144.0,NULL
4534,8,8,0,8,502,2017-01-11 22:00:00,89.94727325439453,144.0,NULL
4535,8,8,0,8,503,2017-01-11 23:00:00,89.94727325439453,144.0,NULL
4536,9,9,0,9,0,2016-12-22 00:00:00,89.94727325439453,162.0,NULL
4537,9,9,0,9,1,2016-12-22 01:00:00,89.94727325439453,162.0,NULL
4538,9,9,0,9,2,2016-12-22 02:00:00,89.94727325439453,162.0,NULL
4539,9,9,0,9,3,2016-12-22 03:00:00,89.94727325439453,162.0,NULL
4540,9,9,0,9,4,2016-12-22 04:00:00,89.94727325439453,162.0,NULL
4541,9,9,0,9,5,2016-12-22 05:00:00,89.94727325439453,162.0,NULL
4542,9,9,0,9,6,2016-12-22 06:00:00,89.94727325439453,162.0,NULL
4543,9,9,0,9,7,2016-12-22 07:00:00,89.94727325439453,162.0,NULL
4544,9,9,0,9,8,2016-12-22 08:00:00,89.94727325439453,162.0,NULL
4545,9,9,0,9,9,2016-12-22 09:00:00,89.94727325439453,162.0,NULL
4546,9,9,0,9,10,2016-12-22 10:00:00,89.94727325439453,162.0,NULL
4547,9,9,0,9,11,2016-12-22 11:00:00,89.94727325439453,162.0,NULL
4548,9,9,0,9,12,2016-12-22 12:00:00,89.94727325439453,162.0,NULL
4549,9,9,0,9,13,2016-12-22 13:00:00,89.94727325439453,162.0,NULL
4550,9,9,0,9,14,2016-12-22 14:00:00,89.94727325439453,162.0,NULL
4551,9,9,0,9,15,2016-12-22 15:00:00,89.94727325439453,162.0,NULL
4552,9,9,0,9,16,2016-12-22 16:00:00,89.94727325439453,162.0,NULL
4553,9,9,0,9,17,2016-12-22 17:00:00,89.94727325439453,162.0,NULL
4554,9,9,0,9,18,2016-12-22 18:00:00,89.94727325439453,162.0,NULL
4555,9,9,0,9,19,2016-12-22 19:00:00,89.94727325439453,162.0,NULL
4556,9,9,0,9,20,2016-12-22 20:00:00,89.94727325439453,162.0,NULL
4557,9,9,0,9,21,2016-12-22 21:00:00,89.94727325439453,162.0,NULL
4558,9,9,0,9,22,2016-12-22 22:00:00,89.94727325439453,162.0,NULL
4559,9,9,0,9,23,2016-12-22 23:00:00,89.94727325439453,162.0,NULL
4560,9,9,0,9,24,2016-12-23 00:00:00,89.94727325439453,162.0,NULL
4561,9,9,0,9,25,2016-12-23 01:00:00,89.94727325439453,162.0,NULL
4562,9,9,0,9,26,2016-12-23 02:00:00,89.94727325439453,162.0,NULL
4563,9,9,0,9,27,2016-12-23 03:00:00,89.94727325439453,162.0,NULL
4564,9,9,0,9,28,2016-12-23 04:00:00,89.94727325439453,162.0,NULL
4565,9,9,0,9,29,2016-12-23 05:00:00,89.94727325439453,162.0,NULL
4566,9,9,0,9,30,2016-12-23 06:00:00,89.94727325439453,162.0,NULL
4567,9,9,0,9,31,2016-12-23 07:00:00,89.94727325439453,162.0,NULL
4568,9,9,0,9,32,2016-12-23 08:00:00,89.94727325439453,162.0,NULL
4569,9,9,0,9,33,2016-12-23 09:00:00,89.94727325439453,162.0,NULL
4570,9,9,0,9,34,2016-12-23 10:00:00,89.94727325439453,162.0,NULL
4571,9,9,0,9,35,2016-12-23 11:00:00,89.94727325439453,162.0,NULL
4572,9,9,0,9,36,2016-12-23 12:00:00,89.94727325439453,162.0,NULL
4573,9,9,0,9,37,2016-12-23 13:00:00,89.94727325439453,162.0,NULL
4574,9,9,0,9,38,2016-12-23 14:00:00,89.94727325439453,162.0,NULL
4575,9,9,0,9,39,2016-12-23 15:00:00,89.94727325439453,162.0,NULL
4576,9,9,0,9,40,2016-12-23 16:00:00,89.94727325439453,162.0,NULL
4577,9,9,0,9,41,2016-12-23 17:00:00,89.94727325439453,162.0,NULL
4578,9,9,0,9,42,2016-12-23 18:00:00,89.94727325439453,162.0,NULL
4579,9,9,0,9,43,2016-12-23 19:00:00,89.94727325439453,162.0,NULL
4580,9,9,0,9,44,2016-12-23 20:00:00,89.94727325439453,162.0,NULL
4581,9,9,0,9,45,2016-12-23 21:00:00,89.94727325439453,162.0,NULL
4582,9,9,0,9,46,2016-12-23 22:00:00,89.94727325439453,162.0,NULL
4583,9,9,0,9,47,2016-12-23 23:00:00,89.94727325439453,162.0,NULL
4584,9,9,0,9,48,2016-12-24 00:00:00,89.94727325439453,162.0,NULL
4585,9,9,0,9,49,2016-12-24 01:00:00,89.94727325439453,162.0,NULL
4586,9,9,0,9,50,2016-12-24 02:00:00,89.94727325439453,162.0,NULL
4587,9,9,0,9,51,2016-12-24 03:00:00,89.94727325439453,162.0,NULL
4588,9,9,0,9,52,2016-12-24 04:00:00,89.94727325439453,162.0,NULL
4589,9,9,0,9,53,2016-12-24 05:00:00,89.94727325439453,162.0,NULL
4590,9,9,0,9,54,2016-12-24 06:00:00,89.94727325439453,162.0,NULL
4591,9,9,0,9,55,2016-12-24 07:00:00,89.94727325439453,162.0,NULL
4592,9,9,0,9,56,2016-12-24 08:00:00,89.94727325439453,162.0,NULL
4593,9,9,0,9,57,2016-12-24 09:00:00,89.94727325439453,162.0,NULL
4594,9,9,0,9,58,2016-12-24 10:00:00,89.94727325439453,162.0,NULL
4595,9,9,0,9,59,2016-12-24 11:00:00,89.94727325439453,162.0,NULL
4596,9,9,0,9,60,2016-12-24 12:00:00,89.94727325439453,162.0,NULL
4597,9,9,0,9,61,2016-12-24 13:00:00,89.94727325439453,162.0,NULL
4598,9,9,0,9,62,2016-12-24 14:00:00,89.94727325439453,162.0,NULL
4599,9,9,0,9,63,2016-12-24 15:00:00,89.94727325439453,162.0,NULL
4600,9,9,0,9,64,2016-12-24 16:00:00,89.94727325439453,162.0,NULL
4601,9,9,0,9,65,2016-12-24 17:00:00,89.94727325439453,162.0,NULL
4602,9,9,0,9,66,2016-12-24 18:00:00,89.94727325439453,162.0,NULL
4603,9,9,0,9,67,2016-12-24 19:00:00,89.94727325439453,162.0,NULL
4604,9,9,0,9,68,2016-12-24 20:00:00,89.94727325439453,162.0,NULL
4605,9,9,0,9,69,2016-12-24 21:00:00,89.94727325439453,162.0,NULL
4606,9,9,0,9,70,2016-12-24 22:00:00,89.94727325439453,162.0,NULL
4607,9,9,0,9,71,2016-12-24 23:00:00,89.94727325439453,162.0,NULL
4608,9,9,0,9,72,2016-12-25 00:00:00,89.94727325439453,162.0,NULL
4609,9,9,0,9,73,2016-12-25 01:00:00,89.94727325439453,162.0,NULL
4610,9,9,0,9,74,2016-12-25 02:00:00,89.94727325439453,162.0,NULL
4611,9,9,0,9,75,2016-12-25 03:00:00,89.94727325439453,162.0,NULL
4612,9,9,0,9,76,2016-12-25 04:00:00,89.94727325439453,162.0,NULL
4613,9,9,0,9,77,2016-12-25 05:00:00,89.94727325439453,162.0,NULL
4614,9,9,0,9,78,2016-12-25 06:00:00,89.94727325439453,162.0,NULL
4615,9,9,0,9,79,2016-12-25 07:00:00,89.94727325439453,162.0,NULL
4616,9,9,0,9,80,2016-12-25 08:00:00,89.94727325439453,162.0,NULL
4617,9,9,0,9,81,2016-12-25 09:00:00,89.94727325439453,162.0,NULL
4618,9,9,0,9,82,2016-12-25 10:00:00,89.94727325439453,162.0,NULL
4619,9,9,0,9,83,2016-12-25 11:00:00,89.94727325439453,162.0,NULL
4620,9,9,0,9,84,2016-12-25 12:00:00,89.94727325439453,162.0,NULL
4621,9,9,0,9,85,2016-12-25 13:00:00,89.94727325439453,162.0,NULL
4622,9,9,0,9,86,2016-12-25 14:00:00,89.94727325439453,162.0,NULL
4623,9,9,0,9,87,2016-12-25 15:00:00,89.94727325439453,162.0,NULL
4624,9,9,0,9,88,2016-12-25 16:00:00,89.94727325439453,162.0,NULL
4625,9,9,0,9,89,2016-12-25 17:00:00,89.94727325439453,162.0,NULL
4626,9,9,0,9,90,2016-12-25 18:00:00,89.94727325439453,162.0,NULL
4627,9,9,0,9,91,2016-12-25 19:00:00,89.94727325439453,162.0,NULL
4628,9,9,0,9,92,2016-12-25 20:00:00,89.94727325439453,162.0,NULL
4629,9,9,0,9,93,2016-12-25 21:00:00,89.94727325439453,162.0,NULL
4630,9,9,0,9,94,2016-12-25 22:00:00,89.94727325439453,162.0,NULL
4631,9,9,0,9,95,2016-12-25 23:00:00,89.94727325439453,162.0,NULL
4632,9,9,0,9,96,2016-12-26 00:00:00,89.94727325439453,162.0,NULL
4633,9,9,0,9,97,2016-12-26 01:00:00,89.94727325439453,162.0,NULL
4634,9,9,0,9,98,2016-12-26 02:00:00,89.94727325439453,162.0,NULL
4635,9,9,0,9,99,2016-12-26 03:00:00,89.94727325439453,162.0,NULL
4636,9,9,0,9,100,2016-12-26 04:00:00,89.94727325439453,162.0,NULL
4637,9,9,0,9,101,2016-12-26 05:00:00,89.94727325439453,162.0,NULL
4638,9,9,0,9,102,2016-12-26 06:00:00,89.94727325439453,162.0,NULL
4639,9,9,0,9,103,2016-12-26 07:00:00,89.94727325439453,162.0,NULL
4640,9,9,0,9,104,2016-12-26 08:00:00,89.94727325439453,162.0,NULL
4641,9,9,0,9,105,2016-12-26 09:00:00,89.94727325439453,162.0,NULL
4642,9,9,0,9,106,2016-12-26 10:00:00,89.94727325439453,162.0,NULL
4643,9,9,0,9,107,2016-12-26 11:00:00,89.94727325439453,162.0,NULL
4644,9,9,0,9,108,2016-12-26 12:00:00,89.94727325439453,162.0,NULL
4645,9,9,0,9,109,2016-12-26 13:00:00,89.94727325439453,162.0,NULL
4646,9,9,0,9,110,2016-12-26 14:00:00,89.94727325439453,162.0,NULL
4647,9,9,0,9,111,2016-12-26 15:00:00,89.94727325439453,162.0,NULL
4648,9,9,0,9,112,2016-12-26 16:00:00,89.94727325439453,162.0,NULL
4649,9,9,0,9,113,2016-12-26 17:00:00,89.94727325439453,162.0,NULL
4650,9,9,0,9,114,2016-12-26 18:00:00,89.94727325439453,162.0,NULL
4651,9,9,0,9,115,2016-12-26 19:00:00,89.94727325439453,162.0,NULL
4652,9,9,0,9,116,2016-12-26 20:00:00,89.94727325439453,162.0,NULL
4653,9,9,0,9,117,2016-12-26 21:00:00,89.94727325439453,162.0,NULL
4654,9,9,0,9,118,2016-12-26 22:00:00,89.94727325439453,162.0,NULL
4655,9,9,0,9,119,2016-12-26 23:00:00,89.94727325439453,162.0,NULL
4656,9,9,0,9,120,2016-12-27 00:00:00,89.94727325439453,162.0,NULL
4657,9,9,0,9,121,2016-12-27 01:00:00,89.94727325439453,162.0,NULL
4658,9,9,0,9,122,2016-12-27 02:00:00,89.94727325439453,162.0,NULL
4659,9,9,0,9,123,2016-12-27 03:00:00,89.94727325439453,162.0,NULL
4660,9,9,0,9,124,2016-12-27 04:00:00,89.94727325439453,162.0,NULL
4661,9,9,0,9,125,2016-12-27 05:00:00,89.94727325439453,162.0,NULL
4662,9,9,0,9,126,2016-12-27 06:00:00,89.94727325439453,162.0,NULL
4663,9,9,0,9,127,2016-12-27 07:00:00,89.94727325439453,162.0,NULL
4664,9,9,0,9,128,2016-12-27 08:00:00,89.94727325439453,162.0,NULL
4665,9,9,0,9,129,2016-12-27 09:00:00,89.94727325439453,162.0,NULL
4666,9,9,0,9,130,2016-12-27 10:00:00,89.94727325439453,162.0,NULL
4667,9,9,0,9,131,2016-12-27 11:00:00,89.94727325439453,162.0,NULL
4668,9,9,0,9,132,2016-12-27 12:00:00,89.94727325439453,162.0,NULL
4669,9,9,0,9,133,2016-12-27 13:00:00,89.94727325439453,162.0,NULL
4670,9,9,0,9,134,2016-12-27 14:00:00,89.94727325439453,162.0,NULL
4671,9,9,0,9,135,2016-12-27 15:00:00,89.94727325439453,162.0,NULL
4672,9,9,0,9,136,2016-12-27 16:00:00,89.94727325439453,162.0,NULL
4673,9,9,0,9,137,2016-12-27 17:00:00,89.94727325439453,162.0,NULL
4674,9,9,0,9,138,2016-12-27 18:00:00,89.94727325439453,162.0,NULL
4675,9,9,0,9,139,2016-12-27 19:00:00,89.94727325439453,162.0,NULL
4676,9,9,0,9,140,2016-12-27 20:00:00,89.94727325439453,162.0,NULL
4677,9,9,0,9,141,2016-12-27 21:00:00,89.94727325439453,162.0,NULL
4678,9,9,0,9,142,2016-12-27 22:00:00,89.94727325439453,162.0,NULL
4679,9,9,0,9,143,2016-12-27 23:00:00,89.94727325439453,162.0,NULL
4680,9,9,0,9,144,2016-12-28 00:00:00,89.94727325439453,162.0,NULL
4681,9,9,0,9,145,2016-12-28 01:00:00,89.94727325439453,162.0,NULL
4682,9,9,0,9,146,2016-12-28 02:00:00,89.94727325439453,162.0,NULL
4683,9,9,0,9,147,2016-12-28 03:00:00,89.94727325439453,162.0,NULL
4684,9,9,0,9,148,2016-12-28 04:00:00,89.94727325439453,162.0,NULL
4685,9,9,0,9,149,2016-12-28 05:00:00,89.94727325439453,162.0,NULL
4686,9,9,0,9,150,2016-12-28 06:00:00,89.94727325439453,162.0,NULL
4687,9,9,0,9,151,2016-12-28 07:00:00,89.94727325439453,162.0,NULL
4688,9,9,0,9,152,2016-12-28 08:00:00,89.94727325439453,162.0,NULL
4689,9,9,0,9,153,2016-12-28 09:00:00,89.94727325439453,162.0,NULL
4690,9,9,0,9,154,2016-12-28 10:00:00,89.94727325439453,162.0,NULL
4691,9,9,0,9,155,2016-12-28 11:00:00,89.94727325439453,162.0,NULL
4692,9,9,0,9,156,2016-12-28 12:00:00,89.94727325439453,162.0,NULL
4693,9,9,0,9,157,2016-12-28 13:00:00,89.94727325439453,162.0,NULL
4694,9,9,0,9,158,2016-12-28 14:00:00,89.94727325439453,162.0,NULL
4695,9,9,0,9,159,2016-12-28 15:00:00,89.94727325439453,162.0,NULL
4696,9,9,0,9,160,2016-12-28 16:00:00,89.94727325439453,162.0,NULL
4697,9,9,0,9,161,2016-12-28 17:00:00,89.94727325439453,162.0,NULL
4698,9,9,0,9,162,2016-12-28 18:00:00,89.94727325439453,162.0,NULL
4699,9,9,0,9,163,2016-12-28 19:00:00,89.94727325439453,162.0,NULL
4700,9,9,0,9,164,2016-12-28 20:00:00,89.94727325439453,162.0,NULL
4701,9,9,0,9,165,2016-12-28 21:00:00,89.94727325439453,162.0,NULL
4702,9,9,0,9,166,2016-12-28 22:00:00,89.94727325439453,162.0,NULL
4703,9,9,0,9,167,2016-12-28 23:00:00,89.94727325439453,162.0,NULL
4704,9,9,0,9,168,2016-12-29 00:00:00,89.94727325439453,162.0,NULL
4705,9,9,0,9,169,2016-12-29 01:00:00,89.94727325439453,162.0,NULL
4706,9,9,0,9,170,2016-12-29 02:00:00,89.94727325439453,162.0,NULL
4707,9,9,0,9,171,2016-12-29 03:00:00,89.94727325439453,162.0,NULL
4708,9,9,0,9,172,2016-12-29 04:00:00,89.94727325439453,162.0,NULL
4709,9,9,0,9,173,2016-12-29 05:00:00,89.94727325439453,162.0,NULL
4710,9,9,0,9,174,2016-12-29 06:00:00,89.94727325439453,162.0,NULL
4711,9,9,0,9,175,2016-12-29 07:00:00,89.94727325439453,162.0,NULL
4712,9,9,0,9,176,2016-12-29 08:00:00,89.94727325439453,162.0,NULL
4713,9,9,0,9,177,2016-12-29 09:00:00,89.94727325439453,162.0,NULL
4714,9,9,0,9,178,2016-12-29 10:00:00,89.94727325439453,162.0,NULL
4715,9,9,0,9,179,2016-12-29 11:00:00,89.94727325439453,162.0,NULL
4716,9,9,0,9,180,2016-12-29 12:00:00,89.94727325439453,162.0,NULL
4717,9,9,0,9,181,2016-12-29 13:00:00,89.94727325439453,162.0,NULL
4718,9,9,0,9,182,2016-12-29 14:00:00,89.94727325439453,162.0,NULL
4719,9,9,0,9,183,2016-12-29 15:00:00,89.94727325439453,162.0,NULL
4720,9,9,0,9,184,2016-12-29 16:00:00,89.94727325439453,162.0,NULL
4721,9,9,0,9,185,2016-12-29 17:00:00,89.94727325439453,162.0,NULL
4722,9,9,0,9,186,2016-12-29 18:00:00,89.94727325439453,162.0,NULL
4723,9,9,0,9,187,2016-12-29 19:00:00,89.94727325439453,162.0,NULL
4724,9,9,0,9,188,2016-12-29 20:00:00,89.94727325439453,162.0,NULL
4725,9,9,0,9,189,2016-12-29 21:00:00,89.94727325439453,162.0,NULL
4726,9,9,0,9,190,2016-12-29 22:00:00,89.94727325439453,162.0,NULL
4727,9,9,0,9,191,2016-12-29 23:00:00,89.94727325439453,162.0,NULL
4728,9,9,0,9,192,2016-12-30 00:00:00,89.94727325439453,162.0,NULL
4729,9,9,0,9,193,2016-12-30 01:00:00,89.94727325439453,162.0,NULL
4730,9,9,0,9,194,2016-12-30 02:00:00,89.94727325439453,162.0,NULL
4731,9,9,0,9,195,2016-12-30 03:00:00,89.94727325439453,162.0,NULL
4732,9,9,0,9,196,2016-12-30 04:00:00,89.94727325439453,162.0,NULL
4733,9,9,0,9,197,2016-12-30 05:00:00,89.94727325439453,162.0,NULL
4734,9,9,0,9,198,2016-12-30 06:00:00,89.94727325439453,162.0,NULL
4735,9,9,0,9,199,2016-12-30 07:00:00,89.94727325439453,162.0,NULL
4736,9,9,0,9,200,2016-12-30 08:00:00,89.94727325439453,162.0,NULL
4737,9,9,0,9,201,2016-12-30 09:00:00,89.94727325439453,162.0,NULL
4738,9,9,0,9,202,2016-12-30 10:00:00,89.94727325439453,162.0,NULL
4739,9,9,0,9,203,2016-12-30 11:00:00,89.94727325439453,162.0,NULL
4740,9,9,0,9,204,2016-12-30 12:00:00,89.94727325439453,162.0,NULL
4741,9,9,0,9,205,2016-12-30 13:00:00,89.94727325439453,162.0,NULL
4742,9,9,0,9,206,2016-12-30 14:00:00,89.94727325439453,162.0,NULL
4743,9,9,0,9,207,2016-12-30 15:00:00,89.94727325439453,162.0,NULL
4744,9,9,0,9,208,2016-12-30 16:00:00,89.94727325439453,162.0,NULL
4745,9,9,0,9,209,2016-12-30 17:00:00,89.94727325439453,162.0,NULL
4746,9,9,0,9,210,2016-12-30 18:00:00,89.94727325439453,162.0,NULL
4747,9,9,0,9,211,2016-12-30 19:00:00,89.94727325439453,162.0,NULL
4748,9,9,0,9,212,2016-12-30 20:00:00,89.94727325439453,162.0,NULL
4749,9,9,0,9,213,2016-12-30 21:00:00,89.94727325439453,162.0,NULL
4750,9,9,0,9,214,2016-12-30 22:00:00,89.94727325439453,162.0,NULL
4751,9,9,0,9,215,2016-12-30 23:00:00,89.94727325439453,162.0,NULL
4752,9,9,0,9,216,2016-12-31 00:00:00,89.94727325439453,162.0,NULL
4753,9,9,0,9,217,2016-12-31 01:00:00,89.94727325439453,162.0,-21.2
4754,9,9,0,9,218,2016-12-31 02:00:00,89.94727325439453,162.0,-21.05
4755,9,9,0,9,219,2016-12-31 03:00:00,89.94727325439453,162.0,-20.85
4756,9,9,0,9,220,2016-12-31 04:00:00,89.94727325439453,162.0,-20.65
4757,9,9,0,9,221,2016-12-31 05:00:00,89.94727325439453,162.0,-20.4
4758,9,9,0,9,222,2016-12-31 06:00:00,89.94727325439453,162.0,-20.1
4759,9,9,0,9,223,2016-12-31 07:00:00,89.94727325439453,162.0,-19.85
4760,9,9,0,9,224,2016-12-31 08:00:00,89.94727325439453,162.0,-19.6
4761,9,9,0,9,225,2016-12-31 09:00:00,89.94727325439453,162.0,-19.3
4762,9,9,0,9,226,2016-12-31 10:00:00,89.94727325439453,162.0,-19.0
4763,9,9,0,9,227,2016-12-31 11:00:00,89.94727325439453,162.0,-18.8
4764,9,9,0,9,228,2016-12-31 12:00:00,89.94727325439453,162.0,-18.85
4765,9,9,0,9,229,2016-12-31 13:00:00,89.94727325439453,162.0,-20.05
4766,9,9,0,9,230,2016-12-31 14:00:00,89.94727325439453,162.0,-19.85
4767,9,9,0,9,231,2016-12-31 15:00:00,89.94727325439453,162.0,-19.65
4768,9,9,0,9,232,2016-12-31 16:00:00,89.94727325439453,162.0,-19.6
4769,9,9,0,9,233,2016-12-31 17:00:00,89.94727325439453,162.0,-19.55
4770,9,9,0,9,234,2016-12-31 18:00:00,89.94727325439453,162.0,-19.6
4771,9,9,0,9,235,2016-12-31 19:00:00,89.94727325439453,162.0,-19.7
4772,9,9,0,9,236,2016-12-31 20:00:00,89.94727325439453,162.0,-19.7
4773,9,9,0,9,237,2016-12-31 21:00:00,89.94727325439453,162.0,-19.7
4774,9,9,0,9,238,2016-12-31 22:00:00,89.94727325439453,162.0,-19.55
4775,9,9,0,9,239,2016-12-31 23:00:00,89.94727325439453,162.0,-19.4
4776,9,9,0,9,240,2017-01-01 00:00:00,89.94727325439453,162.0,-19.05
4777,9,9,0,9,241,2017-01-01 01:00:00,89.94727325439453,162.0,-18.65
4778,9,9,0,9,242,2017-01-01 02:00:00,89.94727325439453,162.0,-18.4
4779,9,9,0,9,243,2017-01-01 03:00:00,89.94727325439453,162.0,-18.1
4780,9,9,0,9,244,2017-01-01 04:00:00,89.94727325439453,162.0,-17.95
4781,9,9,0,9,245,2017-01-01 05:00:00,89.94727325439453,162.0,-18.0
4782,9,9,0,9,246,2017-01-01 06:00:00,89.94727325439453,162.0,-18.25
4783,9,9,0,9,247,2017-01-01 07:00:00,89.94727325439453,162.0,-18.9
4784,9,9,0,9,248,2017-01-01 08:00:00,89.94727325439453,162.0,-18.95
4785,9,9,0,9,249,2017-01-01 09:00:00,89.94727325439453,162.0,-18.95
4786,9,9,0,9,250,2017-01-01 10:00:00,89.94727325439453,162.0,-18.95
4787,9,9,0,9,251,2017-01-01 11:00:00,89.94727325439453,162.0,-19.1
4788,9,9,0,9,252,2017-01-01 12:00:00,89.94727325439453,162.0,-19.3
4789,9,9,0,9,253,2017-01-01 13:00:00,89.94727325439453,162.0,-20.95
4790,9,9,0,9,254,2017-01-01 14:00:00,89.94727325439453,162.0,-21.2
4791,9,9,0,9,255,2017-01-01 15:00:00,89.94727325439453,162.0,-21.5
4792,9,9,0,9,256,2017-01-01 16:00:00,89.94727325439453,162.0,-21.8
4793,9,9,0,9,257,2017-01-01 17:00:00,89.94727325439453,162.0,-22.1
4794,9,9,0,9,258,2017-01-01 18:00:00,89.94727325439453,162.0,-22.35
4795,9,9,0,9,259,2017-01-01 19:00:00,89.94727325439453,162.0,-22.4
4796,9,9,0,9,260,2017-01-01 20:00:00,89.94727325439453,162.0,-22.05
4797,9,9,0,9,261,2017-01-01 21:00:00,89.94727325439453,162.0,-21.4
4798,9,9,0,9,262,2017-01-01 22:00:00,89.94727325439453,162.0,-20.75
4799,9,9,0,9,263,2017-01-01 23:00:00,89.94727325439453,162.0,-20.0
4800,9,9,0,9,264,2017-01-02 00:00:00,89.94727325439453,162.0,-20.15
4801,9,9,0,9,265,2017-01-02 01:00:00,89.94727325439453,162.0,NULL
4802,9,9,0,9,266,2017-01-02 02:00:00,89.94727325439453,162.0,NULL
4803,9,9,0,9,267,2017-01-02 03:00:00,89.94727325439453,162.0,NULL
4804,9,9,0,9,268,2017-01-02 04:00:00,89.94727325439453,162.0,NULL
4805,9,9,0,9,269,2017-01-02 05:00:00,89.94727325439453,162.0,NULL
4806,9,9,0,9,270,2017-01-02 06:00:00,89.94727325439453,162.0,NULL
4807,9,9,0,9,271,2017-01-02 07:00:00,89.94727325439453,162.0,NULL
4808,9,9,0,9,272,2017-01-02 08:00:00,89.94727325439453,162.0,NULL
4809,9,9,0,9,273,2017-01-02 09:00:00,89.94727325439453,162.0,NULL
4810,9,9,0,9,274,2017-01-02 10:00:00,89.94727325439453,162.0,NULL
4811,9,9,0,9,275,2017-01-02 11:00:00,89.94727325439453,162.0,NULL
4812,9,9,0,9,276,2017-01-02 12:00:00,89.94727325439453,162.0,NULL
4813,9,9,0,9,277,2017-01-02 13:00:00,89.94727325439453,162.0,NULL
4814,9,9,0,9,278,2017-01-02 14:00:00,89.94727325439453,162.0,NULL
4815,9,9,0,9,279,2017-01-02 15:00:00,89.94727325439453,162.0,NULL
4816,9,9,0,9,280,2017-01-02 16:00:00,89.94727325439453,162.0,NULL
4817,9,9,0,9,281,2017-01-02 17:00:00,89.94727325439453,162.0,NULL
4818,9,9,0,9,282,2017-01-02 18:00:00,89.94727325439453,162.0,NULL
4819,9,9,0,9,283,2017-01-02 19:00:00,89.94727325439453,162.0,NULL
4820,9,9,0,9,284,2017-01-02 20:00:00,89.94727325439453,162.0,NULL
4821,9,9,0,9,285,2017-01-02 21:00:00,89.94727325439453,162.0,NULL
4822,9,9,0,9,286,2017-01-02 22:00:00,89.94727325439453,162.0,NULL
4823,9,9,0,9,287,2017-01-02 23:00:00,89.94727325439453,162.0,NULL
4824,9,9,0,9,288,2017-01-03 00:00:00,89.94727325439453,162.0,NULL
4825,9,9,0,9,289,2017-01-03 01:00:00,89.94727325439453,162.0,NULL
4826,9,9,0,9,290,2017-01-03 02:00:00,89.94727325439453,162.0,NULL
4827,9,9,0,9,291,2017-01-03 03:00:00,89.94727325439453,162.0,NULL
4828,9,9,0,9,292,2017-01-03 04:00:00,89.94727325439453,162.0,NULL
4829,9,9,0,9,293,2017-01-03 05:00:00,89.94727325439453,162.0,NULL
4830,9,9,0,9,294,2017-01-03 06:00:00,89.94727325439453,162.0,NULL
4831,9,9,0,9,295,2017-01-03 07:00:00,89.94727325439453,162.0,NULL
4832,9,9,0,9,296,2017-01-03 08:00:00,89.94727325439453,162.0,NULL
4833,9,9,0,9,297,2017-01-03 09:00:00,89.94727325439453,162.0,NULL
4834,9,9,0,9,298,2017-01-03 10:00:00,89.94727325439453,162.0,NULL
4835,9,9,0,9,299,2017-01-03 11:00:00,89.94727325439453,162.0,NULL
4836,9,9,0,9,300,2017-01-03 12:00:00,89.94727325439453,162.0,NULL
4837,9,9,0,9,301,2017-01-03 13:00:00,89.94727325439453,162.0,NULL
4838,9,9,0,9,302,2017-01-03 14:00:00,89.94727325439453,162.0,NULL
4839,9,9,0,9,303,2017-01-03 15:00:00,89.94727325439453,162.0,NULL
4840,9,9,0,9,304,2017-01-03 16:00:00,89.94727325439453,162.0,NULL
4841,9,9,0,9,305,2017-01-03 17:00:00,89.94727325439453,162.0,NULL
4842,9,9,0,9,306,2017-01-03 18:00:00,89.94727325439453,162.0,NULL
4843,9,9,0,9,307,2017-01-03 19:00:00,89.94727325439453,162.0,NULL
4844,9,9,0,9,308,2017-01-03 20:00:00,89.94727325439453,162.0,NULL
4845,9,9,0,9,309,2017-01-03 21:00:00,89.94727325439453,162.0,NULL
4846,9,9,0,9,310,2017-01-03 22:00:00,89.94727325439453,162.0,NULL
4847,9,9,0,9,311,2017-01-03 23:00:00,89.94727325439453,162.0,NULL
4848,9,9,0,9,312,2017-01-04 00:00:00,89.94727325439453,162.0,NULL
4849,9,9,0,9,313,2017-01-04 01:00:00,89.94727325439453,162.0,NULL
4850,9,9,0,9,314,2017-01-04 02:00:00,89.94727325439453,162.0,NULL
4851,9,9,0,9,315,2017-01-04 03:00:00,89.94727325439453,162.0,NULL
4852,9,9,0,9,316,2017-01-04 04:00:00,89.94727325439453,162.0,NULL
4853,9,9,0,9,317,2017-01-04 05:00:00,89.94727325439453,162.0,NULL
4854,9,9,0,9,318,2017-01-04 06:00:00,89.94727325439453,162.0,NULL
4855,9,9,0,9,319,2017-01-04 07:00:00,89.94727325439453,162.0,NULL
4856,9,9,0,9,320,2017-01-04 08:00:00,89.94727325439453,162.0,NULL
4857,9,9,0,9,321,2017-01-04 09:00:00,89.94727325439453,162.0,NULL
4858,9,9,0,9,322,2017-01-04 10:00:00,89.94727325439453,162.0,NULL
4859,9,9,0,9,323,2017-01-04 11:00:00,89.94727325439453,162.0,NULL
4860,9,9,0,9,324,2017-01-04 12:00:00,89.94727325439453,162.0,NULL
4861,9,9,0,9,325,2017-01-04 13:00:00,89.94727325439453,162.0,NULL
4862,9,9,0,9,326,2017-01-04 14:00:00,89.94727325439453,162.0,NULL
4863,9,9,0,9,327,2017-01-04 15:00:00,89.94727325439453,162.0,NULL
4864,9,9,0,9,328,2017-01-04 16:00:00,89.94727325439453,162.0,NULL
4865,9,9,0,9,329,2017-01-04 17:00:00,89.94727325439453,162.0,NULL
4866,9,9,0,9,330,2017-01-04 18:00:00,89.94727325439453,162.0,NULL
4867,9,9,0,9,331,2017-01-04 19:00:00,89.94727325439453,162.0,NULL
4868,9,9,0,9,332,2017-01-04 20:00:00,89.94727325439453,162.0,NULL
4869,9,9,0,9,333,2017-01-04 21:00:00,89.94727325439453,162.0,NULL
4870,9,9,0,9,334,2017-01-04 22:00:00,89.94727325439453,162.0,NULL
4871,9,9,0,9,335,2017-01-04 23:00:00,89.94727325439453,162.0,NULL
4872,9,9,0,9,336,2017-01-05 00:00:00,89.94727325439453,162.0,NULL
4873,9,9,0,9,337,2017-01-05 01:00:00,89.94727325439453,162.0,NULL
4874,9,9,0,9,338,2017-01-05 02:00:00,89.94727325439453,162.0,NULL
4875,9,9,0,9,339,2017-01-05 03:00:00,89.94727325439453,162.0,NULL
4876,9,9,0,9,340,2017-01-05 04:00:00,89.94727325439453,162.0,NULL
4877,9,9,0,9,341,2017-01-05 05:00:00,89.94727325439453,162.0,NULL
4878,9,9,0,9,342,2017-01-05 06:00:00,89.94727325439453,162.0,NULL
4879,9,9,0,9,343,2017-01-05 07:00:00,89.94727325439453,162.0,NULL
4880,9,9,0,9,344,2017-01-05 08:00:00,89.94727325439453,162.0,NULL
4881,9,9,0,9,345,2017-01-05 09:00:00,89.94727325439453,162.0,NULL
4882,9,9,0,9,346,2017-01-05 10:00:00,89.94727325439453,162.0,NULL
4883,9,9,0,9,347,2017-01-05 11:00:00,89.94727325439453,162.0,NULL
4884,9,9,0,9,348,2017-01-05 12:00:00,89.94727325439453,162.0,NULL
4885,9,9,0,9,349,2017-01-05 13:00:00,89.94727325439453,162.0,NULL
4886,9,9,0,9,350,2017-01-05 14:00:00,89.94727325439453,162.0,NULL
4887,9,9,0,9,351,2017-01-05 15:00:00,89.94727325439453,162.0,NULL
4888,9,9,0,9,352,2017-01-05 16:00:00,89.94727325439453,162.0,NULL
4889,9,9,0,9,353,2017-01-05 17:00:00,89.94727325439453,162.0,NULL
4890,9,9,0,9,354,2017-01-05 18:00:00,89.94727325439453,162.0,NULL
4891,9,9,0,9,355,2017-01-05 19:00:00,89.94727325439453,162.0,NULL
4892,9,9,0,9,356,2017-01-05 20:00:00,89.94727325439453,162.0,NULL
4893,9,9,0,9,357,2017-01-05 21:00:00,89.94727325439453,162.0,NULL
4894,9,9,0,9,358,2017-01-05 22:00:00,89.94727325439453,162.0,NULL
4895,9,9,0,9,359,2017-01-05 23:00:00,89.94727325439453,162.0,NULL
4896,9,9,0,9,360,2017-01-06 00:00:00,89.94727325439453,162.0,NULL
4897,9,9,0,9,361,2017-01-06 01:00:00,89.94727325439453,162.0,NULL
4898,9,9,0,9,362,2017-01-06 02:00:00,89.94727325439453,162.0,NULL
4899,9,9,0,9,363,2017-01-06 03:00:00,89.94727325439453,162.0,NULL
4900,9,9,0,9,364,2017-01-06 04:00:00,89.94727325439453,162.0,NULL
4901,9,9,0,9,365,2017-01-06 05:00:00,89.94727325439453,162.0,NULL
4902,9,9,0,9,366,2017-01-06 06:00:00,89.94727325439453,162.0,NULL
4903,9,9,0,9,367,2017-01-06 07:00:00,89.94727325439453,162.0,NULL
4904,9,9,0,9,368,2017-01-06 08:00:00,89.94727325439453,162.0,NULL
4905,9,9,0,9,369,2017-01-06 09:00:00,89.94727325439453,162.0,NULL
4906,9,9,0,9,370,2017-01-06 10:00:00,89.94727325439453,162.0,NULL
4907,9,9,0,9,371,2017-01-06 11:00:00,89.94727325439453,162.0,NULL
4908,9,9,0,9,372,2017-01-06 12:00:00,89.94727325439453,162.0,NULL
4909,9,9,0,9,373,2017-01-06 13:00:00,89.94727325439453,162.0,NULL
4910,9,9,0,9,374,2017-01-06 14:00:00,89.94727325439453,162.0,NULL
4911,9,9,0,9,375,2017-01-06 15:00:00,89.94727325439453,162.0,NULL
4912,9,9,0,9,376,2017-01-06 16:00:00,89.94727325439453,162.0,NULL
4913,9,9,0,9,377,2017-01-06 17:00:00,89.94727325439453,162.0,NULL
4914,9,9,0,9,378,2017-01-06 18:00:00,89.94727325439453,162.0,NULL
4915,9,9,0,9,379,2017-01-06 19:00:00,89.94727325439453,162.0,NULL
4916,9,9,0,9,380,2017-01-06 20:00:00,89.94727325439453,162.0,NULL
4917,9,9,0,9,381,2017-01-06 21:00:00,89.94727325439453,162.0,NULL
4918,9,9,0,9,382,2017-01-06 22:00:00,89.94727325439453,162.0,NULL
4919,9,9,0,9,383,2017-01-06 23:00:00,89.94727325439453,162.0,NULL
4920,9,9,0,9,384,2017-01-07 00:00:00,89.94727325439453,162.0,NULL
4921,9,9,0,9,385,2017-01-07 01:00:00,89.94727325439453,162.0,NULL
4922,9,9,0,9,386,2017-01-07 02:00:00,89.94727325439453,162.0,NULL
4923,9,9,0,9,387,2017-01-07 03:00:00,89.94727325439453,162.0,NULL
4924,9,9,0,9,388,2017-01-07 04:00:00,89.94727325439453,162.0,NULL
4925,9,9,0,9,389,2017-01-07 05:00:00,89.94727325439453,162.0,NULL
4926,9,9,0,9,390,2017-01-07 06:00:00,89.94727325439453,162.0,NULL
4927,9,9,0,9,391,2017-01-07 07:00:00,89.94727325439453,162.0,NULL
4928,9,9,0,9,392,2017-01-07 08:00:00,89.94727325439453,162.0,NULL
4929,9,9,0,9,393,2017-01-07 09:00:00,89.94727325439453,162.0,NULL
4930,9,9,0,9,394,2017-01-07 10:00:00,89.94727325439453,162.0,NULL
4931,9,9,0,9,395,2017-01-07 11:00:00,89.94727325439453,162.0,NULL
4932,9,9,0,9,396,2017-01-07 12:00:00,89.94727325439453,162.0,NULL
4933,9,9,0,9,397,2017-01-07 13:00:00,89.94727325439453,162.0,NULL
4934,9,9,0,9,398,2017-01-07 14:00:00,89.94727325439453,162.0,NULL
4935,9,9,0,9,399,2017-01-07 15:00:00,89.94727325439453,162.0,NULL
4936,9,9,0,9,400,2017-01-07 16:00:00,89.94727325439453,162.0,NULL
4937,9,9,0,9,401,2017-01-07 17:00:00,89.94727325439453,162.0,NULL
4938,9,9,0,9,402,2017-01-07 18:00:00,89.94727325439453,162.0,NULL
4939,9,9,0,9,403,2017-01-07 19:00:00,89.94727325439453,162.0,NULL
4940,9,9,0,9,404,2017-01-07 20:00:00,89.94727325439453,162.0,NULL
4941,9,9,0,9,405,2017-01-07 21:00:00,89.94727325439453,162.0,NULL
4942,9,9,0,9,406,2017-01-07 22:00:00,89.94727325439453,162.0,NULL
4943,9,9,0,9,407,2017-01-07 23:00:00,89.94727325439453,162.0,NULL
4944,9,9,0,9,408,2017-01-08 00:00:00,89.94727325439453,162.0,NULL
4945,9,9,0,9,409,2017-01-08 01:00:00,89.94727325439453,162.0,NULL
4946,9,9,0,9,410,2017-01-08 02:00:00,89.94727325439453,162.0,NULL
4947,9,9,0,9,411,2017-01-08 03:00:00,89.94727325439453,162.0,NULL
4948,9,9,0,9,412,2017-01-08 04:00:00,89.94727325439453,162.0,NULL
4949,9,9,0,9,413,2017-01-08 05:00:00,89.94727325439453,162.0,NULL
4950,9,9,0,9,414,2017-01-08 06:00:00,89.94727325439453,162.0,NULL
4951,9,9,0,9,415,2017-01-08 07:00:00,89.94727325439453,162.0,NULL
4952,9,9,0,9,416,2017-01-08 08:00:00,89.94727325439453,162.0,NULL
4953,9,9,0,9,417,2017-01-08 09:00:00,89.94727325439453,162.0,NULL
4954,9,9,0,9,418,2017-01-08 10:00:00,89.94727325439453,162.0,NULL
4955,9,9,0,9,419,2017-01-08 11:00:00,89.94727325439453,162.0,NULL
4956,9,9,0,9,420,2017-01-08 12:00:00,89.94727325439453,162.0,NULL
4957,9,9,0,9,421,2017-01-08 13:00:00,89.94727325439453,162.0,NULL
4958,9,9,0,9,422,2017-01-08 14:00:00,89.94727325439453,162.0,NULL
4959,9,9,0,9,423,2017-01-08 15:00:00,89.94727325439453,162.0,NULL
4960,9,9,0,9,424,2017-01-08 16:00:00,89.94727325439453,162.0,NULL
4961,9,9,0,9,425,2017-01-08 17:00:00,89.94727325439453,162.0,NULL
4962,9,9,0,9,426,2017-01-08 18:00:00,89.94727325439453,162.0,NULL
4963,9,9,0,9,427,2017-01-08 19:00:00,89.94727325439453,162.0,NULL
4964,9,9,0,9,428,2017-01-08 20:00:00,89.94727325439453,162.0,NULL
4965,9,9,0,9,429,2017-01-08 21:00:00,89.94727325439453,162.0,NULL
4966,9,9,0,9,430,2017-01-08 22:00:00,89.94727325439453,162.0,NULL
4967,9,9,0,9,431,2017-01-08 23:00:00,89.94727325439453,162.0,NULL
4968,9,9,0,9,432,2017-01-09 00:00:00,89.94727325439453,162.0,NULL
4969,9,9,0,9,433,2017-01-09 01:00:00,89.94727325439453,162.0,NULL
4970,9,9,0,9,434,2017-01-09 02:00:00,89.94727325439453,162.0,NULL
4971,9,9,0,9,435,2017-01-09 03:00:00,89.94727325439453,162.0,NULL
4972,9,9,0,9,436,2017-01-09 04:00:00,89.94727325439453,162.0,NULL
4973,9,9,0,9,437,2017-01-09 05:00:00,89.94727325439453,162.0,NULL
4974,9,9,0,9,438,2017-01-09 06:00:00,89.94727325439453,162.0,NULL
4975,9,9,0,9,439,2017-01-09 07:00:00,89.94727325439453,162.0,NULL
4976,9,9,0,9,440,2017-01-09 08:00:00,89.94727325439453,162.0,NULL
4977,9,9,0,9,441,2017-01-09 09:00:00,89.94727325439453,162.0,NULL
4978,9,9,0,9,442,2017-01-09 10:00:00,89.94727325439453,162.0,NULL
4979,9,9,0,9,443,2017-01-09 11:00:00,89.94727325439453,162.0,NULL
4980,9,9,0,9,444,2017-01-09 12:00:00,89.94727325439453,162.0,NULL
4981,9,9,0,9,445,2017-01-09 13:00:00,89.94727325439453,162.0,NULL
4982,9,9,0,9,446,2017-01-09 14:00:00,89.94727325439453,162.0,NULL
4983,9,9,0,9,447,2017-01-09 15:00:00,89.94727325439453,162.0,NULL
4984,9,9,0,9,448,2017-01-09 16:00:00,89.94727325439453,162.0,NULL
4985,9,9,0,9,449,2017-01-09 17:00:00,89.94727325439453,162.0,NULL
4986,9,9,0,9,450,2017-01-09 18:00:00,89.94727325439453,162.0,NULL
4987,9,9,0,9,451,2017-01-09 19:00:00,89.94727325439453,162.0,NULL
4988,9,9,0,9,452,2017-01-09 20:00:00,89.94727325439453,162.0,NULL
4989,9,9,0,9,453,2017-01-09 21:00:00,89.94727325439453,162.0,NULL
4990,9,9,0,9,454,2017-01-09 22:00:00,89.94727325439453,162.0,NULL
4991,9,9,0,9,455,2017-01-09 23:00:00,89.94727325439453,162.0,NULL
4992,9,9,0,9,456,2017-01-10 00:00:00,89.94727325439453,162.0,NULL
4993,9,9,0,9,457,2017-01-10 01:00:00,89.94727325439453,162.0,NULL
4994,9,9,0,9,458,2017-01-10 02:00:00,89.94727325439453,162.0,NULL
4995,9,9,0,9,459,2017-01-10 03:00:00,89.94727325439453,162.0,NULL
4996,9,9,0,9,460,2017-01-10 04:00:00,89.94727325439453,162.0,NULL
4997,9,9,0,9,461,2017-01-10 05:00:00,89.94727325439453,162.0,NULL
4998,9,9,0,9,462,2017-01-10 06:00:00,89.94727325439453,162.0,NULL
4999,9,9,0,9,463,2017-01-10 07:00:00,89.94727325439453,162.0,NULL
5000,9,9,0,9,464,2017-01-10 08:00:00,89.94727325439453,162.0,NULL
5001,9,9,0,9,465,2017-01-10 09:00:00,89.94727325439453,162.0,NULL
5002,9,9,0,9,466,2017-01-10 10:00:00,89.94727325439453,162.0,NULL
5003,9,9,0,9,467,2017-01-10 11:00:00,89.94727325439453,162.0,NULL
5004,9,9,0,9,468,2017-01-10 12:00:00,89.94727325439453,162.0,NULL
5005,9,9,0,9,469,2017-01-10 13:00:00,89.94727325439453,162.0,NULL
5006,9,9,0,9,470,2017-01-10 14:00:00,89.94727325439453,162.0,NULL
5007,9,9,0,9,471,2017-01-10 15:00:00,89.94727325439453,162.0,NULL
5008,9,9,0,9,472,2017-01-10 16:00:00,89.94727325439453,162.0,NULL
5009,9,9,0,9,473,2017-01-10 17:00:00,89.94727325439453,162.0,NULL
5010,9,9,0,9,474,2017-01-10 18:00:00,89.94727325439453,162.0,NULL
5011,9,9,0,9,475,2017-01-10 19:00:00,89.94727325439453,162.0,NULL
5012,9,9,0,9,476,2017-01-10 20:00:00,89.94727325439453,162.0,NULL
5013,9,9,0,9,477,2017-01-10 21:00:00,89.94727325439453,162.0,NULL
5014,9,9,0,9,478,2017-01-10 22:00:00,89.94727325439453,162.0,NULL
5015,9,9,0,9,479,2017-01-10 23:00:00,89.94727325439453,162.0,NULL
5016,9,9,0,9,480,2017-01-11 00:00:00,89.94727325439453,162.0,NULL
5017,9,9,0,9,481,2017-01-11 01:00:00,89.94727325439453,162.0,NULL
5018,9,9,0,9,482,2017-01-11 02:00:00,89.94727325439453,162.0,NULL
5019,9,9,0,9,483,2017-01-11 03:00:00,89.94727325439453,162.0,NULL
5020,9,9,0,9,484,2017-01-11 04:00:00,89.94727325439453,162.0,NULL
5021,9,9,0,9,485,2017-01-11 05:00:00,89.94727325439453,162.0,NULL
5022,9,9,0,9,486,2017-01-11 06:00:00,89.94727325439453,162.0,NULL
5023,9,9,0,9,487,2017-01-11 07:00:00,89.94727325439453,162.0,NULL
5024,9,9,0,9,488,2017-01-11 08:00:00,89.94727325439453,162.0,NULL
5025,9,9,0,9,489,2017-01-11 09:00:00,89.94727325439453,162.0,NULL
5026,9,9,0,9,490,2017-01-11 10:00:00,89.94727325439453,162.0,NULL
5027,9,9,0,9,491,2017-01-11 11:00:00,89.94727325439453,162.0,NULL
5028,9,9,0,9,492,2017-01-11 12:00:00,89.94727325439453,162.0,NULL
5029,9,9,0,9,493,2017-01-11 13:00:00,89.94727325439453,162.0,NULL
5030,9,9,0,9,494,2017-01-11 14:00:00,89.94727325439453,162.0,NULL
5031,9,9,0,9,495,2017-01-11 15:00:00,89.94727325439453,162.0,NULL
5032,9,9,0,9,496,2017-01-11 16:00:00,89.94727325439453,162.0,NULL
5033,9,9,0,9,497,2017-01-11 17:00:00,89.94727325439453,162.0,NULL
5034,9,9,0,9,498,2017-01-11 18:00:00,89.94727325439453,162.0,NULL
5035,9,9,0,9,499,2017-01-11 19:00:00,89.94727325439453,162.0,NULL
5036,9,9,0,9,500,2017-01-11 20:00:00,89.94727325439453,162.0,NULL
5037,9,9,0,9,501,2017-01-11 21:00:00,89.94727325439453,162.0,NULL
5038,9,9,0,9,502,2017-01-11 22:00:00,89.94727325439453,162.0,NULL
5039,9,9,0,9,503,2017-01-11 23:00:00,89.94727325439453,162.0,NULL
5040,10,10,0,10,0,2016-12-22 00:00:00,89.94727325439453,-180.0,NULL
5041,10,10,0,10,1,2016-12-22 01:00:00,89.94727325439453,-180.0,NULL
5042,10,10,0,10,2,2016-12-22 02:00:00,89.94727325439453,-180.0,NULL
5043,10,10,0,10,3,2016-12-22 03:00:00,89.94727325439453,-180.0,NULL
5044,10,10,0,10,4,2016-12-22 04:00:00,89.94727325439453,-180.0,NULL
5045,10,10,0,10,5,2016-12-22 05:00:00,89.94727325439453,-180.0,NULL
5046,10,10,0,10,6,2016-12-22 06:00:00,89.94727325439453,-180.0,NULL
5047,10,10,0,10,7,2016-12-22 07:00:00,89.94727325439453,-180.0,NULL
5048,10,10,0,10,8,2016-12-22 08:00:00,89.94727325439453,-180.0,NULL
5049,10,10,0,10,9,2016-12-22 09:00:00,89.94727325439453,-180.0,NULL
5050,10,10,0,10,10,2016-12-22 10:00:00,89.94727325439453,-180.0,NULL
5051,10,10,0,10,11,2016-12-22 11:00:00,89.94727325439453,-180.0,NULL
5052,10,10,0,10,12,2016-12-22 12:00:00,89.94727325439453,-180.0,NULL
5053,10,10,0,10,13,2016-12-22 13:00:00,89.94727325439453,-180.0,NULL
5054,10,10,0,10,14,2016-12-22 14:00:00,89.94727325439453,-180.0,NULL
5055,10,10,0,10,15,2016-12-22 15:00:00,89.94727325439453,-180.0,NULL
5056,10,10,0,10,16,2016-12-22 16:00:00,89.94727325439453,-180.0,NULL
5057,10,10,0,10,17,2016-12-22 17:00:00,89.94727325439453,-180.0,NULL
5058,10,10,0,10,18,2016-12-22 18:00:00,89.94727325439453,-180.0,NULL
5059,10,10,0,10,19,2016-12-22 19:00:00,89.94727325439453,-180.0,NULL
5060,10,10,0,10,20,2016-12-22 20:00:00,89.94727325439453,-180.0,NULL
5061,10,10,0,10,21,2016-12-22 21:00:00,89.94727325439453,-180.0,NULL
5062,10,10,0,10,22,2016-12-22 22:00:00,89.94727325439453,-180.0,NULL
5063,10,10,0,10,23,2016-12-22 23:00:00,89.94727325439453,-180.0,NULL
5064,10,10,0,10,24,2016-12-23 00:00:00,89.94727325439453,-180.0,NULL
5065,10,10,0,10,25,2016-12-23 01:00:00,89.94727325439453,-180.0,NULL
5066,10,10,0,10,26,2016-12-23 02:00:00,89.94727325439453,-180.0,NULL
5067,10,10,0,10,27,2016-12-23 03:00:00,89.94727325439453,-180.0,NULL
5068,10,10,0,10,28,2016-12-23 04:00:00,89.94727325439453,-180.0,NULL
5069,10,10,0,10,29,2016-12-23 05:00:00,89.94727325439453,-180.0,NULL
5070,10,10,0,10,30,2016-12-23 06:00:00,89.94727325439453,-180.0,NULL
5071,10,10,0,10,31,2016-12-23 07:00:00,89.94727325439453,-180.0,NULL
5072,10,10,0,10,32,2016-12-23 08:00:00,89.94727325439453,-180.0,NULL
5073,10,10,0,10,33,2016-12-23 09:00:00,89.94727325439453,-180.0,NULL
5074,10,10,0,10,34,2016-12-23 10:00:00,89.94727325439453,-180.0,NULL
5075,10,10,0,10,35,2016-12-23 11:00:00,89.94727325439453,-180.0,NULL
5076,10,10,0,10,36,2016-12-23 12:00:00,89.94727325439453,-180.0,NULL
5077,10,10,0,10,37,2016-12-23 13:00:00,89.94727325439453,-180.0,NULL
5078,10,10,0,10,38,2016-12-23 14:00:00,89.94727325439453,-180.0,NULL
5079,10,10,0,10,39,2016-12-23 15:00:00,89.94727325439453,-180.0,NULL
5080,10,10,0,10,40,2016-12-23 16:00:00,89.94727325439453,-180.0,NULL
5081,10,10,0,10,41,2016-12-23 17:00:00,89.94727325439453,-180.0,NULL
5082,10,10,0,10,42,2016-12-23 18:00:00,89.94727325439453,-180.0,NULL
5083,10,10,0,10,43,2016-12-23 19:00:00,89.94727325439453,-180.0,NULL
5084,10,10,0,10,44,2016-12-23 20:00:00,89.94727325439453,-180.0,NULL
5085,10,10,0,10,45,2016-12-23 21:00:00,89.94727325439453,-180.0,NULL
5086,10,10,0,10,46,2016-12-23 22:00:00,89.94727325439453,-180.0,NULL
5087,10,10,0,10,47,2016-12-23 23:00:00,89.94727325439453,-180.0,NULL
5088,10,10,0,10,48,2016-12-24 00:00:00,89.94727325439453,-180.0,NULL
5089,10,10,0,10,49,2016-12-24 01:00:00,89.94727325439453,-180.0,NULL
5090,10,10,0,10,50,2016-12-24 02:00:00,89.94727325439453,-180.0,NULL
5091,10,10,0,10,51,2016-12-24 03:00:00,89.94727325439453,-180.0,NULL
5092,10,10,0,10,52,2016-12-24 04:00:00,89.94727325439453,-180.0,NULL
5093,10,10,0,10,53,2016-12-24 05:00:00,89.94727325439453,-180.0,NULL
5094,10,10,0,10,54,2016-12-24 06:00:00,89.94727325439453,-180.0,NULL
5095,10,10,0,10,55,2016-12-24 07:00:00,89.94727325439453,-180.0,NULL
5096,10,10,0,10,56,2016-12-24 08:00:00,89.94727325439453,-180.0,NULL
5097,10,10,0,10,57,2016-12-24 09:00:00,89.94727325439453,-180.0,NULL
5098,10,10,0,10,58,2016-12-24 10:00:00,89.94727325439453,-180.0,NULL
5099,10,10,0,10,59,2016-12-24 11:00:00,89.94727325439453,-180.0,NULL
5100,10,10,0,10,60,2016-12-24 12:00:00,89.94727325439453,-180.0,NULL
5101,10,10,0,10,61,2016-12-24 13:00:00,89.94727325439453,-180.0,NULL
5102,10,10,0,10,62,2016-12-24 14:00:00,89.94727325439453,-180.0,NULL
5103,10,10,0,10,63,2016-12-24 15:00:00,89.94727325439453,-180.0,NULL
5104,10,10,0,10,64,2016-12-24 16:00:00,89.94727325439453,-180.0,NULL
5105,10,10,0,10,65,2016-12-24 17:00:00,89.94727325439453,-180.0,NULL
5106,10,10,0,10,66,2016-12-24 18:00:00,89.94727325439453,-180.0,NULL
5107,10,10,0,10,67,2016-12-24 19:00:00,89.94727325439453,-180.0,NULL
5108,10,10,0,10,68,2016-12-24 20:00:00,89.94727325439453,-180.0,NULL
5109,10,10,0,10,69,2016-12-24 21:00:00,89.94727325439453,-180.0,NULL
5110,10,10,0,10,70,2016-12-24 22:00:00,89.94727325439453,-180.0,NULL
5111,10,10,0,10,71,2016-12-24 23:00:00,89.94727325439453,-180.0,NULL
5112,10,10,0,10,72,2016-12-25 00:00:00,89.94727325439453,-180.0,NULL
5113,10,10,0,10,73,2016-12-25 01:00:00,89.94727325439453,-180.0,NULL
5114,10,10,0,10,74,2016-12-25 02:00:00,89.94727325439453,-180.0,NULL
5115,10,10,0,10,75,2016-12-25 03:00:00,89.94727325439453,-180.0,NULL
5116,10,10,0,10,76,2016-12-25 04:00:00,89.94727325439453,-180.0,NULL
5117,10,10,0,10,77,2016-12-25 05:00:00,89.94727325439453,-180.0,NULL
5118,10,10,0,10,78,2016-12-25 06:00:00,89.94727325439453,-180.0,NULL
5119,10,10,0,10,79,2016-12-25 07:00:00,89.94727325439453,-180.0,NULL
5120,10,10,0,10,80,2016-12-25 08:00:00,89.94727325439453,-180.0,NULL
5121,10,10,0,10,81,2016-12-25 09:00:00,89.94727325439453,-180.0,NULL
5122,10,10,0,10,82,2016-12-25 10:00:00,89.94727325439453,-180.0,NULL
5123,10,10,0,10,83,2016-12-25 11:00:00,89.94727325439453,-180.0,NULL
5124,10,10,0,10,84,2016-12-25 12:00:00,89.94727325439453,-180.0,NULL
5125,10,10,0,10,85,2016-12-25 13:00:00,89.94727325439453,-180.0,NULL
5126,10,10,0,10,86,2016-12-25 14:00:00,89.94727325439453,-180.0,NULL
5127,10,10,0,10,87,2016-12-25 15:00:00,89.94727325439453,-180.0,NULL
5128,10,10,0,10,88,2016-12-25 16:00:00,89.94727325439453,-180.0,NULL
5129,10,10,0,10,89,2016-12-25 17:00:00,89.94727325439453,-180.0,NULL
5130,10,10,0,10,90,2016-12-25 18:00:00,89.94727325439453,-180.0,NULL
5131,10,10,0,10,91,2016-12-25 19:00:00,89.94727325439453,-180.0,NULL
5132,10,10,0,10,92,2016-12-25 20:00:00,89.94727325439453,-180.0,NULL
5133,10,10,0,10,93,2016-12-25 21:00:00,89.94727325439453,-180.0,NULL
5134,10,10,0,10,94,2016-12-25 22:00:00,89.94727325439453,-180.0,NULL
5135,10,10,0,10,95,2016-12-25 23:00:00,89.94727325439453,-180.0,NULL
5136,10,10,0,10,96,2016-12-26 00:00:00,89.94727325439453,-180.0,NULL
5137,10,10,0,10,97,2016-12-26 01:00:00,89.94727325439453,-180.0,NULL
5138,10,10,0,10,98,2016-12-26 02:00:00,89.94727325439453,-180.0,NULL
5139,10,10,0,10,99,2016-12-26 03:00:00,89.94727325439453,-180.0,NULL
5140,10,10,0,10,100,2016-12-26 04:00:00,89.94727325439453,-180.0,NULL
5141,10,10,0,10,101,2016-12-26 05:00:00,89.94727325439453,-180.0,NULL
5142,10,10,0,10,102,2016-12-26 06:00:00,89.94727325439453,-180.0,NULL
5143,10,10,0,10,103,2016-12-26 07:00:00,89.94727325439453,-180.0,NULL
5144,10,10,0,10,104,2016-12-26 08:00:00,89.94727325439453,-180.0,NULL
5145,10,10,0,10,105,2016-12-26 09:00:00,89.94727325439453,-180.0,NULL
5146,10,10,0,10,106,2016-12-26 10:00:00,89.94727325439453,-180.0,NULL
5147,10,10,0,10,107,2016-12-26 11:00:00,89.94727325439453,-180.0,NULL
5148,10,10,0,10,108,2016-12-26 12:00:00,89.94727325439453,-180.0,NULL
5149,10,10,0,10,109,2016-12-26 13:00:00,89.94727325439453,-180.0,NULL
5150,10,10,0,10,110,2016-12-26 14:00:00,89.94727325439453,-180.0,NULL
5151,10,10,0,10,111,2016-12-26 15:00:00,89.94727325439453,-180.0,NULL
5152,10,10,0,10,112,2016-12-26 16:00:00,89.94727325439453,-180.0,NULL
5153,10,10,0,10,113,2016-12-26 17:00:00,89.94727325439453,-180.0,NULL
5154,10,10,0,10,114,2016-12-26 18:00:00,89.94727325439453,-180.0,NULL
5155,10,10,0,10,115,2016-12-26 19:00:00,89.94727325439453,-180.0,NULL
5156,10,10,0,10,116,2016-12-26 20:00:00,89.94727325439453,-180.0,NULL
5157,10,10,0,10,117,2016-12-26 21:00:00,89.94727325439453,-180.0,NULL
5158,10,10,0,10,118,2016-12-26 22:00:00,89.94727325439453,-180.0,NULL
5159,10,10,0,10,119,2016-12-26 23:00:00,89.94727325439453,-180.0,NULL
5160,10,10,0,10,120,2016-12-27 00:00:00,89.94727325439453,-180.0,NULL
5161,10,10,0,10,121,2016-12-27 01:00:00,89.94727325439453,-180.0,NULL
5162,10,10,0,10,122,2016-12-27 02:00:00,89.94727325439453,-180.0,NULL
5163,10,10,0,10,123,2016-12-27 03:00:00,89.94727325439453,-180.0,NULL
5164,10,10,0,10,124,2016-12-27 04:00:00,89.94727325439453,-180.0,NULL
5165,10,10,0,10,125,2016-12-27 05:00:00,89.94727325439453,-180.0,NULL
5166,10,10,0,10,126,2016-12-27 06:00:00,89.94727325439453,-180.0,NULL
5167,10,10,0,10,127,2016-12-27 07:00:00,89.94727325439453,-180.0,NULL
5168,10,10,0,10,128,2016-12-27 08:00:00,89.94727325439453,-180.0,NULL
5169,10,10,0,10,129,2016-12-27 09:00:00,89.94727325439453,-180.0,NULL
5170,10,10,0,10,130,2016-12-27 10:00:00,89.94727325439453,-180.0,NULL
5171,10,10,0,10,131,2016-12-27 11:00:00,89.94727325439453,-180.0,NULL
5172,10,10,0,10,132,2016-12-27 12:00:00,89.94727325439453,-180.0,NULL
5173,10,10,0,10,133,2016-12-27 13:00:00,89.94727325439453,-180.0,NULL
5174,10,10,0,10,134,2016-12-27 14:00:00,89.94727325439453,-180.0,NULL
5175,10,10,0,10,135,2016-12-27 15:00:00,89.94727325439453,-180.0,NULL
5176,10,10,0,10,136,2016-12-27 16:00:00,89.94727325439453,-180.0,NULL
5177,10,10,0,10,137,2016-12-27 17:00:00,89.94727325439453,-180.0,NULL
5178,10,10,0,10,138,2016-12-27 18:00:00,89.94727325439453,-180.0,NULL
5179,10,10,0,10,139,2016-12-27 19:00:00,89.94727325439453,-180.0,NULL
5180,10,10,0,10,140,2016-12-27 20:00:00,89.94727325439453,-180.0,NULL
5181,10,10,0,10,141,2016-12-27 21:00:00,89.94727325439453,-180.0,NULL
5182,10,10,0,10,142,2016-12-27 22:00:00,89.94727325439453,-180.0,NULL
5183,10,10,0,10,143,2016-12-27 23:00:00,89.94727325439453,-180.0,NULL
5184,10,10,0,10,144,2016-12-28 00:00:00,89.94727325439453,-180.0,NULL
5185,10,10,0,10,145,2016-12-28 01:00:00,89.94727325439453,-180.0,NULL
5186,10,10,0,10,146,2016-12-28 02:00:00,89.94727325439453,-180.0,NULL
5187,10,10,0,10,147,2016-12-28 03:00:00,89.94727325439453,-180.0,NULL
5188,10,10,0,10,148,2016-12-28 04:00:00,89.94727325439453,-180.0,NULL
5189,10,10,0,10,149,2016-12-28 05:00:00,89.94727325439453,-180.0,NULL
5190,10,10,0,10,150,2016-12-28 06:00:00,89.94727325439453,-180.0,NULL
5191,10,10,0,10,151,2016-12-28 07:00:00,89.94727325439453,-180.0,NULL
5192,10,10,0,10,152,2016-12-28 08:00:00,89.94727325439453,-180.0,NULL
5193,10,10,0,10,153,2016-12-28 09:00:00,89.94727325439453,-180.0,NULL
5194,10,10,0,10,154,2016-12-28 10:00:00,89.94727325439453,-180.0,NULL
5195,10,10,0,10,155,2016-12-28 11:00:00,89.94727325439453,-180.0,NULL
5196,10,10,0,10,156,2016-12-28 12:00:00,89.94727325439453,-180.0,NULL
5197,10,10,0,10,157,2016-12-28 13:00:00,89.94727325439453,-180.0,NULL
5198,10,10,0,10,158,2016-12-28 14:00:00,89.94727325439453,-180.0,NULL
5199,10,10,0,10,159,2016-12-28 15:00:00,89.94727325439453,-180.0,NULL
5200,10,10,0,10,160,2016-12-28 16:00:00,89.94727325439453,-180.0,NULL
5201,10,10,0,10,161,2016-12-28 17:00:00,89.94727325439453,-180.0,NULL
5202,10,10,0,10,162,2016-12-28 18:00:00,89.94727325439453,-180.0,NULL
5203,10,10,0,10,163,2016-12-28 19:00:00,89.94727325439453,-180.0,NULL
5204,10,10,0,10,164,2016-12-28 20:00:00,89.94727325439453,-180.0,NULL
5205,10,10,0,10,165,2016-12-28 21:00:00,89.94727325439453,-180.0,NULL
5206,10,10,0,10,166,2016-12-28 22:00:00,89.94727325439453,-180.0,NULL
5207,10,10,0,10,167,2016-12-28 23:00:00,89.94727325439453,-180.0,NULL
5208,10,10,0,10,168,2016-12-29 00:00:00,89.94727325439453,-180.0,NULL
5209,10,10,0,10,169,2016-12-29 01:00:00,89.94727325439453,-180.0,NULL
5210,10,10,0,10,170,2016-12-29 02:00:00,89.94727325439453,-180.0,NULL
5211,10,10,0,10,171,2016-12-29 03:00:00,89.94727325439453,-180.0,NULL
5212,10,10,0,10,172,2016-12-29 04:00:00,89.94727325439453,-180.0,NULL
5213,10,10,0,10,173,2016-12-29 05:00:00,89.94727325439453,-180.0,NULL
5214,10,10,0,10,174,2016-12-29 06:00:00,89.94727325439453,-180.0,NULL
5215,10,10,0,10,175,2016-12-29 07:00:00,89.94727325439453,-180.0,NULL
5216,10,10,0,10,176,2016-12-29 08:00:00,89.94727325439453,-180.0,NULL
5217,10,10,0,10,177,2016-12-29 09:00:00,89.94727325439453,-180.0,NULL
5218,10,10,0,10,178,2016-12-29 10:00:00,89.94727325439453,-180.0,NULL
5219,10,10,0,10,179,2016-12-29 11:00:00,89.94727325439453,-180.0,NULL
5220,10,10,0,10,180,2016-12-29 12:00:00,89.94727325439453,-180.0,NULL
5221,10,10,0,10,181,2016-12-29 13:00:00,89.94727325439453,-180.0,NULL
5222,10,10,0,10,182,2016-12-29 14:00:00,89.94727325439453,-180.0,NULL
5223,10,10,0,10,183,2016-12-29 15:00:00,89.94727325439453,-180.0,NULL
5224,10,10,0,10,184,2016-12-29 16:00:00,89.94727325439453,-180.0,NULL
5225,10,10,0,10,185,2016-12-29 17:00:00,89.94727325439453,-180.0,NULL
5226,10,10,0,10,186,2016-12-29 18:00:00,89.94727325439453,-180.0,NULL
5227,10,10,0,10,187,2016-12-29 19:00:00,89.94727325439453,-180.0,NULL
5228,10,10,0,10,188,2016-12-29 20:00:00,89.94727325439453,-180.0,NULL
5229,10,10,0,10,189,2016-12-29 21:00:00,89.94727325439453,-180.0,NULL
5230,10,10,0,10,190,2016-12-29 22:00:00,89.94727325439453,-180.0,NULL
5231,10,10,0,10,191,2016-12-29 23:00:00,89.94727325439453,-180.0,NULL
5232,10,10,0,10,192,2016-12-30 00:00:00,89.94727325439453,-180.0,NULL
5233,10,10,0,10,193,2016-12-30 01:00:00,89.94727325439453,-180.0,NULL
5234,10,10,0,10,194,2016-12-30 02:00:00,89.94727325439453,-180.0,NULL
5235,10,10,0,10,195,2016-12-30 03:00:00,89.94727325439453,-180.0,NULL
5236,10,10,0,10,196,2016-12-30 04:00:00,89.94727325439453,-180.0,NULL
5237,10,10,0,10,197,2016-12-30 05:00:00,89.94727325439453,-180.0,NULL
5238,10,10,0,10,198,2016-12-30 06:00:00,89.94727325439453,-180.0,NULL
5239,10,10,0,10,199,2016-12-30 07:00:00,89.94727325439453,-180.0,NULL
5240,10,10,0,10,200,2016-12-30 08:00:00,89.94727325439453,-180.0,NULL
5241,10,10,0,10,201,2016-12-30 09:00:00,89.94727325439453,-180.0,NULL
5242,10,10,0,10,202,2016-12-30 10:00:00,89.94727325439453,-180.0,NULL
5243,10,10,0,10,203,2016-12-30 11:00:00,89.94727325439453,-180.0,NULL
5244,10,10,0,10,204,2016-12-30 12:00:00,89.94727325439453,-180.0,NULL
5245,10,10,0,10,205,2016-12-30 13:00:00,89.94727325439453,-180.0,NULL
5246,10,10,0,10,206,2016-12-30 14:00:00,89.94727325439453,-180.0,NULL
5247,10,10,0,10,207,2016-12-30 15:00:00,89.94727325439453,-180.0,NULL
5248,10,10,0,10,208,2016-12-30 16:00:00,89.94727325439453,-180.0,NULL
5249,10,10,0,10,209,2016-12-30 17:00:00,89.94727325439453,-180.0,NULL
5250,10,10,0,10,210,2016-12-30 18:00:00,89.94727325439453,-180.0,NULL
5251,10,10,0,10,211,2016-12-30 19:00:00,89.94727325439453,-180.0,NULL
5252,10,10,0,10,212,2016-12-30 20:00:00,89.94727325439453,-180.0,NULL
5253,10,10,0,10,213,2016-12-30 21:00:00,89.94727325439453,-180.0,NULL
5254,10,10,0,10,214,2016-12-30 22:00:00,89.94727325439453,-180.0,NULL
5255,10,10,0,10,215,2016-12-30 23:00:00,89.94727325439453,-180.0,NULL
5256,10,10,0,10,216,2016-12-31 00:00:00,89.94727325439453,-180.0,NULL
5257,10,10,0,10,217,2016-12-31 01:00:00,89.94727325439453,-180.0,-21.15
5258,10,10,0,10,218,2016-12-31 02:00:00,89.94727325439453,-180.0,-21.05
5259,10,10,0,10,219,2016-12-31 03:00:00,89.94727325439453,-180.0,-20.85
5260,10,10,0,10,220,2016-12-31 04:00:00,89.94727325439453,-180.0,-20.65
5261,10,10,0,10,221,2016-12-31 05:00:00,89.94727325439453,-180.0,-20.4
5262,10,10,0,10,222,2016-12-31 06:00:00,89.94727325439453,-180.0,-20.1
5263,10,10,0,10,223,2016-12-31 07:00:00,89.94727325439453,-180.0,-19.85
5264,10,10,0,10,224,2016-12-31 08:00:00,89.94727325439453,-180.0,-19.6
5265,10,10,0,10,225,2016-12-31 09:00:00,89.94727325439453,-180.0,-19.3
5266,10,10,0,10,226,2016-12-31 10:00:00,89.94727325439453,-180.0,-18.95
5267,10,10,0,10,227,2016-12-31 11:00:00,89.94727325439453,-180.0,-18.75
5268,10,10,0,10,228,2016-12-31 12:00:00,89.94727325439453,-180.0,-18.85
5269,10,10,0,10,229,2016-12-31 13:00:00,89.94727325439453,-180.0,-20.0
5270,10,10,0,10,230,2016-12-31 14:00:00,89.94727325439453,-180.0,-19.75
5271,10,10,0,10,231,2016-12-31 15:00:00,89.94727325439453,-180.0,-19.6
5272,10,10,0,10,232,2016-12-31 16:00:00,89.94727325439453,-180.0,-19.55
5273,10,10,0,10,233,2016-12-31 17:00:00,89.94727325439453,-180.0,-19.55
5274,10,10,0,10,234,2016-12-31 18:00:00,89.94727325439453,-180.0,-19.6
5275,10,10,0,10,235,2016-12-31 19:00:00,89.94727325439453,-180.0,-19.65
5276,10,10,0,10,236,2016-12-31 20:00:00,89.94727325439453,-180.0,-19.65
5277,10,10,0,10,237,2016-12-31 21:00:00,89.94727325439453,-180.0,-19.65
5278,10,10,0,10,238,2016-12-31 22:00:00,89.94727325439453,-180.0,-19.5
5279,10,10,0,10,239,2016-12-31 23:00:00,89.94727325439453,-180.0,-19.35
5280,10,10,0,10,240,2017-01-01 00:00:00,89.94727325439453,-180.0,-19.0
5281,10,10,0,10,241,2017-01-01 01:00:00,89.94727325439453,-180.0,-18.55
5282,10,10,0,10,242,2017-01-01 02:00:00,89.94727325439453,-180.0,-18.3
5283,10,10,0,10,243,2017-01-01 03:00:00,89.94727325439453,-180.0,-18.0
5284,10,10,0,10,244,2017-01-01 04:00:00,89.94727325439453,-180.0,-17.8
5285,10,10,0,10,245,2017-01-01 05:00:00,89.94727325439453,-180.0,-17.85
5286,10,10,0,10,246,2017-01-01 06:00:00,89.94727325439453,-180.0,-18.1
5287,10,10,0,10,247,2017-01-01 07:00:00,89.94727325439453,-180.0,-18.65
5288,10,10,0,10,248,2017-01-01 08:00:00,89.94727325439453,-180.0,-18.7
5289,10,10,0,10,249,2017-01-01 09:00:00,89.94727325439453,-180.0,-18.75
5290,10,10,0,10,250,2017-01-01 10:00:00,89.94727325439453,-180.0,-18.9
5291,10,10,0,10,251,2017-01-01 11:00:00,89.94727325439453,-180.0,-19.1
5292,10,10,0,10,252,2017-01-01 12:00:00,89.94727325439453,-180.0,-19.25
5293,10,10,0,10,253,2017-01-01 13:00:00,89.94727325439453,-180.0,-20.75
5294,10,10,0,10,254,2017-01-01 14:00:00,89.94727325439453,-180.0,-21.1
5295,10,10,0,10,255,2017-01-01 15:00:00,89.94727325439453,-180.0,-21.4
5296,10,10,0,10,256,2017-01-01 16:00:00,89.94727325439453,-180.0,-21.75
5297,10,10,0,10,257,2017-01-01 17:00:00,89.94727325439453,-180.0,-22.0
5298,10,10,0,10,258,2017-01-01 18:00:00,89.94727325439453,-180.0,-22.25
5299,10,10,0,10,259,2017-01-01 19:00:00,89.94727325439453,-180.0,-22.3
5300,10,10,0,10,260,2017-01-01 20:00:00,89.94727325439453,-180.0,-21.9
5301,10,10,0,10,261,2017-01-01 21:00:00,89.94727325439453,-180.0,-21.25
5302,10,10,0,10,262,2017-01-01 22:00:00,89.94727325439453,-180.0,-20.65
5303,10,10,0,10,263,2017-01-01 23:00:00,89.94727325439453,-180.0,-19.95
5304,10,10,0,10,264,2017-01-02 00:00:00,89.94727325439453,-180.0,-20.05
5305,10,10,0,10,265,2017-01-02 01:00:00,89.94727325439453,-180.0,NULL
5306,10,10,0,10,266,2017-01-02 02:00:00,89.94727325439453,-180.0,NULL
5307,10,10,0,10,267,2017-01-02 03:00:00,89.94727325439453,-180.0,NULL
5308,10,10,0,10,268,2017-01-02 04:00:00,89.94727325439453,-180.0,NULL
5309,10,10,0,10,269,2017-01-02 05:00:00,89.94727325439453,-180.0,NULL
5310,10,10,0,10,270,2017-01-02 06:00:00,89.94727325439453,-180.0,NULL
5311,10,10,0,10,271,2017-01-02 07:00:00,89.94727325439453,-180.0,NULL
5312,10,10,0,10,272,2017-01-02 08:00:00,89.94727325439453,-180.0,NULL
5313,10,10,0,10,273,2017-01-02 09:00:00,89.94727325439453,-180.0,NULL
5314,10,10,0,10,274,2017-01-02 10:00:00,89.94727325439453,-180.0,NULL
5315,10,10,0,10,275,2017-01-02 11:00:00,89.94727325439453,-180.0,NULL
5316,10,10,0,10,276,2017-01-02 12:00:00,89.94727325439453,-180.0,NULL
5317,10,10,0,10,277,2017-01-02 13:00:00,89.94727325439453,-180.0,NULL
5318,10,10,0,10,278,2017-01-02 14:00:00,89.94727325439453,-180.0,NULL
5319,10,10,0,10,279,2017-01-02 15:00:00,89.94727325439453,-180.0,NULL
5320,10,10,0,10,280,2017-01-02 16:00:00,89.94727325439453,-180.0,NULL
5321,10,10,0,10,281,2017-01-02 17:00:00,89.94727325439453,-180.0,NULL
5322,10,10,0,10,282,2017-01-02 18:00:00,89.94727325439453,-180.0,NULL
5323,10,10,0,10,283,2017-01-02 19:00:00,89.94727325439453,-180.0,NULL
5324,10,10,0,10,284,2017-01-02 20:00:00,89.94727325439453,-180.0,NULL
5325,10,10,0,10,285,2017-01-02 21:00:00,89.94727325439453,-180.0,NULL
5326,10,10,0,10,286,2017-01-02 22:00:00,89.94727325439453,-180.0,NULL
5327,10,10,0,10,287,2017-01-02 23:00:00,89.94727325439453,-180.0,NULL
5328,10,10,0,10,288,2017-01-03 00:00:00,89.94727325439453,-180.0,NULL
5329,10,10,0,10,289,2017-01-03 01:00:00,89.94727325439453,-180.0,NULL
5330,10,10,0,10,290,2017-01-03 02:00:00,89.94727325439453,-180.0,NULL
5331,10,10,0,10,291,2017-01-03 03:00:00,89.94727325439453,-180.0,NULL
5332,10,10,0,10,292,2017-01-03 04:00:00,89.94727325439453,-180.0,NULL
5333,10,10,0,10,293,2017-01-03 05:00:00,89.94727325439453,-180.0,NULL
5334,10,10,0,10,294,2017-01-03 06:00:00,89.94727325439453,-180.0,NULL
5335,10,10,0,10,295,2017-01-03 07:00:00,89.94727325439453,-180.0,NULL
5336,10,10,0,10,296,2017-01-03 08:00:00,89.94727325439453,-180.0,NULL
5337,10,10,0,10,297,2017-01-03 09:00:00,89.94727325439453,-180.0,NULL
5338,10,10,0,10,298,2017-01-03 10:00:00,89.94727325439453,-180.0,NULL
5339,10,10,0,10,299,2017-01-03 11:00:00,89.94727325439453,-180.0,NULL
5340,10,10,0,10,300,2017-01-03 12:00:00,89.94727325439453,-180.0,NULL
5341,10,10,0,10,301,2017-01-03 13:00:00,89.94727325439453,-180.0,NULL
5342,10,10,0,10,302,2017-01-03 14:00:00,89.94727325439453,-180.0,NULL
5343,10,10,0,10,303,2017-01-03 15:00:00,89.94727325439453,-180.0,NULL
5344,10,10,0,10,304,2017-01-03 16:00:00,89.94727325439453,-180.0,NULL
5345,10,10,0,10,305,2017-01-03 17:00:00,89.94727325439453,-180.0,NULL
5346,10,10,0,10,306,2017-01-03 18:00:00,89.94727325439453,-180.0,NULL
5347,10,10,0,10,307,2017-01-03 19:00:00,89.94727325439453,-180.0,NULL
5348,10,10,0,10,308,2017-01-03 20:00:00,89.94727325439453,-180.0,NULL
5349,10,10,0,10,309,2017-01-03 21:00:00,89.94727325439453,-180.0,NULL
5350,10,10,0,10,310,2017-01-03 22:00:00,89.94727325439453,-180.0,NULL
5351,10,10,0,10,311,2017-01-03 23:00:00,89.94727325439453,-180.0,NULL
5352,10,10,0,10,312,2017-01-04 00:00:00,89.94727325439453,-180.0,NULL
5353,10,10,0,10,313,2017-01-04 01:00:00,89.94727325439453,-180.0,NULL
5354,10,10,0,10,314,2017-01-04 02:00:00,89.94727325439453,-180.0,NULL
5355,10,10,0,10,315,2017-01-04 03:00:00,89.94727325439453,-180.0,NULL
5356,10,10,0,10,316,2017-01-04 04:00:00,89.94727325439453,-180.0,NULL
5357,10,10,0,10,317,2017-01-04 05:00:00,89.94727325439453,-180.0,NULL
5358,10,10,0,10,318,2017-01-04 06:00:00,89.94727325439453,-180.0,NULL
5359,10,10,0,10,319,2017-01-04 07:00:00,89.94727325439453,-180.0,NULL
5360,10,10,0,10,320,2017-01-04 08:00:00,89.94727325439453,-180.0,NULL
5361,10,10,0,10,321,2017-01-04 09:00:00,89.94727325439453,-180.0,NULL
5362,10,10,0,10,322,2017-01-04 10:00:00,89.94727325439453,-180.0,NULL
5363,10,10,0,10,323,2017-01-04 11:00:00,89.94727325439453,-180.0,NULL
5364,10,10,0,10,324,2017-01-04 12:00:00,89.94727325439453,-180.0,NULL
5365,10,10,0,10,325,2017-01-04 13:00:00,89.94727325439453,-180.0,NULL
5366,10,10,0,10,326,2017-01-04 14:00:00,89.94727325439453,-180.0,NULL
5367,10,10,0,10,327,2017-01-04 15:00:00,89.94727325439453,-180.0,NULL
5368,10,10,0,10,328,2017-01-04 16:00:00,89.94727325439453,-180.0,NULL
5369,10,10,0,10,329,2017-01-04 17:00:00,89.94727325439453,-180.0,NULL
5370,10,10,0,10,330,2017-01-04 18:00:00,89.94727325439453,-180.0,NULL
5371,10,10,0,10,331,2017-01-04 19:00:00,89.94727325439453,-180.0,NULL
5372,10,10,0,10,332,2017-01-04 20:00:00,89.94727325439453,-180.0,NULL
5373,10,10,0,10,333,2017-01-04 21:00:00,89.94727325439453,-180.0,NULL
5374,10,10,0,10,334,2017-01-04 22:00:00,89.94727325439453,-180.0,NULL
5375,10,10,0,10,335,2017-01-04 23:00:00,89.94727325439453,-180.0,NULL
5376,10,10,0,10,336,2017-01-05 00:00:00,89.94727325439453,-180.0,NULL
5377,10,10,0,10,337,2017-01-05 01:00:00,89.94727325439453,-180.0,NULL
5378,10,10,0,10,338,2017-01-05 02:00:00,89.94727325439453,-180.0,NULL
5379,10,10,0,10,339,2017-01-05 03:00:00,89.94727325439453,-180.0,NULL
5380,10,10,0,10,340,2017-01-05 04:00:00,89.94727325439453,-180.0,NULL
5381,10,10,0,10,341,2017-01-05 05:00:00,89.94727325439453,-180.0,NULL
5382,10,10,0,10,342,2017-01-05 06:00:00,89.94727325439453,-180.0,NULL
5383,10,10,0,10,343,2017-01-05 07:00:00,89.94727325439453,-180.0,NULL
5384,10,10,0,10,344,2017-01-05 08:00:00,89.94727325439453,-180.0,NULL
5385,10,10,0,10,345,2017-01-05 09:00:00,89.94727325439453,-180.0,NULL
5386,10,10,0,10,346,2017-01-05 10:00:00,89.94727325439453,-180.0,NULL
5387,10,10,0,10,347,2017-01-05 11:00:00,89.94727325439453,-180.0,NULL
5388,10,10,0,10,348,2017-01-05 12:00:00,89.94727325439453,-180.0,NULL
5389,10,10,0,10,349,2017-01-05 13:00:00,89.94727325439453,-180.0,NULL
5390,10,10,0,10,350,2017-01-05 14:00:00,89.94727325439453,-180.0,NULL
5391,10,10,0,10,351,2017-01-05 15:00:00,89.94727325439453,-180.0,NULL
5392,10,10,0,10,352,2017-01-05 16:00:00,89.94727325439453,-180.0,NULL
5393,10,10,0,10,353,2017-01-05 17:00:00,89.94727325439453,-180.0,NULL
5394,10,10,0,10,354,2017-01-05 18:00:00,89.94727325439453,-180.0,NULL
5395,10,10,0,10,355,2017-01-05 19:00:00,89.94727325439453,-180.0,NULL
5396,10,10,0,10,356,2017-01-05 20:00:00,89.94727325439453,-180.0,NULL
5397,10,10,0,10,357,2017-01-05 21:00:00,89.94727325439453,-180.0,NULL
5398,10,10,0,10,358,2017-01-05 22:00:00,89.94727325439453,-180.0,NULL
5399,10,10,0,10,359,2017-01-05 23:00:00,89.94727325439453,-180.0,NULL
5400,10,10,0,10,360,2017-01-06 00:00:00,89.94727325439453,-180.0,NULL
5401,10,10,0,10,361,2017-01-06 01:00:00,89.94727325439453,-180.0,NULL
5402,10,10,0,10,362,2017-01-06 02:00:00,89.94727325439453,-180.0,NULL
5403,10,10,0,10,363,2017-01-06 03:00:00,89.94727325439453,-180.0,NULL
5404,10,10,0,10,364,2017-01-06 04:00:00,89.94727325439453,-180.0,NULL
5405,10,10,0,10,365,2017-01-06 05:00:00,89.94727325439453,-180.0,NULL
5406,10,10,0,10,366,2017-01-06 06:00:00,89.94727325439453,-180.0,NULL
5407,10,10,0,10,367,2017-01-06 07:00:00,89.94727325439453,-180.0,NULL
5408,10,10,0,10,368,2017-01-06 08:00:00,89.94727325439453,-180.0,NULL
5409,10,10,0,10,369,2017-01-06 09:00:00,89.94727325439453,-180.0,NULL
5410,10,10,0,10,370,2017-01-06 10:00:00,89.94727325439453,-180.0,NULL
5411,10,10,0,10,371,2017-01-06 11:00:00,89.94727325439453,-180.0,NULL
5412,10,10,0,10,372,2017-01-06 12:00:00,89.94727325439453,-180.0,NULL
5413,10,10,0,10,373,2017-01-06 13:00:00,89.94727325439453,-180.0,NULL
5414,10,10,0,10,374,2017-01-06 14:00:00,89.94727325439453,-180.0,NULL
5415,10,10,0,10,375,2017-01-06 15:00:00,89.94727325439453,-180.0,NULL
5416,10,10,0,10,376,2017-01-06 16:00:00,89.94727325439453,-180.0,NULL
5417,10,10,0,10,377,2017-01-06 17:00:00,89.94727325439453,-180.0,NULL
5418,10,10,0,10,378,2017-01-06 18:00:00,89.94727325439453,-180.0,NULL
5419,10,10,0,10,379,2017-01-06 19:00:00,89.94727325439453,-180.0,NULL
5420,10,10,0,10,380,2017-01-06 20:00:00,89.94727325439453,-180.0,NULL
5421,10,10,0,10,381,2017-01-06 21:00:00,89.94727325439453,-180.0,NULL
5422,10,10,0,10,382,2017-01-06 22:00:00,89.94727325439453,-180.0,NULL
5423,10,10,0,10,383,2017-01-06 23:00:00,89.94727325439453,-180.0,NULL
5424,10,10,0,10,384,2017-01-07 00:00:00,89.94727325439453,-180.0,NULL
5425,10,10,0,10,385,2017-01-07 01:00:00,89.94727325439453,-180.0,NULL
5426,10,10,0,10,386,2017-01-07 02:00:00,89.94727325439453,-180.0,NULL
5427,10,10,0,10,387,2017-01-07 03:00:00,89.94727325439453,-180.0,NULL
5428,10,10,0,10,388,2017-01-07 04:00:00,89.94727325439453,-180.0,NULL
5429,10,10,0,10,389,2017-01-07 05:00:00,89.94727325439453,-180.0,NULL
5430,10,10,0,10,390,2017-01-07 06:00:00,89.94727325439453,-180.0,NULL
5431,10,10,0,10,391,2017-01-07 07:00:00,89.94727325439453,-180.0,NULL
5432,10,10,0,10,392,2017-01-07 08:00:00,89.94727325439453,-180.0,NULL
5433,10,10,0,10,393,2017-01-07 09:00:00,89.94727325439453,-180.0,NULL
5434,10,10,0,10,394,2017-01-07 10:00:00,89.94727325439453,-180.0,NULL
5435,10,10,0,10,395,2017-01-07 11:00:00,89.94727325439453,-180.0,NULL
5436,10,10,0,10,396,2017-01-07 12:00:00,89.94727325439453,-180.0,NULL
5437,10,10,0,10,397,2017-01-07 13:00:00,89.94727325439453,-180.0,NULL
5438,10,10,0,10,398,2017-01-07 14:00:00,89.94727325439453,-180.0,NULL
5439,10,10,0,10,399,2017-01-07 15:00:00,89.94727325439453,-180.0,NULL
5440,10,10,0,10,400,2017-01-07 16:00:00,89.94727325439453,-180.0,NULL
5441,10,10,0,10,401,2017-01-07 17:00:00,89.94727325439453,-180.0,NULL
5442,10,10,0,10,402,2017-01-07 18:00:00,89.94727325439453,-180.0,NULL
5443,10,10,0,10,403,2017-01-07 19:00:00,89.94727325439453,-180.0,NULL
5444,10,10,0,10,404,2017-01-07 20:00:00,89.94727325439453,-180.0,NULL
5445,10,10,0,10,405,2017-01-07 21:00:00,89.94727325439453,-180.0,NULL
5446,10,10,0,10,406,2017-01-07 22:00:00,89.94727325439453,-180.0,NULL
5447,10,10,0,10,407,2017-01-07 23:00:00,89.94727325439453,-180.0,NULL
5448,10,10,0,10,408,2017-01-08 00:00:00,89.94727325439453,-180.0,NULL
5449,10,10,0,10,409,2017-01-08 01:00:00,89.94727325439453,-180.0,NULL
5450,10,10,0,10,410,2017-01-08 02:00:00,89.94727325439453,-180.0,NULL
5451,10,10,0,10,411,2017-01-08 03:00:00,89.94727325439453,-180.0,NULL
5452,10,10,0,10,412,2017-01-08 04:00:00,89.94727325439453,-180.0,NULL
5453,10,10,0,10,413,2017-01-08 05:00:00,89.94727325439453,-180.0,NULL
5454,10,10,0,10,414,2017-01-08 06:00:00,89.94727325439453,-180.0,NULL
5455,10,10,0,10,415,2017-01-08 07:00:00,89.94727325439453,-180.0,NULL
5456,10,10,0,10,416,2017-01-08 08:00:00,89.94727325439453,-180.0,NULL
5457,10,10,0,10,417,2017-01-08 09:00:00,89.94727325439453,-180.0,NULL
5458,10,10,0,10,418,2017-01-08 10:00:00,89.94727325439453,-180.0,NULL
5459,10,10,0,10,419,2017-01-08 11:00:00,89.94727325439453,-180.0,NULL
5460,10,10,0,10,420,2017-01-08 12:00:00,89.94727325439453,-180.0,NULL
5461,10,10,0,10,421,2017-01-08 13:00:00,89.94727325439453,-180.0,NULL
5462,10,10,0,10,422,2017-01-08 14:00:00,89.94727325439453,-180.0,NULL
5463,10,10,0,10,423,2017-01-08 15:00:00,89.94727325439453,-180.0,NULL
5464,10,10,0,10,424,2017-01-08 16:00:00,89.94727325439453,-180.0,NULL
5465,10,10,0,10,425,2017-01-08 17:00:00,89.94727325439453,-180.0,NULL
5466,10,10,0,10,426,2017-01-08 18:00:00,89.94727325439453,-180.0,NULL
5467,10,10,0,10,427,2017-01-08 19:00:00,89.94727325439453,-180.0,NULL
5468,10,10,0,10,428,2017-01-08 20:00:00,89.94727325439453,-180.0,NULL
5469,10,10,0,10,429,2017-01-08 21:00:00,89.94727325439453,-180.0,NULL
5470,10,10,0,10,430,2017-01-08 22:00:00,89.94727325439453,-180.0,NULL
5471,10,10,0,10,431,2017-01-08 23:00:00,89.94727325439453,-180.0,NULL
5472,10,10,0,10,432,2017-01-09 00:00:00,89.94727325439453,-180.0,NULL
5473,10,10,0,10,433,2017-01-09 01:00:00,89.94727325439453,-180.0,NULL
5474,10,10,0,10,434,2017-01-09 02:00:00,89.94727325439453,-180.0,NULL
5475,10,10,0,10,435,2017-01-09 03:00:00,89.94727325439453,-180.0,NULL
5476,10,10,0,10,436,2017-01-09 04:00:00,89.94727325439453,-180.0,NULL
5477,10,10,0,10,437,2017-01-09 05:00:00,89.94727325439453,-180.0,NULL
5478,10,10,0,10,438,2017-01-09 06:00:00,89.94727325439453,-180.0,NULL
5479,10,10,0,10,439,2017-01-09 07:00:00,89.94727325439453,-180.0,NULL
5480,10,10,0,10,440,2017-01-09 08:00:00,89.94727325439453,-180.0,NULL
5481,10,10,0,10,441,2017-01-09 09:00:00,89.94727325439453,-180.0,NULL
5482,10,10,0,10,442,2017-01-09 10:00:00,89.94727325439453,-180.0,NULL
5483,10,10,0,10,443,2017-01-09 11:00:00,89.94727325439453,-180.0,NULL
5484,10,10,0,10,444,2017-01-09 12:00:00,89.94727325439453,-180.0,NULL
5485,10,10,0,10,445,2017-01-09 13:00:00,89.94727325439453,-180.0,NULL
5486,10,10,0,10,446,2017-01-09 14:00:00,89.94727325439453,-180.0,NULL
5487,10,10,0,10,447,2017-01-09 15:00:00,89.94727325439453,-180.0,NULL
5488,10,10,0,10,448,2017-01-09 16:00:00,89.94727325439453,-180.0,NULL
5489,10,10,0,10,449,2017-01-09 17:00:00,89.94727325439453,-180.0,NULL
5490,10,10,0,10,450,2017-01-09 18:00:00,89.94727325439453,-180.0,NULL
5491,10,10,0,10,451,2017-01-09 19:00:00,89.94727325439453,-180.0,NULL
5492,10,10,0,10,452,2017-01-09 20:00:00,89.94727325439453,-180.0,NULL
5493,10,10,0,10,453,2017-01-09 21:00:00,89.94727325439453,-180.0,NULL
5494,10,10,0,10,454,2017-01-09 22:00:00,89.94727325439453,-180.0,NULL
5495,10,10,0,10,455,2017-01-09 23:00:00,89.94727325439453,-180.0,NULL
5496,10,10,0,10,456,2017-01-10 00:00:00,89.94727325439453,-180.0,NULL
5497,10,10,0,10,457,2017-01-10 01:00:00,89.94727325439453,-180.0,NULL
5498,10,10,0,10,458,2017-01-10 02:00:00,89.94727325439453,-180.0,NULL
5499,10,10,0,10,459,2017-01-10 03:00:00,89.94727325439453,-180.0,NULL
5500,10,10,0,10,460,2017-01-10 04:00:00,89.94727325439453,-180.0,NULL
5501,10,10,0,10,461,2017-01-10 05:00:00,89.94727325439453,-180.0,NULL
5502,10,10,0,10,462,2017-01-10 06:00:00,89.94727325439453,-180.0,NULL
5503,10,10,0,10,463,2017-01-10 07:00:00,89.94727325439453,-180.0,NULL
5504,10,10,0,10,464,2017-01-10 08:00:00,89.94727325439453,-180.0,NULL
5505,10,10,0,10,465,2017-01-10 09:00:00,89.94727325439453,-180.0,NULL
5506,10,10,0,10,466,2017-01-10 10:00:00,89.94727325439453,-180.0,NULL
5507,10,10,0,10,467,2017-01-10 11:00:00,89.94727325439453,-180.0,NULL
5508,10,10,0,10,468,2017-01-10 12:00:00,89.94727325439453,-180.0,NULL
5509,10,10,0,10,469,2017-01-10 13:00:00,89.94727325439453,-180.0,NULL
5510,10,10,0,10,470,2017-01-10 14:00:00,89.94727325439453,-180.0,NULL
5511,10,10,0,10,471,2017-01-10 15:00:00,89.94727325439453,-180.0,NULL
5512,10,10,0,10,472,2017-01-10 16:00:00,89.94727325439453,-180.0,NULL
5513,10,10,0,10,473,2017-01-10 17:00:00,89.94727325439453,-180.0,NULL
5514,10,10,0,10,474,2017-01-10 18:00:00,89.94727325439453,-180.0,NULL
5515,10,10,0,10,475,2017-01-10 19:00:00,89.94727325439453,-180.0,NULL
5516,10,10,0,10,476,2017-01-10 20:00:00,89.94727325439453,-180.0,NULL
5517,10,10,0,10,477,2017-01-10 21:00:00,89.94727325439453,-180.0,NULL
5518,10,10,0,10,478,2017-01-10 22:00:00,89.94727325439453,-180.0,NULL
5519,10,10,0,10,479,2017-01-10 23:00:00,89.94727325439453,-180.0,NULL
5520,10,10,0,10,480,2017-01-11 00:00:00,89.94727325439453,-180.0,NULL
5521,10,10,0,10,481,2017-01-11 01:00:00,89.94727325439453,-180.0,NULL
5522,10,10,0,10,482,2017-01-11 02:00:00,89.94727325439453,-180.0,NULL
5523,10,10,0,10,483,2017-01-11 03:00:00,89.94727325439453,-180.0,NULL
5524,10,10,0,10,484,2017-01-11 04:00:00,89.94727325439453,-180.0,NULL
5525,10,10,0,10,485,2017-01-11 05:00:00,89.94727325439453,-180.0,NULL
5526,10,10,0,10,486,2017-01-11 06:00:00,89.94727325439453,-180.0,NULL
5527,10,10,0,10,487,2017-01-11 07:00:00,89.94727325439453,-180.0,NULL
5528,10,10,0,10,488,2017-01-11 08:00:00,89.94727325439453,-180.0,NULL
5529,10,10,0,10,489,2017-01-11 09:00:00,89.94727325439453,-180.0,NULL
5530,10,10,0,10,490,2017-01-11 10:00:00,89.94727325439453,-180.0,NULL
5531,10,10,0,10,491,2017-01-11 11:00:00,89.94727325439453,-180.0,NULL
5532,10,10,0,10,492,2017-01-11 12:00:00,89.94727325439453,-180.0,NULL
5533,10,10,0,10,493,2017-01-11 13:00:00,89.94727325439453,-180.0,NULL
5534,10,10,0,10,494,2017-01-11 14:00:00,89.94727325439453,-180.0,NULL
5535,10,10,0,10,495,2017-01-11 15:00:00,89.94727325439453,-180.0,NULL
5536,10,10,0,10,496,2017-01-11 16:00:00,89.94727325439453,-180.0,NULL
5537,10,10,0,10,497,2017-01-11 17:00:00,89.94727325439453,-180.0,NULL
5538,10,10,0,10,498,2017-01-11 18:00:00,89.94727325439453,-180.0,NULL
5539,10,10,0,10,499,2017-01-11 19:00:00,89.94727325439453,-180.0,NULL
5540,10,10,0,10,500,2017-01-11 20:00:00,89.94727325439453,-180.0,NULL
5541,10,10,0,10,501,2017-01-11 21:00:00,89.94727325439453,-180.0,NULL
5542,10,10,0,10,502,2017-01-11 22:00:00,89.94727325439453,-180.0,NULL
5543,10,10,0,10,503,2017-01-11 23:00:00,89.94727325439453,-180.0,NULL
5544,11,11,0,11,0,2016-12-22 00:00:00,89.94727325439453,-162.0,NULL
5545,11,11,0,11,1,2016-12-22 01:00:00,89.94727325439453,-162.0,NULL
5546,11,11,0,11,2,2016-12-22 02:00:00,89.94727325439453,-162.0,NULL
5547,11,11,0,11,3,2016-12-22 03:00:00,89.94727325439453,-162.0,NULL
5548,11,11,0,11,4,2016-12-22 04:00:00,89.94727325439453,-162.0,NULL
5549,11,11,0,11,5,2016-12-22 05:00:00,89.94727325439453,-162.0,NULL
5550,11,11,0,11,6,2016-12-22 06:00:00,89.94727325439453,-162.0,NULL
5551,11,11,0,11,7,2016-12-22 07:00:00,89.94727325439453,-162.0,NULL
5552,11,11,0,11,8,2016-12-22 08:00:00,89.94727325439453,-162.0,NULL
5553,11,11,0,11,9,2016-12-22 09:00:00,89.94727325439453,-162.0,NULL
5554,11,11,0,11,10,2016-12-22 10:00:00,89.94727325439453,-162.0,NULL
5555,11,11,0,11,11,2016-12-22 11:00:00,89.94727325439453,-162.0,NULL
5556,11,11,0,11,12,2016-12-22 12:00:00,89.94727325439453,-162.0,NULL
5557,11,11,0,11,13,2016-12-22 13:00:00,89.94727325439453,-162.0,NULL
5558,11,11,0,11,14,2016-12-22 14:00:00,89.94727325439453,-162.0,NULL
5559,11,11,0,11,15,2016-12-22 15:00:00,89.94727325439453,-162.0,NULL
5560,11,11,0,11,16,2016-12-22 16:00:00,89.94727325439453,-162.0,NULL
5561,11,11,0,11,17,2016-12-22 17:00:00,89.94727325439453,-162.0,NULL
5562,11,11,0,11,18,2016-12-22 18:00:00,89.94727325439453,-162.0,NULL
5563,11,11,0,11,19,2016-12-22 19:00:00,89.94727325439453,-162.0,NULL
5564,11,11,0,11,20,2016-12-22 20:00:00,89.94727325439453,-162.0,NULL
5565,11,11,0,11,21,2016-12-22 21:00:00,89.94727325439453,-162.0,NULL
5566,11,11,0,11,22,2016-12-22 22:00:00,89.94727325439453,-162.0,NULL
5567,11,11,0,11,23,2016-12-22 23:00:00,89.94727325439453,-162.0,NULL
5568,11,11,0,11,24,2016-12-23 00:00:00,89.94727325439453,-162.0,NULL
5569,11,11,0,11,25,2016-12-23 01:00:00,89.94727325439453,-162.0,NULL
5570,11,11,0,11,26,2016-12-23 02:00:00,89.94727325439453,-162.0,NULL
5571,11,11,0,11,27,2016-12-23 03:00:00,89.94727325439453,-162.0,NULL
5572,11,11,0,11,28,2016-12-23 04:00:00,89.94727325439453,-162.0,NULL
5573,11,11,0,11,29,2016-12-23 05:00:00,89.94727325439453,-162.0,NULL
5574,11,11,0,11,30,2016-12-23 06:00:00,89.94727325439453,-162.0,NULL
5575,11,11,0,11,31,2016-12-23 07:00:00,89.94727325439453,-162.0,NULL
5576,11,11,0,11,32,2016-12-23 08:00:00,89.94727325439453,-162.0,NULL
5577,11,11,0,11,33,2016-12-23 09:00:00,89.94727325439453,-162.0,NULL
5578,11,11,0,11,34,2016-12-23 10:00:00,89.94727325439453,-162.0,NULL
5579,11,11,0,11,35,2016-12-23 11:00:00,89.94727325439453,-162.0,NULL
5580,11,11,0,11,36,2016-12-23 12:00:00,89.94727325439453,-162.0,NULL
5581,11,11,0,11,37,2016-12-23 13:00:00,89.94727325439453,-162.0,NULL
5582,11,11,0,11,38,2016-12-23 14:00:00,89.94727325439453,-162.0,NULL
5583,11,11,0,11,39,2016-12-23 15:00:00,89.94727325439453,-162.0,NULL
5584,11,11,0,11,40,2016-12-23 16:00:00,89.94727325439453,-162.0,NULL
5585,11,11,0,11,41,2016-12-23 17:00:00,89.94727325439453,-162.0,NULL
5586,11,11,0,11,42,2016-12-23 18:00:00,89.94727325439453,-162.0,NULL
5587,11,11,0,11,43,2016-12-23 19:00:00,89.94727325439453,-162.0,NULL
5588,11,11,0,11,44,2016-12-23 20:00:00,89.94727325439453,-162.0,NULL
5589,11,11,0,11,45,2016-12-23 21:00:00,89.94727325439453,-162.0,NULL
5590,11,11,0,11,46,2016-12-23 22:00:00,89.94727325439453,-162.0,NULL
5591,11,11,0,11,47,2016-12-23 23:00:00,89.94727325439453,-162.0,NULL
5592,11,11,0,11,48,2016-12-24 00:00:00,89.94727325439453,-162.0,NULL
5593,11,11,0,11,49,2016-12-24 01:00:00,89.94727325439453,-162.0,NULL
5594,11,11,0,11,50,2016-12-24 02:00:00,89.94727325439453,-162.0,NULL
5595,11,11,0,11,51,2016-12-24 03:00:00,89.94727325439453,-162.0,NULL
5596,11,11,0,11,52,2016-12-24 04:00:00,89.94727325439453,-162.0,NULL
5597,11,11,0,11,53,2016-12-24 05:00:00,89.94727325439453,-162.0,NULL
5598,11,11,0,11,54,2016-12-24 06:00:00,89.94727325439453,-162.0,NULL
5599,11,11,0,11,55,2016-12-24 07:00:00,89.94727325439453,-162.0,NULL
5600,11,11,0,11,56,2016-12-24 08:00:00,89.94727325439453,-162.0,NULL
5601,11,11,0,11,57,2016-12-24 09:00:00,89.94727325439453,-162.0,NULL
5602,11,11,0,11,58,2016-12-24 10:00:00,89.94727325439453,-162.0,NULL
5603,11,11,0,11,59,2016-12-24 11:00:00,89.94727325439453,-162.0,NULL
5604,11,11,0,11,60,2016-12-24 12:00:00,89.94727325439453,-162.0,NULL
5605,11,11,0,11,61,2016-12-24 13:00:00,89.94727325439453,-162.0,NULL
5606,11,11,0,11,62,2016-12-24 14:00:00,89.94727325439453,-162.0,NULL
5607,11,11,0,11,63,2016-12-24 15:00:00,89.94727325439453,-162.0,NULL
5608,11,11,0,11,64,2016-12-24 16:00:00,89.94727325439453,-162.0,NULL
5609,11,11,0,11,65,2016-12-24 17:00:00,89.94727325439453,-162.0,NULL
5610,11,11,0,11,66,2016-12-24 18:00:00,89.94727325439453,-162.0,NULL
5611,11,11,0,11,67,2016-12-24 19:00:00,89.94727325439453,-162.0,NULL
5612,11,11,0,11,68,2016-12-24 20:00:00,89.94727325439453,-162.0,NULL
5613,11,11,0,11,69,2016-12-24 21:00:00,89.94727325439453,-162.0,NULL
5614,11,11,0,11,70,2016-12-24 22:00:00,89.94727325439453,-162.0,NULL
5615,11,11,0,11,71,2016-12-24 23:00:00,89.94727325439453,-162.0,NULL
5616,11,11,0,11,72,2016-12-25 00:00:00,89.94727325439453,-162.0,NULL
5617,11,11,0,11,73,2016-12-25 01:00:00,89.94727325439453,-162.0,NULL
5618,11,11,0,11,74,2016-12-25 02:00:00,89.94727325439453,-162.0,NULL
5619,11,11,0,11,75,2016-12-25 03:00:00,89.94727325439453,-162.0,NULL
5620,11,11,0,11,76,2016-12-25 04:00:00,89.94727325439453,-162.0,NULL
5621,11,11,0,11,77,2016-12-25 05:00:00,89.94727325439453,-162.0,NULL
5622,11,11,0,11,78,2016-12-25 06:00:00,89.94727325439453,-162.0,NULL
5623,11,11,0,11,79,2016-12-25 07:00:00,89.94727325439453,-162.0,NULL
5624,11,11,0,11,80,2016-12-25 08:00:00,89.94727325439453,-162.0,NULL
5625,11,11,0,11,81,2016-12-25 09:00:00,89.94727325439453,-162.0,NULL
5626,11,11,0,11,82,2016-12-25 10:00:00,89.94727325439453,-162.0,NULL
5627,11,11,0,11,83,2016-12-25 11:00:00,89.94727325439453,-162.0,NULL
5628,11,11,0,11,84,2016-12-25 12:00:00,89.94727325439453,-162.0,NULL
5629,11,11,0,11,85,2016-12-25 13:00:00,89.94727325439453,-162.0,NULL
5630,11,11,0,11,86,2016-12-25 14:00:00,89.94727325439453,-162.0,NULL
5631,11,11,0,11,87,2016-12-25 15:00:00,89.94727325439453,-162.0,NULL
5632,11,11,0,11,88,2016-12-25 16:00:00,89.94727325439453,-162.0,NULL
5633,11,11,0,11,89,2016-12-25 17:00:00,89.94727325439453,-162.0,NULL
5634,11,11,0,11,90,2016-12-25 18:00:00,89.94727325439453,-162.0,NULL
5635,11,11,0,11,91,2016-12-25 19:00:00,89.94727325439453,-162.0,NULL
5636,11,11,0,11,92,2016-12-25 20:00:00,89.94727325439453,-162.0,NULL
5637,11,11,0,11,93,2016-12-25 21:00:00,89.94727325439453,-162.0,NULL
5638,11,11,0,11,94,2016-12-25 22:00:00,89.94727325439453,-162.0,NULL
5639,11,11,0,11,95,2016-12-25 23:00:00,89.94727325439453,-162.0,NULL
5640,11,11,0,11,96,2016-12-26 00:00:00,89.94727325439453,-162.0,NULL
5641,11,11,0,11,97,2016-12-26 01:00:00,89.94727325439453,-162.0,NULL
5642,11,11,0,11,98,2016-12-26 02:00:00,89.94727325439453,-162.0,NULL
5643,11,11,0,11,99,2016-12-26 03:00:00,89.94727325439453,-162.0,NULL
5644,11,11,0,11,100,2016-12-26 04:00:00,89.94727325439453,-162.0,NULL
5645,11,11,0,11,101,2016-12-26 05:00:00,89.94727325439453,-162.0,NULL
5646,11,11,0,11,102,2016-12-26 06:00:00,89.94727325439453,-162.0,NULL
5647,11,11,0,11,103,2016-12-26 07:00:00,89.94727325439453,-162.0,NULL
5648,11,11,0,11,104,2016-12-26 08:00:00,89.94727325439453,-162.0,NULL
5649,11,11,0,11,105,2016-12-26 09:00:00,89.94727325439453,-162.0,NULL
5650,11,11,0,11,106,2016-12-26 10:00:00,89.94727325439453,-162.0,NULL
5651,11,11,0,11,107,2016-12-26 11:00:00,89.94727325439453,-162.0,NULL
5652,11,11,0,11,108,2016-12-26 12:00:00,89.94727325439453,-162.0,NULL
5653,11,11,0,11,109,2016-12-26 13:00:00,89.94727325439453,-162.0,NULL
5654,11,11,0,11,110,2016-12-26 14:00:00,89.94727325439453,-162.0,NULL
5655,11,11,0,11,111,2016-12-26 15:00:00,89.94727325439453,-162.0,NULL
5656,11,11,0,11,112,2016-12-26 16:00:00,89.94727325439453,-162.0,NULL
5657,11,11,0,11,113,2016-12-26 17:00:00,89.94727325439453,-162.0,NULL
5658,11,11,0,11,114,2016-12-26 18:00:00,89.94727325439453,-162.0,NULL
5659,11,11,0,11,115,2016-12-26 19:00:00,89.94727325439453,-162.0,NULL
5660,11,11,0,11,116,2016-12-26 20:00:00,89.94727325439453,-162.0,NULL
5661,11,11,0,11,117,2016-12-26 21:00:00,89.94727325439453,-162.0,NULL
5662,11,11,0,11,118,2016-12-26 22:00:00,89.94727325439453,-162.0,NULL
5663,11,11,0,11,119,2016-12-26 23:00:00,89.94727325439453,-162.0,NULL
5664,11,11,0,11,120,2016-12-27 00:00:00,89.94727325439453,-162.0,NULL
5665,11,11,0,11,121,2016-12-27 01:00:00,89.94727325439453,-162.0,NULL
5666,11,11,0,11,122,2016-12-27 02:00:00,89.94727325439453,-162.0,NULL
5667,11,11,0,11,123,2016-12-27 03:00:00,89.94727325439453,-162.0,NULL
5668,11,11,0,11,124,2016-12-27 04:00:00,89.94727325439453,-162.0,NULL
5669,11,11,0,11,125,2016-12-27 05:00:00,89.94727325439453,-162.0,NULL
5670,11,11,0,11,126,2016-12-27 06:00:00,89.94727325439453,-162.0,NULL
5671,11,11,0,11,127,2016-12-27 07:00:00,89.94727325439453,-162.0,NULL
5672,11,11,0,11,128,2016-12-27 08:00:00,89.94727325439453,-162.0,NULL
5673,11,11,0,11,129,2016-12-27 09:00:00,89.94727325439453,-162.0,NULL
5674,11,11,0,11,130,2016-12-27 10:00:00,89.94727325439453,-162.0,NULL
5675,11,11,0,11,131,2016-12-27 11:00:00,89.94727325439453,-162.0,NULL
5676,11,11,0,11,132,2016-12-27 12:00:00,89.94727325439453,-162.0,NULL
5677,11,11,0,11,133,2016-12-27 13:00:00,89.94727325439453,-162.0,NULL
5678,11,11,0,11,134,2016-12-27 14:00:00,89.94727325439453,-162.0,NULL
5679,11,11,0,11,135,2016-12-27 15:00:00,89.94727325439453,-162.0,NULL
5680,11,11,0,11,136,2016-12-27 16:00:00,89.94727325439453,-162.0,NULL
5681,11,11,0,11,137,2016-12-27 17:00:00,89.94727325439453,-162.0,NULL
5682,11,11,0,11,138,2016-12-27 18:00:00,89.94727325439453,-162.0,NULL
5683,11,11,0,11,139,2016-12-27 19:00:00,89.94727325439453,-162.0,NULL
5684,11,11,0,11,140,2016-12-27 20:00:00,89.94727325439453,-162.0,NULL
5685,11,11,0,11,141,2016-12-27 21:00:00,89.94727325439453,-162.0,NULL
5686,11,11,0,11,142,2016-12-27 22:00:00,89.94727325439453,-162.0,NULL
5687,11,11,0,11,143,2016-12-27 23:00:00,89.94727325439453,-162.0,NULL
5688,11,11,0,11,144,2016-12-28 00:00:00,89.94727325439453,-162.0,NULL
5689,11,11,0,11,145,2016-12-28 01:00:00,89.94727325439453,-162.0,NULL
5690,11,11,0,11,146,2016-12-28 02:00:00,89.94727325439453,-162.0,NULL
5691,11,11,0,11,147,2016-12-28 03:00:00,89.94727325439453,-162.0,NULL
5692,11,11,0,11,148,2016-12-28 04:00:00,89.94727325439453,-162.0,NULL
5693,11,11,0,11,149,2016-12-28 05:00:00,89.94727325439453,-162.0,NULL
5694,11,11,0,11,150,2016-12-28 06:00:00,89.94727325439453,-162.0,NULL
5695,11,11,0,11,151,2016-12-28 07:00:00,89.94727325439453,-162.0,NULL
5696,11,11,0,11,152,2016-12-28 08:00:00,89.94727325439453,-162.0,NULL
5697,11,11,0,11,153,2016-12-28 09:00:00,89.94727325439453,-162.0,NULL
5698,11,11,0,11,154,2016-12-28 10:00:00,89.94727325439453,-162.0,NULL
5699,11,11,0,11,155,2016-12-28 11:00:00,89.94727325439453,-162.0,NULL
5700,11,11,0,11,156,2016-12-28 12:00:00,89.94727325439453,-162.0,NULL
5701,11,11,0,11,157,2016-12-28 13:00:00,89.94727325439453,-162.0,NULL
5702,11,11,0,11,158,2016-12-28 14:00:00,89.94727325439453,-162.0,NULL
5703,11,11,0,11,159,2016-12-28 15:00:00,89.94727325439453,-162.0,NULL
5704,11,11,0,11,160,2016-12-28 16:00:00,89.94727325439453,-162.0,NULL
5705,11,11,0,11,161,2016-12-28 17:00:00,89.94727325439453,-162.0,NULL
5706,11,11,0,11,162,2016-12-28 18:00:00,89.94727325439453,-162.0,NULL
5707,11,11,0,11,163,2016-12-28 19:00:00,89.94727325439453,-162.0,NULL
5708,11,11,0,11,164,2016-12-28 20:00:00,89.94727325439453,-162.0,NULL
5709,11,11,0,11,165,2016-12-28 21:00:00,89.94727325439453,-162.0,NULL
5710,11,11,0,11,166,2016-12-28 22:00:00,89.94727325439453,-162.0,NULL
5711,11,11,0,11,167,2016-12-28 23:00:00,89.94727325439453,-162.0,NULL
5712,11,11,0,11,168,2016-12-29 00:00:00,89.94727325439453,-162.0,NULL
5713,11,11,0,11,169,2016-12-29 01:00:00,89.94727325439453,-162.0,NULL
5714,11,11,0,11,170,2016-12-29 02:00:00,89.94727325439453,-162.0,NULL
5715,11,11,0,11,171,2016-12-29 03:00:00,89.94727325439453,-162.0,NULL
5716,11,11,0,11,172,2016-12-29 04:00:00,89.94727325439453,-162.0,NULL
5717,11,11,0,11,173,2016-12-29 05:00:00,89.94727325439453,-162.0,NULL
5718,11,11,0,11,174,2016-12-29 06:00:00,89.94727325439453,-162.0,NULL
5719,11,11,0,11,175,2016-12-29 07:00:00,89.94727325439453,-162.0,NULL
5720,11,11,0,11,176,2016-12-29 08:00:00,89.94727325439453,-162.0,NULL
5721,11,11,0,11,177,2016-12-29 09:00:00,89.94727325439453,-162.0,NULL
5722,11,11,0,11,178,2016-12-29 10:00:00,89.94727325439453,-162.0,NULL
5723,11,11,0,11,179,2016-12-29 11:00:00,89.94727325439453,-162.0,NULL
5724,11,11,0,11,180,2016-12-29 12:00:00,89.94727325439453,-162.0,NULL
5725,11,11,0,11,181,2016-12-29 13:00:00,89.94727325439453,-162.0,NULL
5726,11,11,0,11,182,2016-12-29 14:00:00,89.94727325439453,-162.0,NULL
5727,11,11,0,11,183,2016-12-29 15:00:00,89.94727325439453,-162.0,NULL
5728,11,11,0,11,184,2016-12-29 16:00:00,89.94727325439453,-162.0,NULL
5729,11,11,0,11,185,2016-12-29 17:00:00,89.94727325439453,-162.0,NULL
5730,11,11,0,11,186,2016-12-29 18:00:00,89.94727325439453,-162.0,NULL
5731,11,11,0,11,187,2016-12-29 19:00:00,89.94727325439453,-162.0,NULL
5732,11,11,0,11,188,2016-12-29 20:00:00,89.94727325439453,-162.0,NULL
5733,11,11,0,11,189,2016-12-29 21:00:00,89.94727325439453,-162.0,NULL
5734,11,11,0,11,190,2016-12-29 22:00:00,89.94727325439453,-162.0,NULL
5735,11,11,0,11,191,2016-12-29 23:00:00,89.94727325439453,-162.0,NULL
5736,11,11,0,11,192,2016-12-30 00:00:00,89.94727325439453,-162.0,NULL
5737,11,11,0,11,193,2016-12-30 01:00:00,89.94727325439453,-162.0,NULL
5738,11,11,0,11,194,2016-12-30 02:00:00,89.94727325439453,-162.0,NULL
5739,11,11,0,11,195,2016-12-30 03:00:00,89.94727325439453,-162.0,NULL
5740,11,11,0,11,196,2016-12-30 04:00:00,89.94727325439453,-162.0,NULL
5741,11,11,0,11,197,2016-12-30 05:00:00,89.94727325439453,-162.0,NULL
5742,11,11,0,11,198,2016-12-30 06:00:00,89.94727325439453,-162.0,NULL
5743,11,11,0,11,199,2016-12-30 07:00:00,89.94727325439453,-162.0,NULL
5744,11,11,0,11,200,2016-12-30 08:00:00,89.94727325439453,-162.0,NULL
5745,11,11,0,11,201,2016-12-30 09:00:00,89.94727325439453,-162.0,NULL
5746,11,11,0,11,202,2016-12-30 10:00:00,89.94727325439453,-162.0,NULL
5747,11,11,0,11,203,2016-12-30 11:00:00,89.94727325439453,-162.0,NULL
5748,11,11,0,11,204,2016-12-30 12:00:00,89.94727325439453,-162.0,NULL
5749,11,11,0,11,205,2016-12-30 13:00:00,89.94727325439453,-162.0,NULL
5750,11,11,0,11,206,2016-12-30 14:00:00,89.94727325439453,-162.0,NULL
5751,11,11,0,11,207,2016-12-30 15:00:00,89.94727325439453,-162.0,NULL
5752,11,11,0,11,208,2016-12-30 16:00:00,89.94727325439453,-162.0,NULL
5753,11,11,0,11,209,2016-12-30 17:00:00,89.94727325439453,-162.0,NULL
5754,11,11,0,11,210,2016-12-30 18:00:00,89.94727325439453,-162.0,NULL
5755,11,11,0,11,211,2016-12-30 19:00:00,89.94727325439453,-162.0,NULL
5756,11,11,0,11,212,2016-12-30 20:00:00,89.94727325439453,-162.0,NULL
5757,11,11,0,11,213,2016-12-30 21:00:00,89.94727325439453,-162.0,NULL
5758,11,11,0,11,214,2016-12-30 22:00:00,89.94727325439453,-162.0,NULL
5759,11,11,0,11,215,2016-12-30 23:00:00,89.94727325439453,-162.0,NULL
5760,11,11,0,11,216,2016-12-31 00:00:00,89.94727325439453,-162.0,NULL
5761,11,11,0,11,217,2016-12-31 01:00:00,89.94727325439453,-162.0,-21.15
5762,11,11,0,11,218,2016-12-31 02:00:00,89.94727325439453,-162.0,-21.05
5763,11,11,0,11,219,2016-12-31 03:00:00,89.94727325439453,-162.0,-20.85
5764,11,11,0,11,220,2016-12-31 04:00:00,89.94727325439453,-162.0,-20.65
5765,11,11,0,11,221,2016-12-31 05:00:00,89.94727325439453,-162.0,-20.35
5766,11,11,0,11,222,2016-12-31 06:00:00,89.94727325439453,-162.0,-20.1
5767,11,11,0,11,223,2016-12-31 07:00:00,89.94727325439453,-162.0,-19.85
5768,11,11,0,11,224,2016-12-31 08:00:00,89.94727325439453,-162.0,-19.55
5769,11,11,0,11,225,2016-12-31 09:00:00,89.94727325439453,-162.0,-19.25
5770,11,11,0,11,226,2016-12-31 10:00:00,89.94727325439453,-162.0,-18.9
5771,11,11,0,11,227,2016-12-31 11:00:00,89.94727325439453,-162.0,-18.75
5772,11,11,0,11,228,2016-12-31 12:00:00,89.94727325439453,-162.0,-18.75
5773,11,11,0,11,229,2016-12-31 13:00:00,89.94727325439453,-162.0,-20.0
5774,11,11,0,11,230,2016-12-31 14:00:00,89.94727325439453,-162.0,-19.75
5775,11,11,0,11,231,2016-12-31 15:00:00,89.94727325439453,-162.0,-19.6
5776,11,11,0,11,232,2016-12-31 16:00:00,89.94727325439453,-162.0,-19.5
5777,11,11,0,11,233,2016-12-31 17:00:00,89.94727325439453,-162.0,-19.5
5778,11,11,0,11,234,2016-12-31 18:00:00,89.94727325439453,-162.0,-19.55
5779,11,11,0,11,235,2016-12-31 19:00:00,89.94727325439453,-162.0,-19.6
5780,11,11,0,11,236,2016-12-31 20:00:00,89.94727325439453,-162.0,-19.65
5781,11,11,0,11,237,2016-12-31 21:00:00,89.94727325439453,-162.0,-19.55
5782,11,11,0,11,238,2016-12-31 22:00:00,89.94727325439453,-162.0,-19.4
5783,11,11,0,11,239,2016-12-31 23:00:00,89.94727325439453,-162.0,-19.25
5784,11,11,0,11,240,2017-01-01 00:00:00,89.94727325439453,-162.0,-18.9
5785,11,11,0,11,241,2017-01-01 01:00:00,89.94727325439453,-162.0,-18.45
5786,11,11,0,11,242,2017-01-01 02:00:00,89.94727325439453,-162.0,-18.2
5787,11,11,0,11,243,2017-01-01 03:00:00,89.94727325439453,-162.0,-17.9
5788,11,11,0,11,244,2017-01-01 04:00:00,89.94727325439453,-162.0,-17.75
5789,11,11,0,11,245,2017-01-01 05:00:00,89.94727325439453,-162.0,-17.75
5790,11,11,0,11,246,2017-01-01 06:00:00,89.94727325439453,-162.0,-17.9
5791,11,11,0,11,247,2017-01-01 07:00:00,89.94727325439453,-162.0,-18.55
5792,11,11,0,11,248,2017-01-01 08:00:00,89.94727325439453,-162.0,-18.6
5793,11,11,0,11,249,2017-01-01 09:00:00,89.94727325439453,-162.0,-18.8
5794,11,11,0,11,250,2017-01-01 10:00:00,89.94727325439453,-162.0,-18.95
5795,11,11,0,11,251,2017-01-01 11:00:00,89.94727325439453,-162.0,-19.15
5796,11,11,0,11,252,2017-01-01 12:00:00,89.94727325439453,-162.0,-19.3
5797,11,11,0,11,253,2017-01-01 13:00:00,89.94727325439453,-162.0,-20.65
5798,11,11,0,11,254,2017-01-01 14:00:00,89.94727325439453,-162.0,-20.9
5799,11,11,0,11,255,2017-01-01 15:00:00,89.94727325439453,-162.0,-21.3
5800,11,11,0,11,256,2017-01-01 16:00:00,89.94727325439453,-162.0,-21.6
5801,11,11,0,11,257,2017-01-01 17:00:00,89.94727325439453,-162.0,-21.9
5802,11,11,0,11,258,2017-01-01 18:00:00,89.94727325439453,-162.0,-22.15
5803,11,11,0,11,259,2017-01-01 19:00:00,89.94727325439453,-162.0,-22.15
5804,11,11,0,11,260,2017-01-01 20:00:00,89.94727325439453,-162.0,-21.8
5805,11,11,0,11,261,2017-01-01 21:00:00,89.94727325439453,-162.0,-21.05
5806,11,11,0,11,262,2017-01-01 22:00:00,89.94727325439453,-162.0,-20.55
5807,11,11,0,11,263,2017-01-01 23:00:00,89.94727325439453,-162.0,-19.85
5808,11,11,0,11,264,2017-01-02 00:00:00,89.94727325439453,-162.0,-19.85
5809,11,11,0,11,265,2017-01-02 01:00:00,89.94727325439453,-162.0,NULL
5810,11,11,0,11,266,2017-01-02 02:00:00,89.94727325439453,-162.0,NULL
5811,11,11,0,11,267,2017-01-02 03:00:00,89.94727325439453,-162.0,NULL
5812,11,11,0,11,268,2017-01-02 04:00:00,89.94727325439453,-162.0,NULL
5813,11,11,0,11,269,2017-01-02 05:00:00,89.94727325439453,-162.0,NULL
5814,11,11,0,11,270,2017-01-02 06:00:00,89.94727325439453,-162.0,NULL
5815,11,11,0,11,271,2017-01-02 07:00:00,89.94727325439453,-162.0,NULL
5816,11,11,0,11,272,2017-01-02 08:00:00,89.94727325439453,-162.0,NULL
5817,11,11,0,11,273,2017-01-02 09:00:00,89.94727325439453,-162.0,NULL
5818,11,11,0,11,274,2017-01-02 10:00:00,89.94727325439453,-162.0,NULL
5819,11,11,0,11,275,2017-01-02 11:00:00,89.94727325439453,-162.0,NULL
5820,11,11,0,11,276,2017-01-02 12:00:00,89.94727325439453,-162.0,NULL
5821,11,11,0,11,277,2017-01-02 13:00:00,89.94727325439453,-162.0,NULL
5822,11,11,0,11,278,2017-01-02 14:00:00,89.94727325439453,-162.0,NULL
5823,11,11,0,11,279,2017-01-02 15:00:00,89.94727325439453,-162.0,NULL
5824,11,11,0,11,280,2017-01-02 16:00:00,89.94727325439453,-162.0,NULL
5825,11,11,0,11,281,2017-01-02 17:00:00,89.94727325439453,-162.0,NULL
5826,11,11,0,11,282,2017-01-02 18:00:00,89.94727325439453,-162.0,NULL
5827,11,11,0,11,283,2017-01-02 19:00:00,89.94727325439453,-162.0,NULL
5828,11,11,0,11,284,2017-01-02 20:00:00,89.94727325439453,-162.0,NULL
5829,11,11,0,11,285,2017-01-02 21:00:00,89.94727325439453,-162.0,NULL
5830,11,11,0,11,286,2017-01-02 22:00:00,89.94727325439453,-162.0,NULL
5831,11,11,0,11,287,2017-01-02 23:00:00,89.94727325439453,-162.0,NULL
5832,11,11,0,11,288,2017-01-03 00:00:00,89.94727325439453,-162.0,NULL
5833,11,11,0,11,289,2017-01-03 01:00:00,89.94727325439453,-162.0,NULL
5834,11,11,0,11,290,2017-01-03 02:00:00,89.94727325439453,-162.0,NULL
5835,11,11,0,11,291,2017-01-03 03:00:00,89.94727325439453,-162.0,NULL
5836,11,11,0,11,292,2017-01-03 04:00:00,89.94727325439453,-162.0,NULL
5837,11,11,0,11,293,2017-01-03 05:00:00,89.94727325439453,-162.0,NULL
5838,11,11,0,11,294,2017-01-03 06:00:00,89.94727325439453,-162.0,NULL
5839,11,11,0,11,295,2017-01-03 07:00:00,89.94727325439453,-162.0,NULL
5840,11,11,0,11,296,2017-01-03 08:00:00,89.94727325439453,-162.0,NULL
5841,11,11,0,11,297,2017-01-03 09:00:00,89.94727325439453,-162.0,NULL
5842,11,11,0,11,298,2017-01-03 10:00:00,89.94727325439453,-162.0,NULL
5843,11,11,0,11,299,2017-01-03 11:00:00,89.94727325439453,-162.0,NULL
5844,11,11,0,11,300,2017-01-03 12:00:00,89.94727325439453,-162.0,NULL
5845,11,11,0,11,301,2017-01-03 13:00:00,89.94727325439453,-162.0,NULL
5846,11,11,0,11,302,2017-01-03 14:00:00,89.94727325439453,-162.0,NULL
5847,11,11,0,11,303,2017-01-03 15:00:00,89.94727325439453,-162.0,NULL
5848,11,11,0,11,304,2017-01-03 16:00:00,89.94727325439453,-162.0,NULL
5849,11,11,0,11,305,2017-01-03 17:00:00,89.94727325439453,-162.0,NULL
5850,11,11,0,11,306,2017-01-03 18:00:00,89.94727325439453,-162.0,NULL
5851,11,11,0,11,307,2017-01-03 19:00:00,89.94727325439453,-162.0,NULL
5852,11,11,0,11,308,2017-01-03 20:00:00,89.94727325439453,-162.0,NULL
5853,11,11,0,11,309,2017-01-03 21:00:00,89.94727325439453,-162.0,NULL
5854,11,11,0,11,310,2017-01-03 22:00:00,89.94727325439453,-162.0,NULL
5855,11,11,0,11,311,2017-01-03 23:00:00,89.94727325439453,-162.0,NULL
5856,11,11,0,11,312,2017-01-04 00:00:00,89.94727325439453,-162.0,NULL
5857,11,11,0,11,313,2017-01-04 01:00:00,89.94727325439453,-162.0,NULL
5858,11,11,0,11,314,2017-01-04 02:00:00,89.94727325439453,-162.0,NULL
5859,11,11,0,11,315,2017-01-04 03:00:00,89.94727325439453,-162.0,NULL
5860,11,11,0,11,316,2017-01-04 04:00:00,89.94727325439453,-162.0,NULL
5861,11,11,0,11,317,2017-01-04 05:00:00,89.94727325439453,-162.0,NULL
5862,11,11,0,11,318,2017-01-04 06:00:00,89.94727325439453,-162.0,NULL
5863,11,11,0,11,319,2017-01-04 07:00:00,89.94727325439453,-162.0,NULL
5864,11,11,0,11,320,2017-01-04 08:00:00,89.94727325439453,-162.0,NULL
5865,11,11,0,11,321,2017-01-04 09:00:00,89.94727325439453,-162.0,NULL
5866,11,11,0,11,322,2017-01-04 10:00:00,89.94727325439453,-162.0,NULL
5867,11,11,0,11,323,2017-01-04 11:00:00,89.94727325439453,-162.0,NULL
5868,11,11,0,11,324,2017-01-04 12:00:00,89.94727325439453,-162.0,NULL
5869,11,11,0,11,325,2017-01-04 13:00:00,89.94727325439453,-162.0,NULL
5870,11,11,0,11,326,2017-01-04 14:00:00,89.94727325439453,-162.0,NULL
5871,11,11,0,11,327,2017-01-04 15:00:00,89.94727325439453,-162.0,NULL
5872,11,11,0,11,328,2017-01-04 16:00:00,89.94727325439453,-162.0,NULL
5873,11,11,0,11,329,2017-01-04 17:00:00,89.94727325439453,-162.0,NULL
5874,11,11,0,11,330,2017-01-04 18:00:00,89.94727325439453,-162.0,NULL
5875,11,11,0,11,331,2017-01-04 19:00:00,89.94727325439453,-162.0,NULL
5876,11,11,0,11,332,2017-01-04 20:00:00,89.94727325439453,-162.0,NULL
5877,11,11,0,11,333,2017-01-04 21:00:00,89.94727325439453,-162.0,NULL
5878,11,11,0,11,334,2017-01-04 22:00:00,89.94727325439453,-162.0,NULL
5879,11,11,0,11,335,2017-01-04 23:00:00,89.94727325439453,-162.0,NULL
5880,11,11,0,11,336,2017-01-05 00:00:00,89.94727325439453,-162.0,NULL
5881,11,11,0,11,337,2017-01-05 01:00:00,89.94727325439453,-162.0,NULL
5882,11,11,0,11,338,2017-01-05 02:00:00,89.94727325439453,-162.0,NULL
5883,11,11,0,11,339,2017-01-05 03:00:00,89.94727325439453,-162.0,NULL
5884,11,11,0,11,340,2017-01-05 04:00:00,89.94727325439453,-162.0,NULL
5885,11,11,0,11,341,2017-01-05 05:00:00,89.94727325439453,-162.0,NULL
5886,11,11,0,11,342,2017-01-05 06:00:00,89.94727325439453,-162.0,NULL
5887,11,11,0,11,343,2017-01-05 07:00:00,89.94727325439453,-162.0,NULL
5888,11,11,0,11,344,2017-01-05 08:00:00,89.94727325439453,-162.0,NULL
5889,11,11,0,11,345,2017-01-05 09:00:00,89.94727325439453,-162.0,NULL
5890,11,11,0,11,346,2017-01-05 10:00:00,89.94727325439453,-162.0,NULL
5891,11,11,0,11,347,2017-01-05 11:00:00,89.94727325439453,-162.0,NULL
5892,11,11,0,11,348,2017-01-05 12:00:00,89.94727325439453,-162.0,NULL
5893,11,11,0,11,349,2017-01-05 13:00:00,89.94727325439453,-162.0,NULL
5894,11,11,0,11,350,2017-01-05 14:00:00,89.94727325439453,-162.0,NULL
5895,11,11,0,11,351,2017-01-05 15:00:00,89.94727325439453,-162.0,NULL
5896,11,11,0,11,352,2017-01-05 16:00:00,89.94727325439453,-162.0,NULL
5897,11,11,0,11,353,2017-01-05 17:00:00,89.94727325439453,-162.0,NULL
5898,11,11,0,11,354,2017-01-05 18:00:00,89.94727325439453,-162.0,NULL
5899,11,11,0,11,355,2017-01-05 19:00:00,89.94727325439453,-162.0,NULL
5900,11,11,0,11,356,2017-01-05 20:00:00,89.94727325439453,-162.0,NULL
5901,11,11,0,11,357,2017-01-05 21:00:00,89.94727325439453,-162.0,NULL
5902,11,11,0,11,358,2017-01-05 22:00:00,89.94727325439453,-162.0,NULL
5903,11,11,0,11,359,2017-01-05 23:00:00,89.94727325439453,-162.0,NULL
5904,11,11,0,11,360,2017-01-06 00:00:00,89.94727325439453,-162.0,NULL
5905,11,11,0,11,361,2017-01-06 01:00:00,89.94727325439453,-162.0,NULL
5906,11,11,0,11,362,2017-01-06 02:00:00,89.94727325439453,-162.0,NULL
5907,11,11,0,11,363,2017-01-06 03:00:00,89.94727325439453,-162.0,NULL
5908,11,11,0,11,364,2017-01-06 04:00:00,89.94727325439453,-162.0,NULL
5909,11,11,0,11,365,2017-01-06 05:00:00,89.94727325439453,-162.0,NULL
5910,11,11,0,11,366,2017-01-06 06:00:00,89.94727325439453,-162.0,NULL
5911,11,11,0,11,367,2017-01-06 07:00:00,89.94727325439453,-162.0,NULL
5912,11,11,0,11,368,2017-01-06 08:00:00,89.94727325439453,-162.0,NULL
5913,11,11,0,11,369,2017-01-06 09:00:00,89.94727325439453,-162.0,NULL
5914,11,11,0,11,370,2017-01-06 10:00:00,89.94727325439453,-162.0,NULL
5915,11,11,0,11,371,2017-01-06 11:00:00,89.94727325439453,-162.0,NULL
5916,11,11,0,11,372,2017-01-06 12:00:00,89.94727325439453,-162.0,NULL
5917,11,11,0,11,373,2017-01-06 13:00:00,89.94727325439453,-162.0,NULL
5918,11,11,0,11,374,2017-01-06 14:00:00,89.94727325439453,-162.0,NULL
5919,11,11,0,11,375,2017-01-06 15:00:00,89.94727325439453,-162.0,NULL
5920,11,11,0,11,376,2017-01-06 16:00:00,89.94727325439453,-162.0,NULL
5921,11,11,0,11,377,2017-01-06 17:00:00,89.94727325439453,-162.0,NULL
5922,11,11,0,11,378,2017-01-06 18:00:00,89.94727325439453,-162.0,NULL
5923,11,11,0,11,379,2017-01-06 19:00:00,89.94727325439453,-162.0,NULL
5924,11,11,0,11,380,2017-01-06 20:00:00,89.94727325439453,-162.0,NULL
5925,11,11,0,11,381,2017-01-06 21:00:00,89.94727325439453,-162.0,NULL
5926,11,11,0,11,382,2017-01-06 22:00:00,89.94727325439453,-162.0,NULL
5927,11,11,0,11,383,2017-01-06 23:00:00,89.94727325439453,-162.0,NULL
5928,11,11,0,11,384,2017-01-07 00:00:00,89.94727325439453,-162.0,NULL
5929,11,11,0,11,385,2017-01-07 01:00:00,89.94727325439453,-162.0,NULL
5930,11,11,0,11,386,2017-01-07 02:00:00,89.94727325439453,-162.0,NULL
5931,11,11,0,11,387,2017-01-07 03:00:00,89.94727325439453,-162.0,NULL
5932,11,11,0,11,388,2017-01-07 04:00:00,89.94727325439453,-162.0,NULL
5933,11,11,0,11,389,2017-01-07 05:00:00,89.94727325439453,-162.0,NULL
5934,11,11,0,11,390,2017-01-07 06:00:00,89.94727325439453,-162.0,NULL
5935,11,11,0,11,391,2017-01-07 07:00:00,89.94727325439453,-162.0,NULL
5936,11,11,0,11,392,2017-01-07 08:00:00,89.94727325439453,-162.0,NULL
5937,11,11,0,11,393,2017-01-07 09:00:00,89.94727325439453,-162.0,NULL
5938,11,11,0,11,394,2017-01-07 10:00:00,89.94727325439453,-162.0,NULL
5939,11,11,0,11,395,2017-01-07 11:00:00,89.94727325439453,-162.0,NULL
5940,11,11,0,11,396,2017-01-07 12:00:00,89.94727325439453,-162.0,NULL
5941,11,11,0,11,397,2017-01-07 13:00:00,89.94727325439453,-162.0,NULL
5942,11,11,0,11,398,2017-01-07 14:00:00,89.94727325439453,-162.0,NULL
5943,11,11,0,11,399,2017-01-07 15:00:00,89.94727325439453,-162.0,NULL
5944,11,11,0,11,400,2017-01-07 16:00:00,89.94727325439453,-162.0,NULL
5945,11,11,0,11,401,2017-01-07 17:00:00,89.94727325439453,-162.0,NULL
5946,11,11,0,11,402,2017-01-07 18:00:00,89.94727325439453,-162.0,NULL
5947,11,11,0,11,403,2017-01-07 19:00:00,89.94727325439453,-162.0,NULL
5948,11,11,0,11,404,2017-01-07 20:00:00,89.94727325439453,-162.0,NULL
5949,11,11,0,11,405,2017-01-07 21:00:00,89.94727325439453,-162.0,NULL
5950,11,11,0,11,406,2017-01-07 22:00:00,89.94727325439453,-162.0,NULL
5951,11,11,0,11,407,2017-01-07 23:00:00,89.94727325439453,-162.0,NULL
5952,11,11,0,11,408,2017-01-08 00:00:00,89.94727325439453,-162.0,NULL
5953,11,11,0,11,409,2017-01-08 01:00:00,89.94727325439453,-162.0,NULL
5954,11,11,0,11,410,2017-01-08 02:00:00,89.94727325439453,-162.0,NULL
5955,11,11,0,11,411,2017-01-08 03:00:00,89.94727325439453,-162.0,NULL
5956,11,11,0,11,412,2017-01-08 04:00:00,89.94727325439453,-162.0,NULL
5957,11,11,0,11,413,2017-01-08 05:00:00,89.94727325439453,-162.0,NULL
5958,11,11,0,11,414,2017-01-08 06:00:00,89.94727325439453,-162.0,NULL
5959,11,11,0,11,415,2017-01-08 07:00:00,89.94727325439453,-162.0,NULL
5960,11,11,0,11,416,2017-01-08 08:00:00,89.94727325439453,-162.0,NULL
5961,11,11,0,11,417,2017-01-08 09:00:00,89.94727325439453,-162.0,NULL
5962,11,11,0,11,418,2017-01-08 10:00:00,89.94727325439453,-162.0,NULL
5963,11,11,0,11,419,2017-01-08 11:00:00,89.94727325439453,-162.0,NULL
5964,11,11,0,11,420,2017-01-08 12:00:00,89.94727325439453,-162.0,NULL
5965,11,11,0,11,421,2017-01-08 13:00:00,89.94727325439453,-162.0,NULL
5966,11,11,0,11,422,2017-01-08 14:00:00,89.94727325439453,-162.0,NULL
5967,11,11,0,11,423,2017-01-08 15:00:00,89.94727325439453,-162.0,NULL
5968,11,11,0,11,424,2017-01-08 16:00:00,89.94727325439453,-162.0,NULL
5969,11,11,0,11,425,2017-01-08 17:00:00,89.94727325439453,-162.0,NULL
5970,11,11,0,11,426,2017-01-08 18:00:00,89.94727325439453,-162.0,NULL
5971,11,11,0,11,427,2017-01-08 19:00:00,89.94727325439453,-162.0,NULL
5972,11,11,0,11,428,2017-01-08 20:00:00,89.94727325439453,-162.0,NULL
5973,11,11,0,11,429,2017-01-08 21:00:00,89.94727325439453,-162.0,NULL
5974,11,11,0,11,430,2017-01-08 22:00:00,89.94727325439453,-162.0,NULL
5975,11,11,0,11,431,2017-01-08 23:00:00,89.94727325439453,-162.0,NULL
5976,11,11,0,11,432,2017-01-09 00:00:00,89.94727325439453,-162.0,NULL
5977,11,11,0,11,433,2017-01-09 01:00:00,89.94727325439453,-162.0,NULL
5978,11,11,0,11,434,2017-01-09 02:00:00,89.94727325439453,-162.0,NULL
5979,11,11,0,11,435,2017-01-09 03:00:00,89.94727325439453,-162.0,NULL
5980,11,11,0,11,436,2017-01-09 04:00:00,89.94727325439453,-162.0,NULL
5981,11,11,0,11,437,2017-01-09 05:00:00,89.94727325439453,-162.0,NULL
5982,11,11,0,11,438,2017-01-09 06:00:00,89.94727325439453,-162.0,NULL
5983,11,11,0,11,439,2017-01-09 07:00:00,89.94727325439453,-162.0,NULL
5984,11,11,0,11,440,2017-01-09 08:00:00,89.94727325439453,-162.0,NULL
5985,11,11,0,11,441,2017-01-09 09:00:00,89.94727325439453,-162.0,NULL
5986,11,11,0,11,442,2017-01-09 10:00:00,89.94727325439453,-162.0,NULL
5987,11,11,0,11,443,2017-01-09 11:00:00,89.94727325439453,-162.0,NULL
5988,11,11,0,11,444,2017-01-09 12:00:00,89.94727325439453,-162.0,NULL
5989,11,11,0,11,445,2017-01-09 13:00:00,89.94727325439453,-162.0,NULL
5990,11,11,0,11,446,2017-01-09 14:00:00,89.94727325439453,-162.0,NULL
5991,11,11,0,11,447,2017-01-09 15:00:00,89.94727325439453,-162.0,NULL
5992,11,11,0,11,448,2017-01-09 16:00:00,89.94727325439453,-162.0,NULL
5993,11,11,0,11,449,2017-01-09 17:00:00,89.94727325439453,-162.0,NULL
5994,11,11,0,11,450,2017-01-09 18:00:00,89.94727325439453,-162.0,NULL
5995,11,11,0,11,451,2017-01-09 19:00:00,89.94727325439453,-162.0,NULL
5996,11,11,0,11,452,2017-01-09 20:00:00,89.94727325439453,-162.0,NULL
5997,11,11,0,11,453,2017-01-09 21:00:00,89.94727325439453,-162.0,NULL
5998,11,11,0,11,454,2017-01-09 22:00:00,89.94727325439453,-162.0,NULL
5999,11,11,0,11,455,2017-01-09 23:00:00,89.94727325439453,-162.0,NULL
6000,11,11,0,11,456,2017-01-10 00:00:00,89.94727325439453,-162.0,NULL
6001,11,11,0,11,457,2017-01-10 01:00:00,89.94727325439453,-162.0,NULL
6002,11,11,0,11,458,2017-01-10 02:00:00,89.94727325439453,-162.0,NULL
6003,11,11,0,11,459,2017-01-10 03:00:00,89.94727325439453,-162.0,NULL
6004,11,11,0,11,460,2017-01-10 04:00:00,89.94727325439453,-162.0,NULL
6005,11,11,0,11,461,2017-01-10 05:00:00,89.94727325439453,-162.0,NULL
6006,11,11,0,11,462,2017-01-10 06:00:00,89.94727325439453,-162.0,NULL
6007,11,11,0,11,463,2017-01-10 07:00:00,89.94727325439453,-162.0,NULL
6008,11,11,0,11,464,2017-01-10 08:00:00,89.94727325439453,-162.0,NULL
6009,11,11,0,11,465,2017-01-10 09:00:00,89.94727325439453,-162.0,NULL
6010,11,11,0,11,466,2017-01-10 10:00:00,89.94727325439453,-162.0,NULL
6011,11,11,0,11,467,2017-01-10 11:00:00,89.94727325439453,-162.0,NULL
6012,11,11,0,11,468,2017-01-10 12:00:00,89.94727325439453,-162.0,NULL
6013,11,11,0,11,469,2017-01-10 13:00:00,89.94727325439453,-162.0,NULL
6014,11,11,0,11,470,2017-01-10 14:00:00,89.94727325439453,-162.0,NULL
6015,11,11,0,11,471,2017-01-10 15:00:00,89.94727325439453,-162.0,NULL
6016,11,11,0,11,472,2017-01-10 16:00:00,89.94727325439453,-162.0,NULL
6017,11,11,0,11,473,2017-01-10 17:00:00,89.94727325439453,-162.0,NULL
6018,11,11,0,11,474,2017-01-10 18:00:00,89.94727325439453,-162.0,NULL
6019,11,11,0,11,475,2017-01-10 19:00:00,89.94727325439453,-162.0,NULL
6020,11,11,0,11,476,2017-01-10 20:00:00,89.94727325439453,-162.0,NULL
6021,11,11,0,11,477,2017-01-10 21:00:00,89.94727325439453,-162.0,NULL
6022,11,11,0,11,478,2017-01-10 22:00:00,89.94727325439453,-162.0,NULL
6023,11,11,0,11,479,2017-01-10 23:00:00,89.94727325439453,-162.0,NULL
6024,11,11,0,11,480,2017-01-11 00:00:00,89.94727325439453,-162.0,NULL
6025,11,11,0,11,481,2017-01-11 01:00:00,89.94727325439453,-162.0,NULL
6026,11,11,0,11,482,2017-01-11 02:00:00,89.94727325439453,-162.0,NULL
6027,11,11,0,11,483,2017-01-11 03:00:00,89.94727325439453,-162.0,NULL
6028,11,11,0,11,484,2017-01-11 04:00:00,89.94727325439453,-162.0,NULL
6029,11,11,0,11,485,2017-01-11 05:00:00,89.94727325439453,-162.0,NULL
6030,11,11,0,11,486,2017-01-11 06:00:00,89.94727325439453,-162.0,NULL
6031,11,11,0,11,487,2017-01-11 07:00:00,89.94727325439453,-162.0,NULL
6032,11,11,0,11,488,2017-01-11 08:00:00,89.94727325439453,-162.0,NULL
6033,11,11,0,11,489,2017-01-11 09:00:00,89.94727325439453,-162.0,NULL
6034,11,11,0,11,490,2017-01-11 10:00:00,89.94727325439453,-162.0,NULL
6035,11,11,0,11,491,2017-01-11 11:00:00,89.94727325439453,-162.0,NULL
6036,11,11,0,11,492,2017-01-11 12:00:00,89.94727325439453,-162.0,NULL
6037,11,11,0,11,493,2017-01-11 13:00:00,89.94727325439453,-162.0,NULL
6038,11,11,0,11,494,2017-01-11 14:00:00,89.94727325439453,-162.0,NULL
6039,11,11,0,11,495,2017-01-11 15:00:00,89.94727325439453,-162.0,NULL
6040,11,11,0,11,496,2017-01-11 16:00:00,89.94727325439453,-162.0,NULL
6041,11,11,0,11,497,2017-01-11 17:00:00,89.94727325439453,-162.0,NULL
6042,11,11,0,11,498,2017-01-11 18:00:00,89.94727325439453,-162.0,NULL
6043,11,11,0,11,499,2017-01-11 19:00:00,89.94727325439453,-162.0,NULL
6044,11,11,0,11,500,2017-01-11 20:00:00,89.94727325439453,-162.0,NULL
6045,11,11,0,11,501,2017-01-11 21:00:00,89.94727325439453,-162.0,NULL
6046,11,11,0,11,502,2017-01-11 22:00:00,89.94727325439453,-162.0,NULL
6047,11,11,0,11,503,2017-01-11 23:00:00,89.94727325439453,-162.0,NULL
6048,12,12,0,12,0,2016-12-22 00:00:00,89.94727325439453,-144.0,NULL
6049,12,12,0,12,1,2016-12-22 01:00:00,89.94727325439453,-144.0,NULL
6050,12,12,0,12,2,2016-12-22 02:00:00,89.94727325439453,-144.0,NULL
6051,12,12,0,12,3,2016-12-22 03:00:00,89.94727325439453,-144.0,NULL
6052,12,12,0,12,4,2016-12-22 04:00:00,89.94727325439453,-144.0,NULL
6053,12,12,0,12,5,2016-12-22 05:00:00,89.94727325439453,-144.0,NULL
6054,12,12,0,12,6,2016-12-22 06:00:00,89.94727325439453,-144.0,NULL
6055,12,12,0,12,7,2016-12-22 07:00:00,89.94727325439453,-144.0,NULL
6056,12,12,0,12,8,2016-12-22 08:00:00,89.94727325439453,-144.0,NULL
6057,12,12,0,12,9,2016-12-22 09:00:00,89.94727325439453,-144.0,NULL
6058,12,12,0,12,10,2016-12-22 10:00:00,89.94727325439453,-144.0,NULL
6059,12,12,0,12,11,2016-12-22 11:00:00,89.94727325439453,-144.0,NULL
6060,12,12,0,12,12,2016-12-22 12:00:00,89.94727325439453,-144.0,NULL
6061,12,12,0,12,13,2016-12-22 13:00:00,89.94727325439453,-144.0,NULL
6062,12,12,0,12,14,2016-12-22 14:00:00,89.94727325439453,-144.0,NULL
6063,12,12,0,12,15,2016-12-22 15:00:00,89.94727325439453,-144.0,NULL
6064,12,12,0,12,16,2016-12-22 16:00:00,89.94727325439453,-144.0,NULL
6065,12,12,0,12,17,2016-12-22 17:00:00,89.94727325439453,-144.0,NULL
6066,12,12,0,12,18,2016-12-22 18:00:00,89.94727325439453,-144.0,NULL
6067,12,12,0,12,19,2016-12-22 19:00:00,89.94727325439453,-144.0,NULL
6068,12,12,0,12,20,2016-12-22 20:00:00,89.94727325439453,-144.0,NULL
6069,12,12,0,12,21,2016-12-22 21:00:00,89.94727325439453,-144.0,NULL
6070,12,12,0,12,22,2016-12-22 22:00:00,89.94727325439453,-144.0,NULL
6071,12,12,0,12,23,2016-12-22 23:00:00,89.94727325439453,-144.0,NULL
6072,12,12,0,12,24,2016-12-23 00:00:00,89.94727325439453,-144.0,NULL
6073,12,12,0,12,25,2016-12-23 01:00:00,89.94727325439453,-144.0,NULL
6074,12,12,0,12,26,2016-12-23 02:00:00,89.94727325439453,-144.0,NULL
6075,12,12,0,12,27,2016-12-23 03:00:00,89.94727325439453,-144.0,NULL
6076,12,12,0,12,28,2016-12-23 04:00:00,89.94727325439453,-144.0,NULL
6077,12,12,0,12,29,2016-12-23 05:00:00,89.94727325439453,-144.0,NULL
6078,12,12,0,12,30,2016-12-23 06:00:00,89.94727325439453,-144.0,NULL
6079,12,12,0,12,31,2016-12-23 07:00:00,89.94727325439453,-144.0,NULL
6080,12,12,0,12,32,2016-12-23 08:00:00,89.94727325439453,-144.0,NULL
6081,12,12,0,12,33,2016-12-23 09:00:00,89.94727325439453,-144.0,NULL
6082,12,12,0,12,34,2016-12-23 10:00:00,89.94727325439453,-144.0,NULL
6083,12,12,0,12,35,2016-12-23 11:00:00,89.94727325439453,-144.0,NULL
6084,12,12,0,12,36,2016-12-23 12:00:00,89.94727325439453,-144.0,NULL
6085,12,12,0,12,37,2016-12-23 13:00:00,89.94727325439453,-144.0,NULL
6086,12,12,0,12,38,2016-12-23 14:00:00,89.94727325439453,-144.0,NULL
6087,12,12,0,12,39,2016-12-23 15:00:00,89.94727325439453,-144.0,NULL
6088,12,12,0,12,40,2016-12-23 16:00:00,89.94727325439453,-144.0,NULL
6089,12,12,0,12,41,2016-12-23 17:00:00,89.94727325439453,-144.0,NULL
6090,12,12,0,12,42,2016-12-23 18:00:00,89.94727325439453,-144.0,NULL
6091,12,12,0,12,43,2016-12-23 19:00:00,89.94727325439453,-144.0,NULL
6092,12,12,0,12,44,2016-12-23 20:00:00,89.94727325439453,-144.0,NULL
6093,12,12,0,12,45,2016-12-23 21:00:00,89.94727325439453,-144.0,NULL
6094,12,12,0,12,46,2016-12-23 22:00:00,89.94727325439453,-144.0,NULL
6095,12,12,0,12,47,2016-12-23 23:00:00,89.94727325439453,-144.0,NULL
6096,12,12,0,12,48,2016-12-24 00:00:00,89.94727325439453,-144.0,NULL
6097,12,12,0,12,49,2016-12-24 01:00:00,89.94727325439453,-144.0,NULL
6098,12,12,0,12,50,2016-12-24 02:00:00,89.94727325439453,-144.0,NULL
6099,12,12,0,12,51,2016-12-24 03:00:00,89.94727325439453,-144.0,NULL
6100,12,12,0,12,52,2016-12-24 04:00:00,89.94727325439453,-144.0,NULL
6101,12,12,0,12,53,2016-12-24 05:00:00,89.94727325439453,-144.0,NULL
6102,12,12,0,12,54,2016-12-24 06:00:00,89.94727325439453,-144.0,NULL
6103,12,12,0,12,55,2016-12-24 07:00:00,89.94727325439453,-144.0,NULL
6104,12,12,0,12,56,2016-12-24 08:00:00,89.94727325439453,-144.0,NULL
6105,12,12,0,12,57,2016-12-24 09:00:00,89.94727325439453,-144.0,NULL
6106,12,12,0,12,58,2016-12-24 10:00:00,89.94727325439453,-144.0,NULL
6107,12,12,0,12,59,2016-12-24 11:00:00,89.94727325439453,-144.0,NULL
6108,12,12,0,12,60,2016-12-24 12:00:00,89.94727325439453,-144.0,NULL
6109,12,12,0,12,61,2016-12-24 13:00:00,89.94727325439453,-144.0,NULL
6110,12,12,0,12,62,2016-12-24 14:00:00,89.94727325439453,-144.0,NULL
6111,12,12,0,12,63,2016-12-24 15:00:00,89.94727325439453,-144.0,NULL
6112,12,12,0,12,64,2016-12-24 16:00:00,89.94727325439453,-144.0,NULL
6113,12,12,0,12,65,2016-12-24 17:00:00,89.94727325439453,-144.0,NULL
6114,12,12,0,12,66,2016-12-24 18:00:00,89.94727325439453,-144.0,NULL
6115,12,12,0,12,67,2016-12-24 19:00:00,89.94727325439453,-144.0,NULL
6116,12,12,0,12,68,2016-12-24 20:00:00,89.94727325439453,-144.0,NULL
6117,12,12,0,12,69,2016-12-24 21:00:00,89.94727325439453,-144.0,NULL
6118,12,12,0,12,70,2016-12-24 22:00:00,89.94727325439453,-144.0,NULL
6119,12,12,0,12,71,2016-12-24 23:00:00,89.94727325439453,-144.0,NULL
6120,12,12,0,12,72,2016-12-25 00:00:00,89.94727325439453,-144.0,NULL
6121,12,12,0,12,73,2016-12-25 01:00:00,89.94727325439453,-144.0,NULL
6122,12,12,0,12,74,2016-12-25 02:00:00,89.94727325439453,-144.0,NULL
6123,12,12,0,12,75,2016-12-25 03:00:00,89.94727325439453,-144.0,NULL
6124,12,12,0,12,76,2016-12-25 04:00:00,89.94727325439453,-144.0,NULL
6125,12,12,0,12,77,2016-12-25 05:00:00,89.94727325439453,-144.0,NULL
6126,12,12,0,12,78,2016-12-25 06:00:00,89.94727325439453,-144.0,NULL
6127,12,12,0,12,79,2016-12-25 07:00:00,89.94727325439453,-144.0,NULL
6128,12,12,0,12,80,2016-12-25 08:00:00,89.94727325439453,-144.0,NULL
6129,12,12,0,12,81,2016-12-25 09:00:00,89.94727325439453,-144.0,NULL
6130,12,12,0,12,82,2016-12-25 10:00:00,89.94727325439453,-144.0,NULL
6131,12,12,0,12,83,2016-12-25 11:00:00,89.94727325439453,-144.0,NULL
6132,12,12,0,12,84,2016-12-25 12:00:00,89.94727325439453,-144.0,NULL
6133,12,12,0,12,85,2016-12-25 13:00:00,89.94727325439453,-144.0,NULL
6134,12,12,0,12,86,2016-12-25 14:00:00,89.94727325439453,-144.0,NULL
6135,12,12,0,12,87,2016-12-25 15:00:00,89.94727325439453,-144.0,NULL
6136,12,12,0,12,88,2016-12-25 16:00:00,89.94727325439453,-144.0,NULL
6137,12,12,0,12,89,2016-12-25 17:00:00,89.94727325439453,-144.0,NULL
6138,12,12,0,12,90,2016-12-25 18:00:00,89.94727325439453,-144.0,NULL
6139,12,12,0,12,91,2016-12-25 19:00:00,89.94727325439453,-144.0,NULL
6140,12,12,0,12,92,2016-12-25 20:00:00,89.94727325439453,-144.0,NULL
6141,12,12,0,12,93,2016-12-25 21:00:00,89.94727325439453,-144.0,NULL
6142,12,12,0,12,94,2016-12-25 22:00:00,89.94727325439453,-144.0,NULL
6143,12,12,0,12,95,2016-12-25 23:00:00,89.94727325439453,-144.0,NULL
6144,12,12,0,12,96,2016-12-26 00:00:00,89.94727325439453,-144.0,NULL
6145,12,12,0,12,97,2016-12-26 01:00:00,89.94727325439453,-144.0,NULL
6146,12,12,0,12,98,2016-12-26 02:00:00,89.94727325439453,-144.0,NULL
6147,12,12,0,12,99,2016-12-26 03:00:00,89.94727325439453,-144.0,NULL
6148,12,12,0,12,100,2016-12-26 04:00:00,89.94727325439453,-144.0,NULL
6149,12,12,0,12,101,2016-12-26 05:00:00,89.94727325439453,-144.0,NULL
6150,12,12,0,12,102,2016-12-26 06:00:00,89.94727325439453,-144.0,NULL
6151,12,12,0,12,103,2016-12-26 07:00:00,89.94727325439453,-144.0,NULL
6152,12,12,0,12,104,2016-12-26 08:00:00,89.94727325439453,-144.0,NULL
6153,12,12,0,12,105,2016-12-26 09:00:00,89.94727325439453,-144.0,NULL
6154,12,12,0,12,106,2016-12-26 10:00:00,89.94727325439453,-144.0,NULL
6155,12,12,0,12,107,2016-12-26 11:00:00,89.94727325439453,-144.0,NULL
6156,12,12,0,12,108,2016-12-26 12:00:00,89.94727325439453,-144.0,NULL
6157,12,12,0,12,109,2016-12-26 13:00:00,89.94727325439453,-144.0,NULL
6158,12,12,0,12,110,2016-12-26 14:00:00,89.94727325439453,-144.0,NULL
6159,12,12,0,12,111,2016-12-26 15:00:00,89.94727325439453,-144.0,NULL
6160,12,12,0,12,112,2016-12-26 16:00:00,89.94727325439453,-144.0,NULL
6161,12,12,0,12,113,2016-12-26 17:00:00,89.94727325439453,-144.0,NULL
6162,12,12,0,12,114,2016-12-26 18:00:00,89.94727325439453,-144.0,NULL
6163,12,12,0,12,115,2016-12-26 19:00:00,89.94727325439453,-144.0,NULL
6164,12,12,0,12,116,2016-12-26 20:00:00,89.94727325439453,-144.0,NULL
6165,12,12,0,12,117,2016-12-26 21:00:00,89.94727325439453,-144.0,NULL
6166,12,12,0,12,118,2016-12-26 22:00:00,89.94727325439453,-144.0,NULL
6167,12,12,0,12,119,2016-12-26 23:00:00,89.94727325439453,-144.0,NULL
6168,12,12,0,12,120,2016-12-27 00:00:00,89.94727325439453,-144.0,NULL
6169,12,12,0,12,121,2016-12-27 01:00:00,89.94727325439453,-144.0,NULL
6170,12,12,0,12,122,2016-12-27 02:00:00,89.94727325439453,-144.0,NULL
6171,12,12,0,12,123,2016-12-27 03:00:00,89.94727325439453,-144.0,NULL
6172,12,12,0,12,124,2016-12-27 04:00:00,89.94727325439453,-144.0,NULL
6173,12,12,0,12,125,2016-12-27 05:00:00,89.94727325439453,-144.0,NULL
6174,12,12,0,12,126,2016-12-27 06:00:00,89.94727325439453,-144.0,NULL
6175,12,12,0,12,127,2016-12-27 07:00:00,89.94727325439453,-144.0,NULL
6176,12,12,0,12,128,2016-12-27 08:00:00,89.94727325439453,-144.0,NULL
6177,12,12,0,12,129,2016-12-27 09:00:00,89.94727325439453,-144.0,NULL
6178,12,12,0,12,130,2016-12-27 10:00:00,89.94727325439453,-144.0,NULL
6179,12,12,0,12,131,2016-12-27 11:00:00,89.94727325439453,-144.0,NULL
6180,12,12,0,12,132,2016-12-27 12:00:00,89.94727325439453,-144.0,NULL
6181,12,12,0,12,133,2016-12-27 13:00:00,89.94727325439453,-144.0,NULL
6182,12,12,0,12,134,2016-12-27 14:00:00,89.94727325439453,-144.0,NULL
6183,12,12,0,12,135,2016-12-27 15:00:00,89.94727325439453,-144.0,NULL
6184,12,12,0,12,136,2016-12-27 16:00:00,89.94727325439453,-144.0,NULL
6185,12,12,0,12,137,2016-12-27 17:00:00,89.94727325439453,-144.0,NULL
6186,12,12,0,12,138,2016-12-27 18:00:00,89.94727325439453,-144.0,NULL
6187,12,12,0,12,139,2016-12-27 19:00:00,89.94727325439453,-144.0,NULL
6188,12,12,0,12,140,2016-12-27 20:00:00,89.94727325439453,-144.0,NULL
6189,12,12,0,12,141,2016-12-27 21:00:00,89.94727325439453,-144.0,NULL
6190,12,12,0,12,142,2016-12-27 22:00:00,89.94727325439453,-144.0,NULL
6191,12,12,0,12,143,2016-12-27 23:00:00,89.94727325439453,-144.0,NULL
6192,12,12,0,12,144,2016-12-28 00:00:00,89.94727325439453,-144.0,NULL
6193,12,12,0,12,145,2016-12-28 01:00:00,89.94727325439453,-144.0,NULL
6194,12,12,0,12,146,2016-12-28 02:00:00,89.94727325439453,-144.0,NULL
6195,12,12,0,12,147,2016-12-28 03:00:00,89.94727325439453,-144.0,NULL
6196,12,12,0,12,148,2016-12-28 04:00:00,89.94727325439453,-144.0,NULL
6197,12,12,0,12,149,2016-12-28 05:00:00,89.94727325439453,-144.0,NULL
6198,12,12,0,12,150,2016-12-28 06:00:00,89.94727325439453,-144.0,NULL
6199,12,12,0,12,151,2016-12-28 07:00:00,89.94727325439453,-144.0,NULL
6200,12,12,0,12,152,2016-12-28 08:00:00,89.94727325439453,-144.0,NULL
6201,12,12,0,12,153,2016-12-28 09:00:00,89.94727325439453,-144.0,NULL
6202,12,12,0,12,154,2016-12-28 10:00:00,89.94727325439453,-144.0,NULL
6203,12,12,0,12,155,2016-12-28 11:00:00,89.94727325439453,-144.0,NULL
6204,12,12,0,12,156,2016-12-28 12:00:00,89.94727325439453,-144.0,NULL
6205,12,12,0,12,157,2016-12-28 13:00:00,89.94727325439453,-144.0,NULL
6206,12,12,0,12,158,2016-12-28 14:00:00,89.94727325439453,-144.0,NULL
6207,12,12,0,12,159,2016-12-28 15:00:00,89.94727325439453,-144.0,NULL
6208,12,12,0,12,160,2016-12-28 16:00:00,89.94727325439453,-144.0,NULL
6209,12,12,0,12,161,2016-12-28 17:00:00,89.94727325439453,-144.0,NULL
6210,12,12,0,12,162,2016-12-28 18:00:00,89.94727325439453,-144.0,NULL
6211,12,12,0,12,163,2016-12-28 19:00:00,89.94727325439453,-144.0,NULL
6212,12,12,0,12,164,2016-12-28 20:00:00,89.94727325439453,-144.0,NULL
6213,12,12,0,12,165,2016-12-28 21:00:00,89.94727325439453,-144.0,NULL
6214,12,12,0,12,166,2016-12-28 22:00:00,89.94727325439453,-144.0,NULL
6215,12,12,0,12,167,2016-12-28 23:00:00,89.94727325439453,-144.0,NULL
6216,12,12,0,12,168,2016-12-29 00:00:00,89.94727325439453,-144.0,NULL
6217,12,12,0,12,169,2016-12-29 01:00:00,89.94727325439453,-144.0,NULL
6218,12,12,0,12,170,2016-12-29 02:00:00,89.94727325439453,-144.0,NULL
6219,12,12,0,12,171,2016-12-29 03:00:00,89.94727325439453,-144.0,NULL
6220,12,12,0,12,172,2016-12-29 04:00:00,89.94727325439453,-144.0,NULL
6221,12,12,0,12,173,2016-12-29 05:00:00,89.94727325439453,-144.0,NULL
6222,12,12,0,12,174,2016-12-29 06:00:00,89.94727325439453,-144.0,NULL
6223,12,12,0,12,175,2016-12-29 07:00:00,89.94727325439453,-144.0,NULL
6224,12,12,0,12,176,2016-12-29 08:00:00,89.94727325439453,-144.0,NULL
6225,12,12,0,12,177,2016-12-29 09:00:00,89.94727325439453,-144.0,NULL
6226,12,12,0,12,178,2016-12-29 10:00:00,89.94727325439453,-144.0,NULL
6227,12,12,0,12,179,2016-12-29 11:00:00,89.94727325439453,-144.0,NULL
6228,12,12,0,12,180,2016-12-29 12:00:00,89.94727325439453,-144.0,NULL
6229,12,12,0,12,181,2016-12-29 13:00:00,89.94727325439453,-144.0,NULL
6230,12,12,0,12,182,2016-12-29 14:00:00,89.94727325439453,-144.0,NULL
6231,12,12,0,12,183,2016-12-29 15:00:00,89.94727325439453,-144.0,NULL
6232,12,12,0,12,184,2016-12-29 16:00:00,89.94727325439453,-144.0,NULL
6233,12,12,0,12,185,2016-12-29 17:00:00,89.94727325439453,-144.0,NULL
6234,12,12,0,12,186,2016-12-29 18:00:00,89.94727325439453,-144.0,NULL
6235,12,12,0,12,187,2016-12-29 19:00:00,89.94727325439453,-144.0,NULL
6236,12,12,0,12,188,2016-12-29 20:00:00,89.94727325439453,-144.0,NULL
6237,12,12,0,12,189,2016-12-29 21:00:00,89.94727325439453,-144.0,NULL
6238,12,12,0,12,190,2016-12-29 22:00:00,89.94727325439453,-144.0,NULL
6239,12,12,0,12,191,2016-12-29 23:00:00,89.94727325439453,-144.0,NULL
6240,12,12,0,12,192,2016-12-30 00:00:00,89.94727325439453,-144.0,NULL
6241,12,12,0,12,193,2016-12-30 01:00:00,89.94727325439453,-144.0,NULL
6242,12,12,0,12,194,2016-12-30 02:00:00,89.94727325439453,-144.0,NULL
6243,12,12,0,12,195,2016-12-30 03:00:00,89.94727325439453,-144.0,NULL
6244,12,12,0,12,196,2016-12-30 04:00:00,89.94727325439453,-144.0,NULL
6245,12,12,0,12,197,2016-12-30 05:00:00,89.94727325439453,-144.0,NULL
6246,12,12,0,12,198,2016-12-30 06:00:00,89.94727325439453,-144.0,NULL
6247,12,12,0,12,199,2016-12-30 07:00:00,89.94727325439453,-144.0,NULL
6248,12,12,0,12,200,2016-12-30 08:00:00,89.94727325439453,-144.0,NULL
6249,12,12,0,12,201,2016-12-30 09:00:00,89.94727325439453,-144.0,NULL
6250,12,12,0,12,202,2016-12-30 10:00:00,89.94727325439453,-144.0,NULL
6251,12,12,0,12,203,2016-12-30 11:00:00,89.94727325439453,-144.0,NULL
6252,12,12,0,12,204,2016-12-30 12:00:00,89.94727325439453,-144.0,NULL
6253,12,12,0,12,205,2016-12-30 13:00:00,89.94727325439453,-144.0,NULL
6254,12,12,0,12,206,2016-12-30 14:00:00,89.94727325439453,-144.0,NULL
6255,12,12,0,12,207,2016-12-30 15:00:00,89.94727325439453,-144.0,NULL
6256,12,12,0,12,208,2016-12-30 16:00:00,89.94727325439453,-144.0,NULL
6257,12,12,0,12,209,2016-12-30 17:00:00,89.94727325439453,-144.0,NULL
6258,12,12,0,12,210,2016-12-30 18:00:00,89.94727325439453,-144.0,NULL
6259,12,12,0,12,211,2016-12-30 19:00:00,89.94727325439453,-144.0,NULL
6260,12,12,0,12,212,2016-12-30 20:00:00,89.94727325439453,-144.0,NULL
6261,12,12,0,12,213,2016-12-30 21:00:00,89.94727325439453,-144.0,NULL
6262,12,12,0,12,214,2016-12-30 22:00:00,89.94727325439453,-144.0,NULL
6263,12,12,0,12,215,2016-12-30 23:00:00,89.94727325439453,-144.0,NULL
6264,12,12,0,12,216,2016-12-31 00:00:00,89.94727325439453,-144.0,NULL
6265,12,12,0,12,217,2016-12-31 01:00:00,89.94727325439453,-144.0,-21.1
6266,12,12,0,12,218,2016-12-31 02:00:00,89.94727325439453,-144.0,-21.0
6267,12,12,0,12,219,2016-12-31 03:00:00,89.94727325439453,-144.0,-20.8
6268,12,12,0,12,220,2016-12-31 04:00:00,89.94727325439453,-144.0,-20.6
6269,12,12,0,12,221,2016-12-31 05:00:00,89.94727325439453,-144.0,-20.35
6270,12,12,0,12,222,2016-12-31 06:00:00,89.94727325439453,-144.0,-20.1
6271,12,12,0,12,223,2016-12-31 07:00:00,89.94727325439453,-144.0,-19.8
6272,12,12,0,12,224,2016-12-31 08:00:00,89.94727325439453,-144.0,-19.5
6273,12,12,0,12,225,2016-12-31 09:00:00,89.94727325439453,-144.0,-19.2
6274,12,12,0,12,226,2016-12-31 10:00:00,89.94727325439453,-144.0,-18.8
6275,12,12,0,12,227,2016-12-31 11:00:00,89.94727325439453,-144.0,-18.75
6276,12,12,0,12,228,2016-12-31 12:00:00,89.94727325439453,-144.0,-18.7
6277,12,12,0,12,229,2016-12-31 13:00:00,89.94727325439453,-144.0,-19.9
6278,12,12,0,12,230,2016-12-31 14:00:00,89.94727325439453,-144.0,-19.65
6279,12,12,0,12,231,2016-12-31 15:00:00,89.94727325439453,-144.0,-19.55
6280,12,12,0,12,232,2016-12-31 16:00:00,89.94727325439453,-144.0,-19.5
6281,12,12,0,12,233,2016-12-31 17:00:00,89.94727325439453,-144.0,-19.45
6282,12,12,0,12,234,2016-12-31 18:00:00,89.94727325439453,-144.0,-19.5
6283,12,12,0,12,235,2016-12-31 19:00:00,89.94727325439453,-144.0,-19.55
6284,12,12,0,12,236,2016-12-31 20:00:00,89.94727325439453,-144.0,-19.6
6285,12,12,0,12,237,2016-12-31 21:00:00,89.94727325439453,-144.0,-19.5
6286,12,12,0,12,238,2016-12-31 22:00:00,89.94727325439453,-144.0,-19.35
6287,12,12,0,12,239,2016-12-31 23:00:00,89.94727325439453,-144.0,-19.15
6288,12,12,0,12,240,2017-01-01 00:00:00,89.94727325439453,-144.0,-18.8
6289,12,12,0,12,241,2017-01-01 01:00:00,89.94727325439453,-144.0,-18.3
6290,12,12,0,12,242,2017-01-01 02:00:00,89.94727325439453,-144.0,-18.15
6291,12,12,0,12,243,2017-01-01 03:00:00,89.94727325439453,-144.0,-17.8
6292,12,12,0,12,244,2017-01-01 04:00:00,89.94727325439453,-144.0,-17.6
6293,12,12,0,12,245,2017-01-01 05:00:00,89.94727325439453,-144.0,-17.65
6294,12,12,0,12,246,2017-01-01 06:00:00,89.94727325439453,-144.0,-17.85
6295,12,12,0,12,247,2017-01-01 07:00:00,89.94727325439453,-144.0,-18.45
6296,12,12,0,12,248,2017-01-01 08:00:00,89.94727325439453,-144.0,-18.5
6297,12,12,0,12,249,2017-01-01 09:00:00,89.94727325439453,-144.0,-18.75
6298,12,12,0,12,250,2017-01-01 10:00:00,89.94727325439453,-144.0,-19.0
6299,12,12,0,12,251,2017-01-01 11:00:00,89.94727325439453,-144.0,-19.15
6300,12,12,0,12,252,2017-01-01 12:00:00,89.94727325439453,-144.0,-19.25
6301,12,12,0,12,253,2017-01-01 13:00:00,89.94727325439453,-144.0,-20.55
6302,12,12,0,12,254,2017-01-01 14:00:00,89.94727325439453,-144.0,-20.85
6303,12,12,0,12,255,2017-01-01 15:00:00,89.94727325439453,-144.0,-21.25
6304,12,12,0,12,256,2017-01-01 16:00:00,89.94727325439453,-144.0,-21.6
6305,12,12,0,12,257,2017-01-01 17:00:00,89.94727325439453,-144.0,-21.85
6306,12,12,0,12,258,2017-01-01 18:00:00,89.94727325439453,-144.0,-22.0
6307,12,12,0,12,259,2017-01-01 19:00:00,89.94727325439453,-144.0,-22.05
6308,12,12,0,12,260,2017-01-01 20:00:00,89.94727325439453,-144.0,-21.6
6309,12,12,0,12,261,2017-01-01 21:00:00,89.94727325439453,-144.0,-20.85
6310,12,12,0,12,262,2017-01-01 22:00:00,89.94727325439453,-144.0,-20.25
6311,12,12,0,12,263,2017-01-01 23:00:00,89.94727325439453,-144.0,-19.75
6312,12,12,0,12,264,2017-01-02 00:00:00,89.94727325439453,-144.0,-19.7
6313,12,12,0,12,265,2017-01-02 01:00:00,89.94727325439453,-144.0,NULL
6314,12,12,0,12,266,2017-01-02 02:00:00,89.94727325439453,-144.0,NULL
6315,12,12,0,12,267,2017-01-02 03:00:00,89.94727325439453,-144.0,NULL
6316,12,12,0,12,268,2017-01-02 04:00:00,89.94727325439453,-144.0,NULL
6317,12,12,0,12,269,2017-01-02 05:00:00,89.94727325439453,-144.0,NULL
6318,12,12,0,12,270,2017-01-02 06:00:00,89.94727325439453,-144.0,NULL
6319,12,12,0,12,271,2017-01-02 07:00:00,89.94727325439453,-144.0,NULL
6320,12,12,0,12,272,2017-01-02 08:00:00,89.94727325439453,-144.0,NULL
6321,12,12,0,12,273,2017-01-02 09:00:00,89.94727325439453,-144.0,NULL
6322,12,12,0,12,274,2017-01-02 10:00:00,89.94727325439453,-144.0,NULL
6323,12,12,0,12,275,2017-01-02 11:00:00,89.94727325439453,-144.0,NULL
6324,12,12,0,12,276,2017-01-02 12:00:00,89.94727325439453,-144.0,NULL
6325,12,12,0,12,277,2017-01-02 13:00:00,89.94727325439453,-144.0,NULL
6326,12,12,0,12,278,2017-01-02 14:00:00,89.94727325439453,-144.0,NULL
6327,12,12,0,12,279,2017-01-02 15:00:00,89.94727325439453,-144.0,NULL
6328,12,12,0,12,280,2017-01-02 16:00:00,89.94727325439453,-144.0,NULL
6329,12,12,0,12,281,2017-01-02 17:00:00,89.94727325439453,-144.0,NULL
6330,12,12,0,12,282,2017-01-02 18:00:00,89.94727325439453,-144.0,NULL
6331,12,12,0,12,283,2017-01-02 19:00:00,89.94727325439453,-144.0,NULL
6332,12,12,0,12,284,2017-01-02 20:00:00,89.94727325439453,-144.0,NULL
6333,12,12,0,12,285,2017-01-02 21:00:00,89.94727325439453,-144.0,NULL
6334,12,12,0,12,286,2017-01-02 22:00:00,89.94727325439453,-144.0,NULL
6335,12,12,0,12,287,2017-01-02 23:00:00,89.94727325439453,-144.0,NULL
6336,12,12,0,12,288,2017-01-03 00:00:00,89.94727325439453,-144.0,NULL
6337,12,12,0,12,289,2017-01-03 01:00:00,89.94727325439453,-144.0,NULL
6338,12,12,0,12,290,2017-01-03 02:00:00,89.94727325439453,-144.0,NULL
6339,12,12,0,12,291,2017-01-03 03:00:00,89.94727325439453,-144.0,NULL
6340,12,12,0,12,292,2017-01-03 04:00:00,89.94727325439453,-144.0,NULL
6341,12,12,0,12,293,2017-01-03 05:00:00,89.94727325439453,-144.0,NULL
6342,12,12,0,12,294,2017-01-03 06:00:00,89.94727325439453,-144.0,NULL
6343,12,12,0,12,295,2017-01-03 07:00:00,89.94727325439453,-144.0,NULL
6344,12,12,0,12,296,2017-01-03 08:00:00,89.94727325439453,-144.0,NULL
6345,12,12,0,12,297,2017-01-03 09:00:00,89.94727325439453,-144.0,NULL
6346,12,12,0,12,298,2017-01-03 10:00:00,89.94727325439453,-144.0,NULL
6347,12,12,0,12,299,2017-01-03 11:00:00,89.94727325439453,-144.0,NULL
6348,12,12,0,12,300,2017-01-03 12:00:00,89.94727325439453,-144.0,NULL
6349,12,12,0,12,301,2017-01-03 13:00:00,89.94727325439453,-144.0,NULL
6350,12,12,0,12,302,2017-01-03 14:00:00,89.94727325439453,-144.0,NULL
6351,12,12,0,12,303,2017-01-03 15:00:00,89.94727325439453,-144.0,NULL
6352,12,12,0,12,304,2017-01-03 16:00:00,89.94727325439453,-144.0,NULL
6353,12,12,0,12,305,2017-01-03 17:00:00,89.94727325439453,-144.0,NULL
6354,12,12,0,12,306,2017-01-03 18:00:00,89.94727325439453,-144.0,NULL
6355,12,12,0,12,307,2017-01-03 19:00:00,89.94727325439453,-144.0,NULL
6356,12,12,0,12,308,2017-01-03 20:00:00,89.94727325439453,-144.0,NULL
6357,12,12,0,12,309,2017-01-03 21:00:00,89.94727325439453,-144.0,NULL
6358,12,12,0,12,310,2017-01-03 22:00:00,89.94727325439453,-144.0,NULL
6359,12,12,0,12,311,2017-01-03 23:00:00,89.94727325439453,-144.0,NULL
6360,12,12,0,12,312,2017-01-04 00:00:00,89.94727325439453,-144.0,NULL
6361,12,12,0,12,313,2017-01-04 01:00:00,89.94727325439453,-144.0,NULL
6362,12,12,0,12,314,2017-01-04 02:00:00,89.94727325439453,-144.0,NULL
6363,12,12,0,12,315,2017-01-04 03:00:00,89.94727325439453,-144.0,NULL
6364,12,12,0,12,316,2017-01-04 04:00:00,89.94727325439453,-144.0,NULL
6365,12,12,0,12,317,2017-01-04 05:00:00,89.94727325439453,-144.0,NULL
6366,12,12,0,12,318,2017-01-04 06:00:00,89.94727325439453,-144.0,NULL
6367,12,12,0,12,319,2017-01-04 07:00:00,89.94727325439453,-144.0,NULL
6368,12,12,0,12,320,2017-01-04 08:00:00,89.94727325439453,-144.0,NULL
6369,12,12,0,12,321,2017-01-04 09:00:00,89.94727325439453,-144.0,NULL
6370,12,12,0,12,322,2017-01-04 10:00:00,89.94727325439453,-144.0,NULL
6371,12,12,0,12,323,2017-01-04 11:00:00,89.94727325439453,-144.0,NULL
6372,12,12,0,12,324,2017-01-04 12:00:00,89.94727325439453,-144.0,NULL
6373,12,12,0,12,325,2017-01-04 13:00:00,89.94727325439453,-144.0,NULL
6374,12,12,0,12,326,2017-01-04 14:00:00,89.94727325439453,-144.0,NULL
6375,12,12,0,12,327,2017-01-04 15:00:00,89.94727325439453,-144.0,NULL
6376,12,12,0,12,328,2017-01-04 16:00:00,89.94727325439453,-144.0,NULL
6377,12,12,0,12,329,2017-01-04 17:00:00,89.94727325439453,-144.0,NULL
6378,12,12,0,12,330,2017-01-04 18:00:00,89.94727325439453,-144.0,NULL
6379,12,12,0,12,331,2017-01-04 19:00:00,89.94727325439453,-144.0,NULL
6380,12,12,0,12,332,2017-01-04 20:00:00,89.94727325439453,-144.0,NULL
6381,12,12,0,12,333,2017-01-04 21:00:00,89.94727325439453,-144.0,NULL
6382,12,12,0,12,334,2017-01-04 22:00:00,89.94727325439453,-144.0,NULL
6383,12,12,0,12,335,2017-01-04 23:00:00,89.94727325439453,-144.0,NULL
6384,12,12,0,12,336,2017-01-05 00:00:00,89.94727325439453,-144.0,NULL
6385,12,12,0,12,337,2017-01-05 01:00:00,89.94727325439453,-144.0,NULL
6386,12,12,0,12,338,2017-01-05 02:00:00,89.94727325439453,-144.0,NULL
6387,12,12,0,12,339,2017-01-05 03:00:00,89.94727325439453,-144.0,NULL
6388,12,12,0,12,340,2017-01-05 04:00:00,89.94727325439453,-144.0,NULL
6389,12,12,0,12,341,2017-01-05 05:00:00,89.94727325439453,-144.0,NULL
6390,12,12,0,12,342,2017-01-05 06:00:00,89.94727325439453,-144.0,NULL
6391,12,12,0,12,343,2017-01-05 07:00:00,89.94727325439453,-144.0,NULL
6392,12,12,0,12,344,2017-01-05 08:00:00,89.94727325439453,-144.0,NULL
6393,12,12,0,12,345,2017-01-05 09:00:00,89.94727325439453,-144.0,NULL
6394,12,12,0,12,346,2017-01-05 10:00:00,89.94727325439453,-144.0,NULL
6395,12,12,0,12,347,2017-01-05 11:00:00,89.94727325439453,-144.0,NULL
6396,12,12,0,12,348,2017-01-05 12:00:00,89.94727325439453,-144.0,NULL
6397,12,12,0,12,349,2017-01-05 13:00:00,89.94727325439453,-144.0,NULL
6398,12,12,0,12,350,2017-01-05 14:00:00,89.94727325439453,-144.0,NULL
6399,12,12,0,12,351,2017-01-05 15:00:00,89.94727325439453,-144.0,NULL
6400,12,12,0,12,352,2017-01-05 16:00:00,89.94727325439453,-144.0,NULL
6401,12,12,0,12,353,2017-01-05 17:00:00,89.94727325439453,-144.0,NULL
6402,12,12,0,12,354,2017-01-05 18:00:00,89.94727325439453,-144.0,NULL
6403,12,12,0,12,355,2017-01-05 19:00:00,89.94727325439453,-144.0,NULL
6404,12,12,0,12,356,2017-01-05 20:00:00,89.94727325439453,-144.0,NULL
6405,12,12,0,12,357,2017-01-05 21:00:00,89.94727325439453,-144.0,NULL
6406,12,12,0,12,358,2017-01-05 22:00:00,89.94727325439453,-144.0,NULL
6407,12,12,0,12,359,2017-01-05 23:00:00,89.94727325439453,-144.0,NULL
6408,12,12,0,12,360,2017-01-06 00:00:00,89.94727325439453,-144.0,NULL
6409,12,12,0,12,361,2017-01-06 01:00:00,89.94727325439453,-144.0,NULL
6410,12,12,0,12,362,2017-01-06 02:00:00,89.94727325439453,-144.0,NULL
6411,12,12,0,12,363,2017-01-06 03:00:00,89.94727325439453,-144.0,NULL
6412,12,12,0,12,364,2017-01-06 04:00:00,89.94727325439453,-144.0,NULL
6413,12,12,0,12,365,2017-01-06 05:00:00,89.94727325439453,-144.0,NULL
6414,12,12,0,12,366,2017-01-06 06:00:00,89.94727325439453,-144.0,NULL
6415,12,12,0,12,367,2017-01-06 07:00:00,89.94727325439453,-144.0,NULL
6416,12,12,0,12,368,2017-01-06 08:00:00,89.94727325439453,-144.0,NULL
6417,12,12,0,12,369,2017-01-06 09:00:00,89.94727325439453,-144.0,NULL
6418,12,12,0,12,370,2017-01-06 10:00:00,89.94727325439453,-144.0,NULL
6419,12,12,0,12,371,2017-01-06 11:00:00,89.94727325439453,-144.0,NULL
6420,12,12,0,12,372,2017-01-06 12:00:00,89.94727325439453,-144.0,NULL
6421,12,12,0,12,373,2017-01-06 13:00:00,89.94727325439453,-144.0,NULL
6422,12,12,0,12,374,2017-01-06 14:00:00,89.94727325439453,-144.0,NULL
6423,12,12,0,12,375,2017-01-06 15:00:00,89.94727325439453,-144.0,NULL
6424,12,12,0,12,376,2017-01-06 16:00:00,89.94727325439453,-144.0,NULL
6425,12,12,0,12,377,2017-01-06 17:00:00,89.94727325439453,-144.0,NULL
6426,12,12,0,12,378,2017-01-06 18:00:00,89.94727325439453,-144.0,NULL
6427,12,12,0,12,379,2017-01-06 19:00:00,89.94727325439453,-144.0,NULL
6428,12,12,0,12,380,2017-01-06 20:00:00,89.94727325439453,-144.0,NULL
6429,12,12,0,12,381,2017-01-06 21:00:00,89.94727325439453,-144.0,NULL
6430,12,12,0,12,382,2017-01-06 22:00:00,89.94727325439453,-144.0,NULL
6431,12,12,0,12,383,2017-01-06 23:00:00,89.94727325439453,-144.0,NULL
6432,12,12,0,12,384,2017-01-07 00:00:00,89.94727325439453,-144.0,NULL
6433,12,12,0,12,385,2017-01-07 01:00:00,89.94727325439453,-144.0,NULL
6434,12,12,0,12,386,2017-01-07 02:00:00,89.94727325439453,-144.0,NULL
6435,12,12,0,12,387,2017-01-07 03:00:00,89.94727325439453,-144.0,NULL
6436,12,12,0,12,388,2017-01-07 04:00:00,89.94727325439453,-144.0,NULL
6437,12,12,0,12,389,2017-01-07 05:00:00,89.94727325439453,-144.0,NULL
6438,12,12,0,12,390,2017-01-07 06:00:00,89.94727325439453,-144.0,NULL
6439,12,12,0,12,391,2017-01-07 07:00:00,89.94727325439453,-144.0,NULL
6440,12,12,0,12,392,2017-01-07 08:00:00,89.94727325439453,-144.0,NULL
6441,12,12,0,12,393,2017-01-07 09:00:00,89.94727325439453,-144.0,NULL
6442,12,12,0,12,394,2017-01-07 10:00:00,89.94727325439453,-144.0,NULL
6443,12,12,0,12,395,2017-01-07 11:00:00,89.94727325439453,-144.0,NULL
6444,12,12,0,12,396,2017-01-07 12:00:00,89.94727325439453,-144.0,NULL
6445,12,12,0,12,397,2017-01-07 13:00:00,89.94727325439453,-144.0,NULL
6446,12,12,0,12,398,2017-01-07 14:00:00,89.94727325439453,-144.0,NULL
6447,12,12,0,12,399,2017-01-07 15:00:00,89.94727325439453,-144.0,NULL
6448,12,12,0,12,400,2017-01-07 16:00:00,89.94727325439453,-144.0,NULL
6449,12,12,0,12,401,2017-01-07 17:00:00,89.94727325439453,-144.0,NULL
6450,12,12,0,12,402,2017-01-07 18:00:00,89.94727325439453,-144.0,NULL
6451,12,12,0,12,403,2017-01-07 19:00:00,89.94727325439453,-144.0,NULL
6452,12,12,0,12,404,2017-01-07 20:00:00,89.94727325439453,-144.0,NULL
6453,12,12,0,12,405,2017-01-07 21:00:00,89.94727325439453,-144.0,NULL
6454,12,12,0,12,406,2017-01-07 22:00:00,89.94727325439453,-144.0,NULL
6455,12,12,0,12,407,2017-01-07 23:00:00,89.94727325439453,-144.0,NULL
6456,12,12,0,12,408,2017-01-08 00:00:00,89.94727325439453,-144.0,NULL
6457,12,12,0,12,409,2017-01-08 01:00:00,89.94727325439453,-144.0,NULL
6458,12,12,0,12,410,2017-01-08 02:00:00,89.94727325439453,-144.0,NULL
6459,12,12,0,12,411,2017-01-08 03:00:00,89.94727325439453,-144.0,NULL
6460,12,12,0,12,412,2017-01-08 04:00:00,89.94727325439453,-144.0,NULL
6461,12,12,0,12,413,2017-01-08 05:00:00,89.94727325439453,-144.0,NULL
6462,12,12,0,12,414,2017-01-08 06:00:00,89.94727325439453,-144.0,NULL
6463,12,12,0,12,415,2017-01-08 07:00:00,89.94727325439453,-144.0,NULL
6464,12,12,0,12,416,2017-01-08 08:00:00,89.94727325439453,-144.0,NULL
6465,12,12,0,12,417,2017-01-08 09:00:00,89.94727325439453,-144.0,NULL
6466,12,12,0,12,418,2017-01-08 10:00:00,89.94727325439453,-144.0,NULL
6467,12,12,0,12,419,2017-01-08 11:00:00,89.94727325439453,-144.0,NULL
6468,12,12,0,12,420,2017-01-08 12:00:00,89.94727325439453,-144.0,NULL
6469,12,12,0,12,421,2017-01-08 13:00:00,89.94727325439453,-144.0,NULL
6470,12,12,0,12,422,2017-01-08 14:00:00,89.94727325439453,-144.0,NULL
6471,12,12,0,12,423,2017-01-08 15:00:00,89.94727325439453,-144.0,NULL
6472,12,12,0,12,424,2017-01-08 16:00:00,89.94727325439453,-144.0,NULL
6473,12,12,0,12,425,2017-01-08 17:00:00,89.94727325439453,-144.0,NULL
6474,12,12,0,12,426,2017-01-08 18:00:00,89.94727325439453,-144.0,NULL
6475,12,12,0,12,427,2017-01-08 19:00:00,89.94727325439453,-144.0,NULL
6476,12,12,0,12,428,2017-01-08 20:00:00,89.94727325439453,-144.0,NULL
6477,12,12,0,12,429,2017-01-08 21:00:00,89.94727325439453,-144.0,NULL
6478,12,12,0,12,430,2017-01-08 22:00:00,89.94727325439453,-144.0,NULL
6479,12,12,0,12,431,2017-01-08 23:00:00,89.94727325439453,-144.0,NULL
6480,12,12,0,12,432,2017-01-09 00:00:00,89.94727325439453,-144.0,NULL
6481,12,12,0,12,433,2017-01-09 01:00:00,89.94727325439453,-144.0,NULL
6482,12,12,0,12,434,2017-01-09 02:00:00,89.94727325439453,-144.0,NULL
6483,12,12,0,12,435,2017-01-09 03:00:00,89.94727325439453,-144.0,NULL
6484,12,12,0,12,436,2017-01-09 04:00:00,89.94727325439453,-144.0,NULL
6485,12,12,0,12,437,2017-01-09 05:00:00,89.94727325439453,-144.0,NULL
6486,12,12,0,12,438,2017-01-09 06:00:00,89.94727325439453,-144.0,NULL
6487,12,12,0,12,439,2017-01-09 07:00:00,89.94727325439453,-144.0,NULL
6488,12,12,0,12,440,2017-01-09 08:00:00,89.94727325439453,-144.0,NULL
6489,12,12,0,12,441,2017-01-09 09:00:00,89.94727325439453,-144.0,NULL
6490,12,12,0,12,442,2017-01-09 10:00:00,89.94727325439453,-144.0,NULL
6491,12,12,0,12,443,2017-01-09 11:00:00,89.94727325439453,-144.0,NULL
6492,12,12,0,12,444,2017-01-09 12:00:00,89.94727325439453,-144.0,NULL
6493,12,12,0,12,445,2017-01-09 13:00:00,89.94727325439453,-144.0,NULL
6494,12,12,0,12,446,2017-01-09 14:00:00,89.94727325439453,-144.0,NULL
6495,12,12,0,12,447,2017-01-09 15:00:00,89.94727325439453,-144.0,NULL
6496,12,12,0,12,448,2017-01-09 16:00:00,89.94727325439453,-144.0,NULL
6497,12,12,0,12,449,2017-01-09 17:00:00,89.94727325439453,-144.0,NULL
6498,12,12,0,12,450,2017-01-09 18:00:00,89.94727325439453,-144.0,NULL
6499,12,12,0,12,451,2017-01-09 19:00:00,89.94727325439453,-144.0,NULL
6500,12,12,0,12,452,2017-01-09 20:00:00,89.94727325439453,-144.0,NULL
6501,12,12,0,12,453,2017-01-09 21:00:00,89.94727325439453,-144.0,NULL
6502,12,12,0,12,454,2017-01-09 22:00:00,89.94727325439453,-144.0,NULL
6503,12,12,0,12,455,2017-01-09 23:00:00,89.94727325439453,-144.0,NULL
6504,12,12,0,12,456,2017-01-10 00:00:00,89.94727325439453,-144.0,NULL
6505,12,12,0,12,457,2017-01-10 01:00:00,89.94727325439453,-144.0,NULL
6506,12,12,0,12,458,2017-01-10 02:00:00,89.94727325439453,-144.0,NULL
6507,12,12,0,12,459,2017-01-10 03:00:00,89.94727325439453,-144.0,NULL
6508,12,12,0,12,460,2017-01-10 04:00:00,89.94727325439453,-144.0,NULL
6509,12,12,0,12,461,2017-01-10 05:00:00,89.94727325439453,-144.0,NULL
6510,12,12,0,12,462,2017-01-10 06:00:00,89.94727325439453,-144.0,NULL
6511,12,12,0,12,463,2017-01-10 07:00:00,89.94727325439453,-144.0,NULL
6512,12,12,0,12,464,2017-01-10 08:00:00,89.94727325439453,-144.0,NULL
6513,12,12,0,12,465,2017-01-10 09:00:00,89.94727325439453,-144.0,NULL
6514,12,12,0,12,466,2017-01-10 10:00:00,89.94727325439453,-144.0,NULL
6515,12,12,0,12,467,2017-01-10 11:00:00,89.94727325439453,-144.0,NULL
6516,12,12,0,12,468,2017-01-10 12:00:00,89.94727325439453,-144.0,NULL
6517,12,12,0,12,469,2017-01-10 13:00:00,89.94727325439453,-144.0,NULL
6518,12,12,0,12,470,2017-01-10 14:00:00,89.94727325439453,-144.0,NULL
6519,12,12,0,12,471,2017-01-10 15:00:00,89.94727325439453,-144.0,NULL
6520,12,12,0,12,472,2017-01-10 16:00:00,89.94727325439453,-144.0,NULL
6521,12,12,0,12,473,2017-01-10 17:00:00,89.94727325439453,-144.0,NULL
6522,12,12,0,12,474,2017-01-10 18:00:00,89.94727325439453,-144.0,NULL
6523,12,12,0,12,475,2017-01-10 19:00:00,89.94727325439453,-144.0,NULL
6524,12,12,0,12,476,2017-01-10 20:00:00,89.94727325439453,-144.0,NULL
6525,12,12,0,12,477,2017-01-10 21:00:00,89.94727325439453,-144.0,NULL
6526,12,12,0,12,478,2017-01-10 22:00:00,89.94727325439453,-144.0,NULL
6527,12,12,0,12,479,2017-01-10 23:00:00,89.94727325439453,-144.0,NULL
6528,12,12,0,12,480,2017-01-11 00:00:00,89.94727325439453,-144.0,NULL
6529,12,12,0,12,481,2017-01-11 01:00:00,89.94727325439453,-144.0,NULL
6530,12,12,0,12,482,2017-01-11 02:00:00,89.94727325439453,-144.0,NULL
6531,12,12,0,12,483,2017-01-11 03:00:00,89.94727325439453,-144.0,NULL
6532,12,12,0,12,484,2017-01-11 04:00:00,89.94727325439453,-144.0,NULL
6533,12,12,0,12,485,2017-01-11 05:00:00,89.94727325439453,-144.0,NULL
6534,12,12,0,12,486,2017-01-11 06:00:00,89.94727325439453,-144.0,NULL
6535,12,12,0,12,487,2017-01-11 07:00:00,89.94727325439453,-144.0,NULL
6536,12,12,0,12,488,2017-01-11 08:00:00,89.94727325439453,-144.0,NULL
6537,12,12,0,12,489,2017-01-11 09:00:00,89.94727325439453,-144.0,NULL
6538,12,12,0,12,490,2017-01-11 10:00:00,89.94727325439453,-144.0,NULL
6539,12,12,0,12,491,2017-01-11 11:00:00,89.94727325439453,-144.0,NULL
6540,12,12,0,12,492,2017-01-11 12:00:00,89.94727325439453,-144.0,NULL
6541,12,12,0,12,493,2017-01-11 13:00:00,89.94727325439453,-144.0,NULL
6542,12,12,0,12,494,2017-01-11 14:00:00,89.94727325439453,-144.0,NULL
6543,12,12,0,12,495,2017-01-11 15:00:00,89.94727325439453,-144.0,NULL
6544,12,12,0,12,496,2017-01-11 16:00:00,89.94727325439453,-144.0,NULL
6545,12,12,0,12,497,2017-01-11 17:00:00,89.94727325439453,-144.0,NULL
6546,12,12,0,12,498,2017-01-11 18:00:00,89.94727325439453,-144.0,NULL
6547,12,12,0,12,499,2017-01-11 19:00:00,89.94727325439453,-144.0,NULL
6548,12,12,0,12,500,2017-01-11 20:00:00,89.94727325439453,-144.0,NULL
6549,12,12,0,12,501,2017-01-11 21:00:00,89.94727325439453,-144.0,NULL
6550,12,12,0,12,502,2017-01-11 22:00:00,89.94727325439453,-144.0,NULL
6551,12,12,0,12,503,2017-01-11 23:00:00,89.94727325439453,-144.0,NULL
6552,13,13,0,13,0,2016-12-22 00:00:00,89.94727325439453,-126.0,NULL
6553,13,13,0,13,1,2016-12-22 01:00:00,89.94727325439453,-126.0,NULL
6554,13,13,0,13,2,2016-12-22 02:00:00,89.94727325439453,-126.0,NULL
6555,13,13,0,13,3,2016-12-22 03:00:00,89.94727325439453,-126.0,NULL
6556,13,13,0,13,4,2016-12-22 04:00:00,89.94727325439453,-126.0,NULL
6557,13,13,0,13,5,2016-12-22 05:00:00,89.94727325439453,-126.0,NULL
6558,13,13,0,13,6,2016-12-22 06:00:00,89.94727325439453,-126.0,NULL
6559,13,13,0,13,7,2016-12-22 07:00:00,89.94727325439453,-126.0,NULL
6560,13,13,0,13,8,2016-12-22 08:00:00,89.94727325439453,-126.0,NULL
6561,13,13,0,13,9,2016-12-22 09:00:00,89.94727325439453,-126.0,NULL
6562,13,13,0,13,10,2016-12-22 10:00:00,89.94727325439453,-126.0,NULL
6563,13,13,0,13,11,2016-12-22 11:00:00,89.94727325439453,-126.0,NULL
6564,13,13,0,13,12,2016-12-22 12:00:00,89.94727325439453,-126.0,NULL
6565,13,13,0,13,13,2016-12-22 13:00:00,89.94727325439453,-126.0,NULL
6566,13,13,0,13,14,2016-12-22 14:00:00,89.94727325439453,-126.0,NULL
6567,13,13,0,13,15,2016-12-22 15:00:00,89.94727325439453,-126.0,NULL
6568,13,13,0,13,16,2016-12-22 16:00:00,89.94727325439453,-126.0,NULL
6569,13,13,0,13,17,2016-12-22 17:00:00,89.94727325439453,-126.0,NULL
6570,13,13,0,13,18,2016-12-22 18:00:00,89.94727325439453,-126.0,NULL
6571,13,13,0,13,19,2016-12-22 19:00:00,89.94727325439453,-126.0,NULL
6572,13,13,0,13,20,2016-12-22 20:00:00,89.94727325439453,-126.0,NULL
6573,13,13,0,13,21,2016-12-22 21:00:00,89.94727325439453,-126.0,NULL
6574,13,13,0,13,22,2016-12-22 22:00:00,89.94727325439453,-126.0,NULL
6575,13,13,0,13,23,2016-12-22 23:00:00,89.94727325439453,-126.0,NULL
6576,13,13,0,13,24,2016-12-23 00:00:00,89.94727325439453,-126.0,NULL
6577,13,13,0,13,25,2016-12-23 01:00:00,89.94727325439453,-126.0,NULL
6578,13,13,0,13,26,2016-12-23 02:00:00,89.94727325439453,-126.0,NULL
6579,13,13,0,13,27,2016-12-23 03:00:00,89.94727325439453,-126.0,NULL
6580,13,13,0,13,28,2016-12-23 04:00:00,89.94727325439453,-126.0,NULL
6581,13,13,0,13,29,2016-12-23 05:00:00,89.94727325439453,-126.0,NULL
6582,13,13,0,13,30,2016-12-23 06:00:00,89.94727325439453,-126.0,NULL
6583,13,13,0,13,31,2016-12-23 07:00:00,89.94727325439453,-126.0,NULL
6584,13,13,0,13,32,2016-12-23 08:00:00,89.94727325439453,-126.0,NULL
6585,13,13,0,13,33,2016-12-23 09:00:00,89.94727325439453,-126.0,NULL
6586,13,13,0,13,34,2016-12-23 10:00:00,89.94727325439453,-126.0,NULL
6587,13,13,0,13,35,2016-12-23 11:00:00,89.94727325439453,-126.0,NULL
6588,13,13,0,13,36,2016-12-23 12:00:00,89.94727325439453,-126.0,NULL
6589,13,13,0,13,37,2016-12-23 13:00:00,89.94727325439453,-126.0,NULL
6590,13,13,0,13,38,2016-12-23 14:00:00,89.94727325439453,-126.0,NULL
6591,13,13,0,13,39,2016-12-23 15:00:00,89.94727325439453,-126.0,NULL
6592,13,13,0,13,40,2016-12-23 16:00:00,89.94727325439453,-126.0,NULL
6593,13,13,0,13,41,2016-12-23 17:00:00,89.94727325439453,-126.0,NULL
6594,13,13,0,13,42,2016-12-23 18:00:00,89.94727325439453,-126.0,NULL
6595,13,13,0,13,43,2016-12-23 19:00:00,89.94727325439453,-126.0,NULL
6596,13,13,0,13,44,2016-12-23 20:00:00,89.94727325439453,-126.0,NULL
6597,13,13,0,13,45,2016-12-23 21:00:00,89.94727325439453,-126.0,NULL
6598,13,13,0,13,46,2016-12-23 22:00:00,89.94727325439453,-126.0,NULL
6599,13,13,0,13,47,2016-12-23 23:00:00,89.94727325439453,-126.0,NULL
6600,13,13,0,13,48,2016-12-24 00:00:00,89.94727325439453,-126.0,NULL
6601,13,13,0,13,49,2016-12-24 01:00:00,89.94727325439453,-126.0,NULL
6602,13,13,0,13,50,2016-12-24 02:00:00,89.94727325439453,-126.0,NULL
6603,13,13,0,13,51,2016-12-24 03:00:00,89.94727325439453,-126.0,NULL
6604,13,13,0,13,52,2016-12-24 04:00:00,89.94727325439453,-126.0,NULL
6605,13,13,0,13,53,2016-12-24 05:00:00,89.94727325439453,-126.0,NULL
6606,13,13,0,13,54,2016-12-24 06:00:00,89.94727325439453,-126.0,NULL
6607,13,13,0,13,55,2016-12-24 07:00:00,89.94727325439453,-126.0,NULL
6608,13,13,0,13,56,2016-12-24 08:00:00,89.94727325439453,-126.0,NULL
6609,13,13,0,13,57,2016-12-24 09:00:00,89.94727325439453,-126.0,NULL
6610,13,13,0,13,58,2016-12-24 10:00:00,89.94727325439453,-126.0,NULL
6611,13,13,0,13,59,2016-12-24 11:00:00,89.94727325439453,-126.0,NULL
6612,13,13,0,13,60,2016-12-24 12:00:00,89.94727325439453,-126.0,NULL
6613,13,13,0,13,61,2016-12-24 13:00:00,89.94727325439453,-126.0,NULL
6614,13,13,0,13,62,2016-12-24 14:00:00,89.94727325439453,-126.0,NULL
6615,13,13,0,13,63,2016-12-24 15:00:00,89.94727325439453,-126.0,NULL
6616,13,13,0,13,64,2016-12-24 16:00:00,89.94727325439453,-126.0,NULL
6617,13,13,0,13,65,2016-12-24 17:00:00,89.94727325439453,-126.0,NULL
6618,13,13,0,13,66,2016-12-24 18:00:00,89.94727325439453,-126.0,NULL
6619,13,13,0,13,67,2016-12-24 19:00:00,89.94727325439453,-126.0,NULL
6620,13,13,0,13,68,2016-12-24 20:00:00,89.94727325439453,-126.0,NULL
6621,13,13,0,13,69,2016-12-24 21:00:00,89.94727325439453,-126.0,NULL
6622,13,13,0,13,70,2016-12-24 22:00:00,89.94727325439453,-126.0,NULL
6623,13,13,0,13,71,2016-12-24 23:00:00,89.94727325439453,-126.0,NULL
6624,13,13,0,13,72,2016-12-25 00:00:00,89.94727325439453,-126.0,NULL
6625,13,13,0,13,73,2016-12-25 01:00:00,89.94727325439453,-126.0,NULL
6626,13,13,0,13,74,2016-12-25 02:00:00,89.94727325439453,-126.0,NULL
6627,13,13,0,13,75,2016-12-25 03:00:00,89.94727325439453,-126.0,NULL
6628,13,13,0,13,76,2016-12-25 04:00:00,89.94727325439453,-126.0,NULL
6629,13,13,0,13,77,2016-12-25 05:00:00,89.94727325439453,-126.0,NULL
6630,13,13,0,13,78,2016-12-25 06:00:00,89.94727325439453,-126.0,NULL
6631,13,13,0,13,79,2016-12-25 07:00:00,89.94727325439453,-126.0,NULL
6632,13,13,0,13,80,2016-12-25 08:00:00,89.94727325439453,-126.0,NULL
6633,13,13,0,13,81,2016-12-25 09:00:00,89.94727325439453,-126.0,NULL
6634,13,13,0,13,82,2016-12-25 10:00:00,89.94727325439453,-126.0,NULL
6635,13,13,0,13,83,2016-12-25 11:00:00,89.94727325439453,-126.0,NULL
6636,13,13,0,13,84,2016-12-25 12:00:00,89.94727325439453,-126.0,NULL
6637,13,13,0,13,85,2016-12-25 13:00:00,89.94727325439453,-126.0,NULL
6638,13,13,0,13,86,2016-12-25 14:00:00,89.94727325439453,-126.0,NULL
6639,13,13,0,13,87,2016-12-25 15:00:00,89.94727325439453,-126.0,NULL
6640,13,13,0,13,88,2016-12-25 16:00:00,89.94727325439453,-126.0,NULL
6641,13,13,0,13,89,2016-12-25 17:00:00,89.94727325439453,-126.0,NULL
6642,13,13,0,13,90,2016-12-25 18:00:00,89.94727325439453,-126.0,NULL
6643,13,13,0,13,91,2016-12-25 19:00:00,89.94727325439453,-126.0,NULL
6644,13,13,0,13,92,2016-12-25 20:00:00,89.94727325439453,-126.0,NULL
6645,13,13,0,13,93,2016-12-25 21:00:00,89.94727325439453,-126.0,NULL
6646,13,13,0,13,94,2016-12-25 22:00:00,89.94727325439453,-126.0,NULL
6647,13,13,0,13,95,2016-12-25 23:00:00,89.94727325439453,-126.0,NULL
6648,13,13,0,13,96,2016-12-26 00:00:00,89.94727325439453,-126.0,NULL
6649,13,13,0,13,97,2016-12-26 01:00:00,89.94727325439453,-126.0,NULL
6650,13,13,0,13,98,2016-12-26 02:00:00,89.94727325439453,-126.0,NULL
6651,13,13,0,13,99,2016-12-26 03:00:00,89.94727325439453,-126.0,NULL
6652,13,13,0,13,100,2016-12-26 04:00:00,89.94727325439453,-126.0,NULL
6653,13,13,0,13,101,2016-12-26 05:00:00,89.94727325439453,-126.0,NULL
6654,13,13,0,13,102,2016-12-26 06:00:00,89.94727325439453,-126.0,NULL
6655,13,13,0,13,103,2016-12-26 07:00:00,89.94727325439453,-126.0,NULL
6656,13,13,0,13,104,2016-12-26 08:00:00,89.94727325439453,-126.0,NULL
6657,13,13,0,13,105,2016-12-26 09:00:00,89.94727325439453,-126.0,NULL
6658,13,13,0,13,106,2016-12-26 10:00:00,89.94727325439453,-126.0,NULL
6659,13,13,0,13,107,2016-12-26 11:00:00,89.94727325439453,-126.0,NULL
6660,13,13,0,13,108,2016-12-26 12:00:00,89.94727325439453,-126.0,NULL
6661,13,13,0,13,109,2016-12-26 13:00:00,89.94727325439453,-126.0,NULL
6662,13,13,0,13,110,2016-12-26 14:00:00,89.94727325439453,-126.0,NULL
6663,13,13,0,13,111,2016-12-26 15:00:00,89.94727325439453,-126.0,NULL
6664,13,13,0,13,112,2016-12-26 16:00:00,89.94727325439453,-126.0,NULL
6665,13,13,0,13,113,2016-12-26 17:00:00,89.94727325439453,-126.0,NULL
6666,13,13,0,13,114,2016-12-26 18:00:00,89.94727325439453,-126.0,NULL
6667,13,13,0,13,115,2016-12-26 19:00:00,89.94727325439453,-126.0,NULL
6668,13,13,0,13,116,2016-12-26 20:00:00,89.94727325439453,-126.0,NULL
6669,13,13,0,13,117,2016-12-26 21:00:00,89.94727325439453,-126.0,NULL
6670,13,13,0,13,118,2016-12-26 22:00:00,89.94727325439453,-126.0,NULL
6671,13,13,0,13,119,2016-12-26 23:00:00,89.94727325439453,-126.0,NULL
6672,13,13,0,13,120,2016-12-27 00:00:00,89.94727325439453,-126.0,NULL
6673,13,13,0,13,121,2016-12-27 01:00:00,89.94727325439453,-126.0,NULL
6674,13,13,0,13,122,2016-12-27 02:00:00,89.94727325439453,-126.0,NULL
6675,13,13,0,13,123,2016-12-27 03:00:00,89.94727325439453,-126.0,NULL
6676,13,13,0,13,124,2016-12-27 04:00:00,89.94727325439453,-126.0,NULL
6677,13,13,0,13,125,2016-12-27 05:00:00,89.94727325439453,-126.0,NULL
6678,13,13,0,13,126,2016-12-27 06:00:00,89.94727325439453,-126.0,NULL
6679,13,13,0,13,127,2016-12-27 07:00:00,89.94727325439453,-126.0,NULL
6680,13,13,0,13,128,2016-12-27 08:00:00,89.94727325439453,-126.0,NULL
6681,13,13,0,13,129,2016-12-27 09:00:00,89.94727325439453,-126.0,NULL
6682,13,13,0,13,130,2016-12-27 10:00:00,89.94727325439453,-126.0,NULL
6683,13,13,0,13,131,2016-12-27 11:00:00,89.94727325439453,-126.0,NULL
6684,13,13,0,13,132,2016-12-27 12:00:00,89.94727325439453,-126.0,NULL
6685,13,13,0,13,133,2016-12-27 13:00:00,89.94727325439453,-126.0,NULL
6686,13,13,0,13,134,2016-12-27 14:00:00,89.94727325439453,-126.0,NULL
6687,13,13,0,13,135,2016-12-27 15:00:00,89.94727325439453,-126.0,NULL
6688,13,13,0,13,136,2016-12-27 16:00:00,89.94727325439453,-126.0,NULL
6689,13,13,0,13,137,2016-12-27 17:00:00,89.94727325439453,-126.0,NULL
6690,13,13,0,13,138,2016-12-27 18:00:00,89.94727325439453,-126.0,NULL
6691,13,13,0,13,139,2016-12-27 19:00:00,89.94727325439453,-126.0,NULL
6692,13,13,0,13,140,2016-12-27 20:00:00,89.94727325439453,-126.0,NULL
6693,13,13,0,13,141,2016-12-27 21:00:00,89.94727325439453,-126.0,NULL
6694,13,13,0,13,142,2016-12-27 22:00:00,89.94727325439453,-126.0,NULL
6695,13,13,0,13,143,2016-12-27 23:00:00,89.94727325439453,-126.0,NULL
6696,13,13,0,13,144,2016-12-28 00:00:00,89.94727325439453,-126.0,NULL
6697,13,13,0,13,145,2016-12-28 01:00:00,89.94727325439453,-126.0,NULL
6698,13,13,0,13,146,2016-12-28 02:00:00,89.94727325439453,-126.0,NULL
6699,13,13,0,13,147,2016-12-28 03:00:00,89.94727325439453,-126.0,NULL
6700,13,13,0,13,148,2016-12-28 04:00:00,89.94727325439453,-126.0,NULL
6701,13,13,0,13,149,2016-12-28 05:00:00,89.94727325439453,-126.0,NULL
6702,13,13,0,13,150,2016-12-28 06:00:00,89.94727325439453,-126.0,NULL
6703,13,13,0,13,151,2016-12-28 07:00:00,89.94727325439453,-126.0,NULL
6704,13,13,0,13,152,2016-12-28 08:00:00,89.94727325439453,-126.0,NULL
6705,13,13,0,13,153,2016-12-28 09:00:00,89.94727325439453,-126.0,NULL
6706,13,13,0,13,154,2016-12-28 10:00:00,89.94727325439453,-126.0,NULL
6707,13,13,0,13,155,2016-12-28 11:00:00,89.94727325439453,-126.0,NULL
6708,13,13,0,13,156,2016-12-28 12:00:00,89.94727325439453,-126.0,NULL
6709,13,13,0,13,157,2016-12-28 13:00:00,89.94727325439453,-126.0,NULL
6710,13,13,0,13,158,2016-12-28 14:00:00,89.94727325439453,-126.0,NULL
6711,13,13,0,13,159,2016-12-28 15:00:00,89.94727325439453,-126.0,NULL
6712,13,13,0,13,160,2016-12-28 16:00:00,89.94727325439453,-126.0,NULL
6713,13,13,0,13,161,2016-12-28 17:00:00,89.94727325439453,-126.0,NULL
6714,13,13,0,13,162,2016-12-28 18:00:00,89.94727325439453,-126.0,NULL
6715,13,13,0,13,163,2016-12-28 19:00:00,89.94727325439453,-126.0,NULL
6716,13,13,0,13,164,2016-12-28 20:00:00,89.94727325439453,-126.0,NULL
6717,13,13,0,13,165,2016-12-28 21:00:00,89.94727325439453,-126.0,NULL
6718,13,13,0,13,166,2016-12-28 22:00:00,89.94727325439453,-126.0,NULL
6719,13,13,0,13,167,2016-12-28 23:00:00,89.94727325439453,-126.0,NULL
6720,13,13,0,13,168,2016-12-29 00:00:00,89.94727325439453,-126.0,NULL
6721,13,13,0,13,169,2016-12-29 01:00:00,89.94727325439453,-126.0,NULL
6722,13,13,0,13,170,2016-12-29 02:00:00,89.94727325439453,-126.0,NULL
6723,13,13,0,13,171,2016-12-29 03:00:00,89.94727325439453,-126.0,NULL
6724,13,13,0,13,172,2016-12-29 04:00:00,89.94727325439453,-126.0,NULL
6725,13,13,0,13,173,2016-12-29 05:00:00,89.94727325439453,-126.0,NULL
6726,13,13,0,13,174,2016-12-29 06:00:00,89.94727325439453,-126.0,NULL
6727,13,13,0,13,175,2016-12-29 07:00:00,89.94727325439453,-126.0,NULL
6728,13,13,0,13,176,2016-12-29 08:00:00,89.94727325439453,-126.0,NULL
6729,13,13,0,13,177,2016-12-29 09:00:00,89.94727325439453,-126.0,NULL
6730,13,13,0,13,178,2016-12-29 10:00:00,89.94727325439453,-126.0,NULL
6731,13,13,0,13,179,2016-12-29 11:00:00,89.94727325439453,-126.0,NULL
6732,13,13,0,13,180,2016-12-29 12:00:00,89.94727325439453,-126.0,NULL
6733,13,13,0,13,181,2016-12-29 13:00:00,89.94727325439453,-126.0,NULL
6734,13,13,0,13,182,2016-12-29 14:00:00,89.94727325439453,-126.0,NULL
6735,13,13,0,13,183,2016-12-29 15:00:00,89.94727325439453,-126.0,NULL
6736,13,13,0,13,184,2016-12-29 16:00:00,89.94727325439453,-126.0,NULL
6737,13,13,0,13,185,2016-12-29 17:00:00,89.94727325439453,-126.0,NULL
6738,13,13,0,13,186,2016-12-29 18:00:00,89.94727325439453,-126.0,NULL
6739,13,13,0,13,187,2016-12-29 19:00:00,89.94727325439453,-126.0,NULL
6740,13,13,0,13,188,2016-12-29 20:00:00,89.94727325439453,-126.0,NULL
6741,13,13,0,13,189,2016-12-29 21:00:00,89.94727325439453,-126.0,NULL
6742,13,13,0,13,190,2016-12-29 22:00:00,89.94727325439453,-126.0,NULL
6743,13,13,0,13,191,2016-12-29 23:00:00,89.94727325439453,-126.0,NULL
6744,13,13,0,13,192,2016-12-30 00:00:00,89.94727325439453,-126.0,NULL
6745,13,13,0,13,193,2016-12-30 01:00:00,89.94727325439453,-126.0,NULL
6746,13,13,0,13,194,2016-12-30 02:00:00,89.94727325439453,-126.0,NULL
6747,13,13,0,13,195,2016-12-30 03:00:00,89.94727325439453,-126.0,NULL
6748,13,13,0,13,196,2016-12-30 04:00:00,89.94727325439453,-126.0,NULL
6749,13,13,0,13,197,2016-12-30 05:00:00,89.94727325439453,-126.0,NULL
6750,13,13,0,13,198,2016-12-30 06:00:00,89.94727325439453,-126.0,NULL
6751,13,13,0,13,199,2016-12-30 07:00:00,89.94727325439453,-126.0,NULL
6752,13,13,0,13,200,2016-12-30 08:00:00,89.94727325439453,-126.0,NULL
6753,13,13,0,13,201,2016-12-30 09:00:00,89.94727325439453,-126.0,NULL
6754,13,13,0,13,202,2016-12-30 10:00:00,89.94727325439453,-126.0,NULL
6755,13,13,0,13,203,2016-12-30 11:00:00,89.94727325439453,-126.0,NULL
6756,13,13,0,13,204,2016-12-30 12:00:00,89.94727325439453,-126.0,NULL
6757,13,13,0,13,205,2016-12-30 13:00:00,89.94727325439453,-126.0,NULL
6758,13,13,0,13,206,2016-12-30 14:00:00,89.94727325439453,-126.0,NULL
6759,13,13,0,13,207,2016-12-30 15:00:00,89.94727325439453,-126.0,NULL
6760,13,13,0,13,208,2016-12-30 16:00:00,89.94727325439453,-126.0,NULL
6761,13,13,0,13,209,2016-12-30 17:00:00,89.94727325439453,-126.0,NULL
6762,13,13,0,13,210,2016-12-30 18:00:00,89.94727325439453,-126.0,NULL
6763,13,13,0,13,211,2016-12-30 19:00:00,89.94727325439453,-126.0,NULL
6764,13,13,0,13,212,2016-12-30 20:00:00,89.94727325439453,-126.0,NULL
6765,13,13,0,13,213,2016-12-30 21:00:00,89.94727325439453,-126.0,NULL
6766,13,13,0,13,214,2016-12-30 22:00:00,89.94727325439453,-126.0,NULL
6767,13,13,0,13,215,2016-12-30 23:00:00,89.94727325439453,-126.0,NULL
6768,13,13,0,13,216,2016-12-31 00:00:00,89.94727325439453,-126.0,NULL
6769,13,13,0,13,217,2016-12-31 01:00:00,89.94727325439453,-126.0,-21.1
6770,13,13,0,13,218,2016-12-31 02:00:00,89.94727325439453,-126.0,-21.0
6771,13,13,0,13,219,2016-12-31 03:00:00,89.94727325439453,-126.0,-20.8
6772,13,13,0,13,220,2016-12-31 04:00:00,89.94727325439453,-126.0,-20.55
6773,13,13,0,13,221,2016-12-31 05:00:00,89.94727325439453,-126.0,-20.25
6774,13,13,0,13,222,2016-12-31 06:00:00,89.94727325439453,-126.0,-20.0
6775,13,13,0,13,223,2016-12-31 07:00:00,89.94727325439453,-126.0,-19.8
6776,13,13,0,13,224,2016-12-31 08:00:00,89.94727325439453,-126.0,-19.45
6777,13,13,0,13,225,2016-12-31 09:00:00,89.94727325439453,-126.0,-19.1
6778,13,13,0,13,226,2016-12-31 10:00:00,89.94727325439453,-126.0,-18.8
6779,13,13,0,13,227,2016-12-31 11:00:00,89.94727325439453,-126.0,-18.75
6780,13,13,0,13,228,2016-12-31 12:00:00,89.94727325439453,-126.0,-18.65
6781,13,13,0,13,229,2016-12-31 13:00:00,89.94727325439453,-126.0,-19.85
6782,13,13,0,13,230,2016-12-31 14:00:00,89.94727325439453,-126.0,-19.65
6783,13,13,0,13,231,2016-12-31 15:00:00,89.94727325439453,-126.0,-19.5
6784,13,13,0,13,232,2016-12-31 16:00:00,89.94727325439453,-126.0,-19.45
6785,13,13,0,13,233,2016-12-31 17:00:00,89.94727325439453,-126.0,-19.45
6786,13,13,0,13,234,2016-12-31 18:00:00,89.94727325439453,-126.0,-19.5
6787,13,13,0,13,235,2016-12-31 19:00:00,89.94727325439453,-126.0,-19.55
6788,13,13,0,13,236,2016-12-31 20:00:00,89.94727325439453,-126.0,-19.6
6789,13,13,0,13,237,2016-12-31 21:00:00,89.94727325439453,-126.0,-19.45
6790,13,13,0,13,238,2016-12-31 22:00:00,89.94727325439453,-126.0,-19.3
6791,13,13,0,13,239,2016-12-31 23:00:00,89.94727325439453,-126.0,-19.1
6792,13,13,0,13,240,2017-01-01 00:00:00,89.94727325439453,-126.0,-18.7
6793,13,13,0,13,241,2017-01-01 01:00:00,89.94727325439453,-126.0,-18.25
6794,13,13,0,13,242,2017-01-01 02:00:00,89.94727325439453,-126.0,-18.1
6795,13,13,0,13,243,2017-01-01 03:00:00,89.94727325439453,-126.0,-17.75
6796,13,13,0,13,244,2017-01-01 04:00:00,89.94727325439453,-126.0,-17.6
6797,13,13,0,13,245,2017-01-01 05:00:00,89.94727325439453,-126.0,-17.55
6798,13,13,0,13,246,2017-01-01 06:00:00,89.94727325439453,-126.0,-17.8
6799,13,13,0,13,247,2017-01-01 07:00:00,89.94727325439453,-126.0,-18.4
6800,13,13,0,13,248,2017-01-01 08:00:00,89.94727325439453,-126.0,-18.5
6801,13,13,0,13,249,2017-01-01 09:00:00,89.94727325439453,-126.0,-18.75
6802,13,13,0,13,250,2017-01-01 10:00:00,89.94727325439453,-126.0,-18.95
6803,13,13,0,13,251,2017-01-01 11:00:00,89.94727325439453,-126.0,-19.1
6804,13,13,0,13,252,2017-01-01 12:00:00,89.94727325439453,-126.0,-19.15
6805,13,13,0,13,253,2017-01-01 13:00:00,89.94727325439453,-126.0,-20.55
6806,13,13,0,13,254,2017-01-01 14:00:00,89.94727325439453,-126.0,-20.85
6807,13,13,0,13,255,2017-01-01 15:00:00,89.94727325439453,-126.0,-21.25
6808,13,13,0,13,256,2017-01-01 16:00:00,89.94727325439453,-126.0,-21.6
6809,13,13,0,13,257,2017-01-01 17:00:00,89.94727325439453,-126.0,-21.85
6810,13,13,0,13,258,2017-01-01 18:00:00,89.94727325439453,-126.0,-22.0
6811,13,13,0,13,259,2017-01-01 19:00:00,89.94727325439453,-126.0,-22.0
6812,13,13,0,13,260,2017-01-01 20:00:00,89.94727325439453,-126.0,-21.6
6813,13,13,0,13,261,2017-01-01 21:00:00,89.94727325439453,-126.0,-20.95
6814,13,13,0,13,262,2017-01-01 22:00:00,89.94727325439453,-126.0,-20.25
6815,13,13,0,13,263,2017-01-01 23:00:00,89.94727325439453,-126.0,-19.7
6816,13,13,0,13,264,2017-01-02 00:00:00,89.94727325439453,-126.0,-19.75
6817,13,13,0,13,265,2017-01-02 01:00:00,89.94727325439453,-126.0,NULL
6818,13,13,0,13,266,2017-01-02 02:00:00,89.94727325439453,-126.0,NULL
6819,13,13,0,13,267,2017-01-02 03:00:00,89.94727325439453,-126.0,NULL
6820,13,13,0,13,268,2017-01-02 04:00:00,89.94727325439453,-126.0,NULL
6821,13,13,0,13,269,2017-01-02 05:00:00,89.94727325439453,-126.0,NULL
6822,13,13,0,13,270,2017-01-02 06:00:00,89.94727325439453,-126.0,NULL
6823,13,13,0,13,271,2017-01-02 07:00:00,89.94727325439453,-126.0,NULL
6824,13,13,0,13,272,2017-01-02 08:00:00,89.94727325439453,-126.0,NULL
6825,13,13,0,13,273,2017-01-02 09:00:00,89.94727325439453,-126.0,NULL
6826,13,13,0,13,274,2017-01-02 10:00:00,89.94727325439453,-126.0,NULL
6827,13,13,0,13,275,2017-01-02 11:00:00,89.94727325439453,-126.0,NULL
6828,13,13,0,13,276,2017-01-02 12:00:00,89.94727325439453,-126.0,NULL
6829,13,13,0,13,277,2017-01-02 13:00:00,89.94727325439453,-126.0,NULL
6830,13,13,0,13,278,2017-01-02 14:00:00,89.94727325439453,-126.0,NULL
6831,13,13,0,13,279,2017-01-02 15:00:00,89.94727325439453,-126.0,NULL
6832,13,13,0,13,280,2017-01-02 16:00:00,89.94727325439453,-126.0,NULL
6833,13,13,0,13,281,2017-01-02 17:00:00,89.94727325439453,-126.0,NULL
6834,13,13,0,13,282,2017-01-02 18:00:00,89.94727325439453,-126.0,NULL
6835,13,13,0,13,283,2017-01-02 19:00:00,89.94727325439453,-126.0,NULL
6836,13,13,0,13,284,2017-01-02 20:00:00,89.94727325439453,-126.0,NULL
6837,13,13,0,13,285,2017-01-02 21:00:00,89.94727325439453,-126.0,NULL
6838,13,13,0,13,286,2017-01-02 22:00:00,89.94727325439453,-126.0,NULL
6839,13,13,0,13,287,2017-01-02 23:00:00,89.94727325439453,-126.0,NULL
6840,13,13,0,13,288,2017-01-03 00:00:00,89.94727325439453,-126.0,NULL
6841,13,13,0,13,289,2017-01-03 01:00:00,89.94727325439453,-126.0,NULL
6842,13,13,0,13,290,2017-01-03 02:00:00,89.94727325439453,-126.0,NULL
6843,13,13,0,13,291,2017-01-03 03:00:00,89.94727325439453,-126.0,NULL
6844,13,13,0,13,292,2017-01-03 04:00:00,89.94727325439453,-126.0,NULL
6845,13,13,0,13,293,2017-01-03 05:00:00,89.94727325439453,-126.0,NULL
6846,13,13,0,13,294,2017-01-03 06:00:00,89.94727325439453,-126.0,NULL
6847,13,13,0,13,295,2017-01-03 07:00:00,89.94727325439453,-126.0,NULL
6848,13,13,0,13,296,2017-01-03 08:00:00,89.94727325439453,-126.0,NULL
6849,13,13,0,13,297,2017-01-03 09:00:00,89.94727325439453,-126.0,NULL
6850,13,13,0,13,298,2017-01-03 10:00:00,89.94727325439453,-126.0,NULL
6851,13,13,0,13,299,2017-01-03 11:00:00,89.94727325439453,-126.0,NULL
6852,13,13,0,13,300,2017-01-03 12:00:00,89.94727325439453,-126.0,NULL
6853,13,13,0,13,301,2017-01-03 13:00:00,89.94727325439453,-126.0,NULL
6854,13,13,0,13,302,2017-01-03 14:00:00,89.94727325439453,-126.0,NULL
6855,13,13,0,13,303,2017-01-03 15:00:00,89.94727325439453,-126.0,NULL
6856,13,13,0,13,304,2017-01-03 16:00:00,89.94727325439453,-126.0,NULL
6857,13,13,0,13,305,2017-01-03 17:00:00,89.94727325439453,-126.0,NULL
6858,13,13,0,13,306,2017-01-03 18:00:00,89.94727325439453,-126.0,NULL
6859,13,13,0,13,307,2017-01-03 19:00:00,89.94727325439453,-126.0,NULL
6860,13,13,0,13,308,2017-01-03 20:00:00,89.94727325439453,-126.0,NULL
6861,13,13,0,13,309,2017-01-03 21:00:00,89.94727325439453,-126.0,NULL
6862,13,13,0,13,310,2017-01-03 22:00:00,89.94727325439453,-126.0,NULL
6863,13,13,0,13,311,2017-01-03 23:00:00,89.94727325439453,-126.0,NULL
6864,13,13,0,13,312,2017-01-04 00:00:00,89.94727325439453,-126.0,NULL
6865,13,13,0,13,313,2017-01-04 01:00:00,89.94727325439453,-126.0,NULL
6866,13,13,0,13,314,2017-01-04 02:00:00,89.94727325439453,-126.0,NULL
6867,13,13,0,13,315,2017-01-04 03:00:00,89.94727325439453,-126.0,NULL
6868,13,13,0,13,316,2017-01-04 04:00:00,89.94727325439453,-126.0,NULL
6869,13,13,0,13,317,2017-01-04 05:00:00,89.94727325439453,-126.0,NULL
6870,13,13,0,13,318,2017-01-04 06:00:00,89.94727325439453,-126.0,NULL
6871,13,13,0,13,319,2017-01-04 07:00:00,89.94727325439453,-126.0,NULL
6872,13,13,0,13,320,2017-01-04 08:00:00,89.94727325439453,-126.0,NULL
6873,13,13,0,13,321,2017-01-04 09:00:00,89.94727325439453,-126.0,NULL
6874,13,13,0,13,322,2017-01-04 10:00:00,89.94727325439453,-126.0,NULL
6875,13,13,0,13,323,2017-01-04 11:00:00,89.94727325439453,-126.0,NULL
6876,13,13,0,13,324,2017-01-04 12:00:00,89.94727325439453,-126.0,NULL
6877,13,13,0,13,325,2017-01-04 13:00:00,89.94727325439453,-126.0,NULL
6878,13,13,0,13,326,2017-01-04 14:00:00,89.94727325439453,-126.0,NULL
6879,13,13,0,13,327,2017-01-04 15:00:00,89.94727325439453,-126.0,NULL
6880,13,13,0,13,328,2017-01-04 16:00:00,89.94727325439453,-126.0,NULL
6881,13,13,0,13,329,2017-01-04 17:00:00,89.94727325439453,-126.0,NULL
6882,13,13,0,13,330,2017-01-04 18:00:00,89.94727325439453,-126.0,NULL
6883,13,13,0,13,331,2017-01-04 19:00:00,89.94727325439453,-126.0,NULL
6884,13,13,0,13,332,2017-01-04 20:00:00,89.94727325439453,-126.0,NULL
6885,13,13,0,13,333,2017-01-04 21:00:00,89.94727325439453,-126.0,NULL
6886,13,13,0,13,334,2017-01-04 22:00:00,89.94727325439453,-126.0,NULL
6887,13,13,0,13,335,2017-01-04 23:00:00,89.94727325439453,-126.0,NULL
6888,13,13,0,13,336,2017-01-05 00:00:00,89.94727325439453,-126.0,NULL
6889,13,13,0,13,337,2017-01-05 01:00:00,89.94727325439453,-126.0,NULL
6890,13,13,0,13,338,2017-01-05 02:00:00,89.94727325439453,-126.0,NULL
6891,13,13,0,13,339,2017-01-05 03:00:00,89.94727325439453,-126.0,NULL
6892,13,13,0,13,340,2017-01-05 04:00:00,89.94727325439453,-126.0,NULL
6893,13,13,0,13,341,2017-01-05 05:00:00,89.94727325439453,-126.0,NULL
6894,13,13,0,13,342,2017-01-05 06:00:00,89.94727325439453,-126.0,NULL
6895,13,13,0,13,343,2017-01-05 07:00:00,89.94727325439453,-126.0,NULL
6896,13,13,0,13,344,2017-01-05 08:00:00,89.94727325439453,-126.0,NULL
6897,13,13,0,13,345,2017-01-05 09:00:00,89.94727325439453,-126.0,NULL
6898,13,13,0,13,346,2017-01-05 10:00:00,89.94727325439453,-126.0,NULL
6899,13,13,0,13,347,2017-01-05 11:00:00,89.94727325439453,-126.0,NULL
6900,13,13,0,13,348,2017-01-05 12:00:00,89.94727325439453,-126.0,NULL
6901,13,13,0,13,349,2017-01-05 13:00:00,89.94727325439453,-126.0,NULL
6902,13,13,0,13,350,2017-01-05 14:00:00,89.94727325439453,-126.0,NULL
6903,13,13,0,13,351,2017-01-05 15:00:00,89.94727325439453,-126.0,NULL
6904,13,13,0,13,352,2017-01-05 16:00:00,89.94727325439453,-126.0,NULL
6905,13,13,0,13,353,2017-01-05 17:00:00,89.94727325439453,-126.0,NULL
6906,13,13,0,13,354,2017-01-05 18:00:00,89.94727325439453,-126.0,NULL
6907,13,13,0,13,355,2017-01-05 19:00:00,89.94727325439453,-126.0,NULL
6908,13,13,0,13,356,2017-01-05 20:00:00,89.94727325439453,-126.0,NULL
6909,13,13,0,13,357,2017-01-05 21:00:00,89.94727325439453,-126.0,NULL
6910,13,13,0,13,358,2017-01-05 22:00:00,89.94727325439453,-126.0,NULL
6911,13,13,0,13,359,2017-01-05 23:00:00,89.94727325439453,-126.0,NULL
6912,13,13,0,13,360,2017-01-06 00:00:00,89.94727325439453,-126.0,NULL
6913,13,13,0,13,361,2017-01-06 01:00:00,89.94727325439453,-126.0,NULL
6914,13,13,0,13,362,2017-01-06 02:00:00,89.94727325439453,-126.0,NULL
6915,13,13,0,13,363,2017-01-06 03:00:00,89.94727325439453,-126.0,NULL
6916,13,13,0,13,364,2017-01-06 04:00:00,89.94727325439453,-126.0,NULL
6917,13,13,0,13,365,2017-01-06 05:00:00,89.94727325439453,-126.0,NULL
6918,13,13,0,13,366,2017-01-06 06:00:00,89.94727325439453,-126.0,NULL
6919,13,13,0,13,367,2017-01-06 07:00:00,89.94727325439453,-126.0,NULL
6920,13,13,0,13,368,2017-01-06 08:00:00,89.94727325439453,-126.0,NULL
6921,13,13,0,13,369,2017-01-06 09:00:00,89.94727325439453,-126.0,NULL
6922,13,13,0,13,370,2017-01-06 10:00:00,89.94727325439453,-126.0,NULL
6923,13,13,0,13,371,2017-01-06 11:00:00,89.94727325439453,-126.0,NULL
6924,13,13,0,13,372,2017-01-06 12:00:00,89.94727325439453,-126.0,NULL
6925,13,13,0,13,373,2017-01-06 13:00:00,89.94727325439453,-126.0,NULL
6926,13,13,0,13,374,2017-01-06 14:00:00,89.94727325439453,-126.0,NULL
6927,13,13,0,13,375,2017-01-06 15:00:00,89.94727325439453,-126.0,NULL
6928,13,13,0,13,376,2017-01-06 16:00:00,89.94727325439453,-126.0,NULL
6929,13,13,0,13,377,2017-01-06 17:00:00,89.94727325439453,-126.0,NULL
6930,13,13,0,13,378,2017-01-06 18:00:00,89.94727325439453,-126.0,NULL
6931,13,13,0,13,379,2017-01-06 19:00:00,89.94727325439453,-126.0,NULL
6932,13,13,0,13,380,2017-01-06 20:00:00,89.94727325439453,-126.0,NULL
6933,13,13,0,13,381,2017-01-06 21:00:00,89.94727325439453,-126.0,NULL
6934,13,13,0,13,382,2017-01-06 22:00:00,89.94727325439453,-126.0,NULL
6935,13,13,0,13,383,2017-01-06 23:00:00,89.94727325439453,-126.0,NULL
6936,13,13,0,13,384,2017-01-07 00:00:00,89.94727325439453,-126.0,NULL
6937,13,13,0,13,385,2017-01-07 01:00:00,89.94727325439453,-126.0,NULL
6938,13,13,0,13,386,2017-01-07 02:00:00,89.94727325439453,-126.0,NULL
6939,13,13,0,13,387,2017-01-07 03:00:00,89.94727325439453,-126.0,NULL
6940,13,13,0,13,388,2017-01-07 04:00:00,89.94727325439453,-126.0,NULL
6941,13,13,0,13,389,2017-01-07 05:00:00,89.94727325439453,-126.0,NULL
6942,13,13,0,13,390,2017-01-07 06:00:00,89.94727325439453,-126.0,NULL
6943,13,13,0,13,391,2017-01-07 07:00:00,89.94727325439453,-126.0,NULL
6944,13,13,0,13,392,2017-01-07 08:00:00,89.94727325439453,-126.0,NULL
6945,13,13,0,13,393,2017-01-07 09:00:00,89.94727325439453,-126.0,NULL
6946,13,13,0,13,394,2017-01-07 10:00:00,89.94727325439453,-126.0,NULL
6947,13,13,0,13,395,2017-01-07 11:00:00,89.94727325439453,-126.0,NULL
6948,13,13,0,13,396,2017-01-07 12:00:00,89.94727325439453,-126.0,NULL
6949,13,13,0,13,397,2017-01-07 13:00:00,89.94727325439453,-126.0,NULL
6950,13,13,0,13,398,2017-01-07 14:00:00,89.94727325439453,-126.0,NULL
6951,13,13,0,13,399,2017-01-07 15:00:00,89.94727325439453,-126.0,NULL
6952,13,13,0,13,400,2017-01-07 16:00:00,89.94727325439453,-126.0,NULL
6953,13,13,0,13,401,2017-01-07 17:00:00,89.94727325439453,-126.0,NULL
6954,13,13,0,13,402,2017-01-07 18:00:00,89.94727325439453,-126.0,NULL
6955,13,13,0,13,403,2017-01-07 19:00:00,89.94727325439453,-126.0,NULL
6956,13,13,0,13,404,2017-01-07 20:00:00,89.94727325439453,-126.0,NULL
6957,13,13,0,13,405,2017-01-07 21:00:00,89.94727325439453,-126.0,NULL
6958,13,13,0,13,406,2017-01-07 22:00:00,89.94727325439453,-126.0,NULL
6959,13,13,0,13,407,2017-01-07 23:00:00,89.94727325439453,-126.0,NULL
6960,13,13,0,13,408,2017-01-08 00:00:00,89.94727325439453,-126.0,NULL
6961,13,13,0,13,409,2017-01-08 01:00:00,89.94727325439453,-126.0,NULL
6962,13,13,0,13,410,2017-01-08 02:00:00,89.94727325439453,-126.0,NULL
6963,13,13,0,13,411,2017-01-08 03:00:00,89.94727325439453,-126.0,NULL
6964,13,13,0,13,412,2017-01-08 04:00:00,89.94727325439453,-126.0,NULL
6965,13,13,0,13,413,2017-01-08 05:00:00,89.94727325439453,-126.0,NULL
6966,13,13,0,13,414,2017-01-08 06:00:00,89.94727325439453,-126.0,NULL
6967,13,13,0,13,415,2017-01-08 07:00:00,89.94727325439453,-126.0,NULL
6968,13,13,0,13,416,2017-01-08 08:00:00,89.94727325439453,-126.0,NULL
6969,13,13,0,13,417,2017-01-08 09:00:00,89.94727325439453,-126.0,NULL
6970,13,13,0,13,418,2017-01-08 10:00:00,89.94727325439453,-126.0,NULL
6971,13,13,0,13,419,2017-01-08 11:00:00,89.94727325439453,-126.0,NULL
6972,13,13,0,13,420,2017-01-08 12:00:00,89.94727325439453,-126.0,NULL
6973,13,13,0,13,421,2017-01-08 13:00:00,89.94727325439453,-126.0,NULL
6974,13,13,0,13,422,2017-01-08 14:00:00,89.94727325439453,-126.0,NULL
6975,13,13,0,13,423,2017-01-08 15:00:00,89.94727325439453,-126.0,NULL
6976,13,13,0,13,424,2017-01-08 16:00:00,89.94727325439453,-126.0,NULL
6977,13,13,0,13,425,2017-01-08 17:00:00,89.94727325439453,-126.0,NULL
6978,13,13,0,13,426,2017-01-08 18:00:00,89.94727325439453,-126.0,NULL
6979,13,13,0,13,427,2017-01-08 19:00:00,89.94727325439453,-126.0,NULL
6980,13,13,0,13,428,2017-01-08 20:00:00,89.94727325439453,-126.0,NULL
6981,13,13,0,13,429,2017-01-08 21:00:00,89.94727325439453,-126.0,NULL
6982,13,13,0,13,430,2017-01-08 22:00:00,89.94727325439453,-126.0,NULL
6983,13,13,0,13,431,2017-01-08 23:00:00,89.94727325439453,-126.0,NULL
6984,13,13,0,13,432,2017-01-09 00:00:00,89.94727325439453,-126.0,NULL
6985,13,13,0,13,433,2017-01-09 01:00:00,89.94727325439453,-126.0,NULL
6986,13,13,0,13,434,2017-01-09 02:00:00,89.94727325439453,-126.0,NULL
6987,13,13,0,13,435,2017-01-09 03:00:00,89.94727325439453,-126.0,NULL
6988,13,13,0,13,436,2017-01-09 04:00:00,89.94727325439453,-126.0,NULL
6989,13,13,0,13,437,2017-01-09 05:00:00,89.94727325439453,-126.0,NULL
6990,13,13,0,13,438,2017-01-09 06:00:00,89.94727325439453,-126.0,NULL
6991,13,13,0,13,439,2017-01-09 07:00:00,89.94727325439453,-126.0,NULL
6992,13,13,0,13,440,2017-01-09 08:00:00,89.94727325439453,-126.0,NULL
6993,13,13,0,13,441,2017-01-09 09:00:00,89.94727325439453,-126.0,NULL
6994,13,13,0,13,442,2017-01-09 10:00:00,89.94727325439453,-126.0,NULL
6995,13,13,0,13,443,2017-01-09 11:00:00,89.94727325439453,-126.0,NULL
6996,13,13,0,13,444,2017-01-09 12:00:00,89.94727325439453,-126.0,NULL
6997,13,13,0,13,445,2017-01-09 13:00:00,89.94727325439453,-126.0,NULL
6998,13,13,0,13,446,2017-01-09 14:00:00,89.94727325439453,-126.0,NULL
6999,13,13,0,13,447,2017-01-09 15:00:00,89.94727325439453,-126.0,NULL
7000,13,13,0,13,448,2017-01-09 16:00:00,89.94727325439453,-126.0,NULL
7001,13,13,0,13,449,2017-01-09 17:00:00,89.94727325439453,-126.0,NULL
7002,13,13,0,13,450,2017-01-09 18:00:00,89.94727325439453,-126.0,NULL
7003,13,13,0,13,451,2017-01-09 19:00:00,89.94727325439453,-126.0,NULL
7004,13,13,0,13,452,2017-01-09 20:00:00,89.94727325439453,-126.0,NULL
7005,13,13,0,13,453,2017-01-09 21:00:00,89.94727325439453,-126.0,NULL
7006,13,13,0,13,454,2017-01-09 22:00:00,89.94727325439453,-126.0,NULL
7007,13,13,0,13,455,2017-01-09 23:00:00,89.94727325439453,-126.0,NULL
7008,13,13,0,13,456,2017-01-10 00:00:00,89.94727325439453,-126.0,NULL
7009,13,13,0,13,457,2017-01-10 01:00:00,89.94727325439453,-126.0,NULL
7010,13,13,0,13,458,2017-01-10 02:00:00,89.94727325439453,-126.0,NULL
7011,13,13,0,13,459,2017-01-10 03:00:00,89.94727325439453,-126.0,NULL
7012,13,13,0,13,460,2017-01-10 04:00:00,89.94727325439453,-126.0,NULL
7013,13,13,0,13,461,2017-01-10 05:00:00,89.94727325439453,-126.0,NULL
7014,13,13,0,13,462,2017-01-10 06:00:00,89.94727325439453,-126.0,NULL
7015,13,13,0,13,463,2017-01-10 07:00:00,89.94727325439453,-126.0,NULL
7016,13,13,0,13,464,2017-01-10 08:00:00,89.94727325439453,-126.0,NULL
7017,13,13,0,13,465,2017-01-10 09:00:00,89.94727325439453,-126.0,NULL
7018,13,13,0,13,466,2017-01-10 10:00:00,89.94727325439453,-126.0,NULL
7019,13,13,0,13,467,2017-01-10 11:00:00,89.94727325439453,-126.0,NULL
7020,13,13,0,13,468,2017-01-10 12:00:00,89.94727325439453,-126.0,NULL
7021,13,13,0,13,469,2017-01-10 13:00:00,89.94727325439453,-126.0,NULL
7022,13,13,0,13,470,2017-01-10 14:00:00,89.94727325439453,-126.0,NULL
7023,13,13,0,13,471,2017-01-10 15:00:00,89.94727325439453,-126.0,NULL
7024,13,13,0,13,472,2017-01-10 16:00:00,89.94727325439453,-126.0,NULL
7025,13,13,0,13,473,2017-01-10 17:00:00,89.94727325439453,-126.0,NULL
7026,13,13,0,13,474,2017-01-10 18:00:00,89.94727325439453,-126.0,NULL
7027,13,13,0,13,475,2017-01-10 19:00:00,89.94727325439453,-126.0,NULL
7028,13,13,0,13,476,2017-01-10 20:00:00,89.94727325439453,-126.0,NULL
7029,13,13,0,13,477,2017-01-10 21:00:00,89.94727325439453,-126.0,NULL
7030,13,13,0,13,478,2017-01-10 22:00:00,89.94727325439453,-126.0,NULL
7031,13,13,0,13,479,2017-01-10 23:00:00,89.94727325439453,-126.0,NULL
7032,13,13,0,13,480,2017-01-11 00:00:00,89.94727325439453,-126.0,NULL
7033,13,13,0,13,481,2017-01-11 01:00:00,89.94727325439453,-126.0,NULL
7034,13,13,0,13,482,2017-01-11 02:00:00,89.94727325439453,-126.0,NULL
7035,13,13,0,13,483,2017-01-11 03:00:00,89.94727325439453,-126.0,NULL
7036,13,13,0,13,484,2017-01-11 04:00:00,89.94727325439453,-126.0,NULL
7037,13,13,0,13,485,2017-01-11 05:00:00,89.94727325439453,-126.0,NULL
7038,13,13,0,13,486,2017-01-11 06:00:00,89.94727325439453,-126.0,NULL
7039,13,13,0,13,487,2017-01-11 07:00:00,89.94727325439453,-126.0,NULL
7040,13,13,0,13,488,2017-01-11 08:00:00,89.94727325439453,-126.0,NULL
7041,13,13,0,13,489,2017-01-11 09:00:00,89.94727325439453,-126.0,NULL
7042,13,13,0,13,490,2017-01-11 10:00:00,89.94727325439453,-126.0,NULL
7043,13,13,0,13,491,2017-01-11 11:00:00,89.94727325439453,-126.0,NULL
7044,13,13,0,13,492,2017-01-11 12:00:00,89.94727325439453,-126.0,NULL
7045,13,13,0,13,493,2017-01-11 13:00:00,89.94727325439453,-126.0,NULL
7046,13,13,0,13,494,2017-01-11 14:00:00,89.94727325439453,-126.0,NULL
7047,13,13,0,13,495,2017-01-11 15:00:00,89.94727325439453,-126.0,NULL
7048,13,13,0,13,496,2017-01-11 16:00:00,89.94727325439453,-126.0,NULL
7049,13,13,0,13,497,2017-01-11 17:00:00,89.94727325439453,-126.0,NULL
7050,13,13,0,13,498,2017-01-11 18:00:00,89.94727325439453,-126.0,NULL
7051,13,13,0,13,499,2017-01-11 19:00:00,89.94727325439453,-126.0,NULL
7052,13,13,0,13,500,2017-01-11 20:00:00,89.94727325439453,-126.0,NULL
7053,13,13,0,13,501,2017-01-11 21:00:00,89.94727325439453,-126.0,NULL
7054,13,13,0,13,502,2017-01-11 22:00:00,89.94727325439453,-126.0,NULL
7055,13,13,0,13,503,2017-01-11 23:00:00,89.94727325439453,-126.0,NULL
7056,14,14,0,14,0,2016-12-22 00:00:00,89.94727325439453,-108.0,NULL
7057,14,14,0,14,1,2016-12-22 01:00:00,89.94727325439453,-108.0,NULL
7058,14,14,0,14,2,2016-12-22 02:00:00,89.94727325439453,-108.0,NULL
7059,14,14,0,14,3,2016-12-22 03:00:00,89.94727325439453,-108.0,NULL
7060,14,14,0,14,4,2016-12-22 04:00:00,89.94727325439453,-108.0,NULL
7061,14,14,0,14,5,2016-12-22 05:00:00,89.94727325439453,-108.0,NULL
7062,14,14,0,14,6,2016-12-22 06:00:00,89.94727325439453,-108.0,NULL
7063,14,14,0,14,7,2016-12-22 07:00:00,89.94727325439453,-108.0,NULL
7064,14,14,0,14,8,2016-12-22 08:00:00,89.94727325439453,-108.0,NULL
7065,14,14,0,14,9,2016-12-22 09:00:00,89.94727325439453,-108.0,NULL
7066,14,14,0,14,10,2016-12-22 10:00:00,89.94727325439453,-108.0,NULL
7067,14,14,0,14,11,2016-12-22 11:00:00,89.94727325439453,-108.0,NULL
7068,14,14,0,14,12,2016-12-22 12:00:00,89.94727325439453,-108.0,NULL
7069,14,14,0,14,13,2016-12-22 13:00:00,89.94727325439453,-108.0,NULL
7070,14,14,0,14,14,2016-12-22 14:00:00,89.94727325439453,-108.0,NULL
7071,14,14,0,14,15,2016-12-22 15:00:00,89.94727325439453,-108.0,NULL
7072,14,14,0,14,16,2016-12-22 16:00:00,89.94727325439453,-108.0,NULL
7073,14,14,0,14,17,2016-12-22 17:00:00,89.94727325439453,-108.0,NULL
7074,14,14,0,14,18,2016-12-22 18:00:00,89.94727325439453,-108.0,NULL
7075,14,14,0,14,19,2016-12-22 19:00:00,89.94727325439453,-108.0,NULL
7076,14,14,0,14,20,2016-12-22 20:00:00,89.94727325439453,-108.0,NULL
7077,14,14,0,14,21,2016-12-22 21:00:00,89.94727325439453,-108.0,NULL
7078,14,14,0,14,22,2016-12-22 22:00:00,89.94727325439453,-108.0,NULL
7079,14,14,0,14,23,2016-12-22 23:00:00,89.94727325439453,-108.0,NULL
7080,14,14,0,14,24,2016-12-23 00:00:00,89.94727325439453,-108.0,NULL
7081,14,14,0,14,25,2016-12-23 01:00:00,89.94727325439453,-108.0,NULL
7082,14,14,0,14,26,2016-12-23 02:00:00,89.94727325439453,-108.0,NULL
7083,14,14,0,14,27,2016-12-23 03:00:00,89.94727325439453,-108.0,NULL
7084,14,14,0,14,28,2016-12-23 04:00:00,89.94727325439453,-108.0,NULL
7085,14,14,0,14,29,2016-12-23 05:00:00,89.94727325439453,-108.0,NULL
7086,14,14,0,14,30,2016-12-23 06:00:00,89.94727325439453,-108.0,NULL
7087,14,14,0,14,31,2016-12-23 07:00:00,89.94727325439453,-108.0,NULL
7088,14,14,0,14,32,2016-12-23 08:00:00,89.94727325439453,-108.0,NULL
7089,14,14,0,14,33,2016-12-23 09:00:00,89.94727325439453,-108.0,NULL
7090,14,14,0,14,34,2016-12-23 10:00:00,89.94727325439453,-108.0,NULL
7091,14,14,0,14,35,2016-12-23 11:00:00,89.94727325439453,-108.0,NULL
7092,14,14,0,14,36,2016-12-23 12:00:00,89.94727325439453,-108.0,NULL
7093,14,14,0,14,37,2016-12-23 13:00:00,89.94727325439453,-108.0,NULL
7094,14,14,0,14,38,2016-12-23 14:00:00,89.94727325439453,-108.0,NULL
7095,14,14,0,14,39,2016-12-23 15:00:00,89.94727325439453,-108.0,NULL
7096,14,14,0,14,40,2016-12-23 16:00:00,89.94727325439453,-108.0,NULL
7097,14,14,0,14,41,2016-12-23 17:00:00,89.94727325439453,-108.0,NULL
7098,14,14,0,14,42,2016-12-23 18:00:00,89.94727325439453,-108.0,NULL
7099,14,14,0,14,43,2016-12-23 19:00:00,89.94727325439453,-108.0,NULL
7100,14,14,0,14,44,2016-12-23 20:00:00,89.94727325439453,-108.0,NULL
7101,14,14,0,14,45,2016-12-23 21:00:00,89.94727325439453,-108.0,NULL
7102,14,14,0,14,46,2016-12-23 22:00:00,89.94727325439453,-108.0,NULL
7103,14,14,0,14,47,2016-12-23 23:00:00,89.94727325439453,-108.0,NULL
7104,14,14,0,14,48,2016-12-24 00:00:00,89.94727325439453,-108.0,NULL
7105,14,14,0,14,49,2016-12-24 01:00:00,89.94727325439453,-108.0,NULL
7106,14,14,0,14,50,2016-12-24 02:00:00,89.94727325439453,-108.0,NULL
7107,14,14,0,14,51,2016-12-24 03:00:00,89.94727325439453,-108.0,NULL
7108,14,14,0,14,52,2016-12-24 04:00:00,89.94727325439453,-108.0,NULL
7109,14,14,0,14,53,2016-12-24 05:00:00,89.94727325439453,-108.0,NULL
7110,14,14,0,14,54,2016-12-24 06:00:00,89.94727325439453,-108.0,NULL
7111,14,14,0,14,55,2016-12-24 07:00:00,89.94727325439453,-108.0,NULL
7112,14,14,0,14,56,2016-12-24 08:00:00,89.94727325439453,-108.0,NULL
7113,14,14,0,14,57,2016-12-24 09:00:00,89.94727325439453,-108.0,NULL
7114,14,14,0,14,58,2016-12-24 10:00:00,89.94727325439453,-108.0,NULL
7115,14,14,0,14,59,2016-12-24 11:00:00,89.94727325439453,-108.0,NULL
7116,14,14,0,14,60,2016-12-24 12:00:00,89.94727325439453,-108.0,NULL
7117,14,14,0,14,61,2016-12-24 13:00:00,89.94727325439453,-108.0,NULL
7118,14,14,0,14,62,2016-12-24 14:00:00,89.94727325439453,-108.0,NULL
7119,14,14,0,14,63,2016-12-24 15:00:00,89.94727325439453,-108.0,NULL
7120,14,14,0,14,64,2016-12-24 16:00:00,89.94727325439453,-108.0,NULL
7121,14,14,0,14,65,2016-12-24 17:00:00,89.94727325439453,-108.0,NULL
7122,14,14,0,14,66,2016-12-24 18:00:00,89.94727325439453,-108.0,NULL
7123,14,14,0,14,67,2016-12-24 19:00:00,89.94727325439453,-108.0,NULL
7124,14,14,0,14,68,2016-12-24 20:00:00,89.94727325439453,-108.0,NULL
7125,14,14,0,14,69,2016-12-24 21:00:00,89.94727325439453,-108.0,NULL
7126,14,14,0,14,70,2016-12-24 22:00:00,89.94727325439453,-108.0,NULL
7127,14,14,0,14,71,2016-12-24 23:00:00,89.94727325439453,-108.0,NULL
7128,14,14,0,14,72,2016-12-25 00:00:00,89.94727325439453,-108.0,NULL
7129,14,14,0,14,73,2016-12-25 01:00:00,89.94727325439453,-108.0,NULL
7130,14,14,0,14,74,2016-12-25 02:00:00,89.94727325439453,-108.0,NULL
7131,14,14,0,14,75,2016-12-25 03:00:00,89.94727325439453,-108.0,NULL
7132,14,14,0,14,76,2016-12-25 04:00:00,89.94727325439453,-108.0,NULL
7133,14,14,0,14,77,2016-12-25 05:00:00,89.94727325439453,-108.0,NULL
7134,14,14,0,14,78,2016-12-25 06:00:00,89.94727325439453,-108.0,NULL
7135,14,14,0,14,79,2016-12-25 07:00:00,89.94727325439453,-108.0,NULL
7136,14,14,0,14,80,2016-12-25 08:00:00,89.94727325439453,-108.0,NULL
7137,14,14,0,14,81,2016-12-25 09:00:00,89.94727325439453,-108.0,NULL
7138,14,14,0,14,82,2016-12-25 10:00:00,89.94727325439453,-108.0,NULL
7139,14,14,0,14,83,2016-12-25 11:00:00,89.94727325439453,-108.0,NULL
7140,14,14,0,14,84,2016-12-25 12:00:00,89.94727325439453,-108.0,NULL
7141,14,14,0,14,85,2016-12-25 13:00:00,89.94727325439453,-108.0,NULL
7142,14,14,0,14,86,2016-12-25 14:00:00,89.94727325439453,-108.0,NULL
7143,14,14,0,14,87,2016-12-25 15:00:00,89.94727325439453,-108.0,NULL
7144,14,14,0,14,88,2016-12-25 16:00:00,89.94727325439453,-108.0,NULL
7145,14,14,0,14,89,2016-12-25 17:00:00,89.94727325439453,-108.0,NULL
7146,14,14,0,14,90,2016-12-25 18:00:00,89.94727325439453,-108.0,NULL
7147,14,14,0,14,91,2016-12-25 19:00:00,89.94727325439453,-108.0,NULL
7148,14,14,0,14,92,2016-12-25 20:00:00,89.94727325439453,-108.0,NULL
7149,14,14,0,14,93,2016-12-25 21:00:00,89.94727325439453,-108.0,NULL
7150,14,14,0,14,94,2016-12-25 22:00:00,89.94727325439453,-108.0,NULL
7151,14,14,0,14,95,2016-12-25 23:00:00,89.94727325439453,-108.0,NULL
7152,14,14,0,14,96,2016-12-26 00:00:00,89.94727325439453,-108.0,NULL
7153,14,14,0,14,97,2016-12-26 01:00:00,89.94727325439453,-108.0,NULL
7154,14,14,0,14,98,2016-12-26 02:00:00,89.94727325439453,-108.0,NULL
7155,14,14,0,14,99,2016-12-26 03:00:00,89.94727325439453,-108.0,NULL
7156,14,14,0,14,100,2016-12-26 04:00:00,89.94727325439453,-108.0,NULL
7157,14,14,0,14,101,2016-12-26 05:00:00,89.94727325439453,-108.0,NULL
7158,14,14,0,14,102,2016-12-26 06:00:00,89.94727325439453,-108.0,NULL
7159,14,14,0,14,103,2016-12-26 07:00:00,89.94727325439453,-108.0,NULL
7160,14,14,0,14,104,2016-12-26 08:00:00,89.94727325439453,-108.0,NULL
7161,14,14,0,14,105,2016-12-26 09:00:00,89.94727325439453,-108.0,NULL
7162,14,14,0,14,106,2016-12-26 10:00:00,89.94727325439453,-108.0,NULL
7163,14,14,0,14,107,2016-12-26 11:00:00,89.94727325439453,-108.0,NULL
7164,14,14,0,14,108,2016-12-26 12:00:00,89.94727325439453,-108.0,NULL
7165,14,14,0,14,109,2016-12-26 13:00:00,89.94727325439453,-108.0,NULL
7166,14,14,0,14,110,2016-12-26 14:00:00,89.94727325439453,-108.0,NULL
7167,14,14,0,14,111,2016-12-26 15:00:00,89.94727325439453,-108.0,NULL
7168,14,14,0,14,112,2016-12-26 16:00:00,89.94727325439453,-108.0,NULL
7169,14,14,0,14,113,2016-12-26 17:00:00,89.94727325439453,-108.0,NULL
7170,14,14,0,14,114,2016-12-26 18:00:00,89.94727325439453,-108.0,NULL
7171,14,14,0,14,115,2016-12-26 19:00:00,89.94727325439453,-108.0,NULL
7172,14,14,0,14,116,2016-12-26 20:00:00,89.94727325439453,-108.0,NULL
7173,14,14,0,14,117,2016-12-26 21:00:00,89.94727325439453,-108.0,NULL
7174,14,14,0,14,118,2016-12-26 22:00:00,89.94727325439453,-108.0,NULL
7175,14,14,0,14,119,2016-12-26 23:00:00,89.94727325439453,-108.0,NULL
7176,14,14,0,14,120,2016-12-27 00:00:00,89.94727325439453,-108.0,NULL
7177,14,14,0,14,121,2016-12-27 01:00:00,89.94727325439453,-108.0,NULL
7178,14,14,0,14,122,2016-12-27 02:00:00,89.94727325439453,-108.0,NULL
7179,14,14,0,14,123,2016-12-27 03:00:00,89.94727325439453,-108.0,NULL
7180,14,14,0,14,124,2016-12-27 04:00:00,89.94727325439453,-108.0,NULL
7181,14,14,0,14,125,2016-12-27 05:00:00,89.94727325439453,-108.0,NULL
7182,14,14,0,14,126,2016-12-27 06:00:00,89.94727325439453,-108.0,NULL
7183,14,14,0,14,127,2016-12-27 07:00:00,89.94727325439453,-108.0,NULL
7184,14,14,0,14,128,2016-12-27 08:00:00,89.94727325439453,-108.0,NULL
7185,14,14,0,14,129,2016-12-27 09:00:00,89.94727325439453,-108.0,NULL
7186,14,14,0,14,130,2016-12-27 10:00:00,89.94727325439453,-108.0,NULL
7187,14,14,0,14,131,2016-12-27 11:00:00,89.94727325439453,-108.0,NULL
7188,14,14,0,14,132,2016-12-27 12:00:00,89.94727325439453,-108.0,NULL
7189,14,14,0,14,133,2016-12-27 13:00:00,89.94727325439453,-108.0,NULL
7190,14,14,0,14,134,2016-12-27 14:00:00,89.94727325439453,-108.0,NULL
7191,14,14,0,14,135,2016-12-27 15:00:00,89.94727325439453,-108.0,NULL
7192,14,14,0,14,136,2016-12-27 16:00:00,89.94727325439453,-108.0,NULL
7193,14,14,0,14,137,2016-12-27 17:00:00,89.94727325439453,-108.0,NULL
7194,14,14,0,14,138,2016-12-27 18:00:00,89.94727325439453,-108.0,NULL
7195,14,14,0,14,139,2016-12-27 19:00:00,89.94727325439453,-108.0,NULL
7196,14,14,0,14,140,2016-12-27 20:00:00,89.94727325439453,-108.0,NULL
7197,14,14,0,14,141,2016-12-27 21:00:00,89.94727325439453,-108.0,NULL
7198,14,14,0,14,142,2016-12-27 22:00:00,89.94727325439453,-108.0,NULL
7199,14,14,0,14,143,2016-12-27 23:00:00,89.94727325439453,-108.0,NULL
7200,14,14,0,14,144,2016-12-28 00:00:00,89.94727325439453,-108.0,NULL
7201,14,14,0,14,145,2016-12-28 01:00:00,89.94727325439453,-108.0,NULL
7202,14,14,0,14,146,2016-12-28 02:00:00,89.94727325439453,-108.0,NULL
7203,14,14,0,14,147,2016-12-28 03:00:00,89.94727325439453,-108.0,NULL
7204,14,14,0,14,148,2016-12-28 04:00:00,89.94727325439453,-108.0,NULL
7205,14,14,0,14,149,2016-12-28 05:00:00,89.94727325439453,-108.0,NULL
7206,14,14,0,14,150,2016-12-28 06:00:00,89.94727325439453,-108.0,NULL
7207,14,14,0,14,151,2016-12-28 07:00:00,89.94727325439453,-108.0,NULL
7208,14,14,0,14,152,2016-12-28 08:00:00,89.94727325439453,-108.0,NULL
7209,14,14,0,14,153,2016-12-28 09:00:00,89.94727325439453,-108.0,NULL
7210,14,14,0,14,154,2016-12-28 10:00:00,89.94727325439453,-108.0,NULL
7211,14,14,0,14,155,2016-12-28 11:00:00,89.94727325439453,-108.0,NULL
7212,14,14,0,14,156,2016-12-28 12:00:00,89.94727325439453,-108.0,NULL
7213,14,14,0,14,157,2016-12-28 13:00:00,89.94727325439453,-108.0,NULL
7214,14,14,0,14,158,2016-12-28 14:00:00,89.94727325439453,-108.0,NULL
7215,14,14,0,14,159,2016-12-28 15:00:00,89.94727325439453,-108.0,NULL
7216,14,14,0,14,160,2016-12-28 16:00:00,89.94727325439453,-108.0,NULL
7217,14,14,0,14,161,2016-12-28 17:00:00,89.94727325439453,-108.0,NULL
7218,14,14,0,14,162,2016-12-28 18:00:00,89.94727325439453,-108.0,NULL
7219,14,14,0,14,163,2016-12-28 19:00:00,89.94727325439453,-108.0,NULL
7220,14,14,0,14,164,2016-12-28 20:00:00,89.94727325439453,-108.0,NULL
7221,14,14,0,14,165,2016-12-28 21:00:00,89.94727325439453,-108.0,NULL
7222,14,14,0,14,166,2016-12-28 22:00:00,89.94727325439453,-108.0,NULL
7223,14,14,0,14,167,2016-12-28 23:00:00,89.94727325439453,-108.0,NULL
7224,14,14,0,14,168,2016-12-29 00:00:00,89.94727325439453,-108.0,NULL
7225,14,14,0,14,169,2016-12-29 01:00:00,89.94727325439453,-108.0,NULL
7226,14,14,0,14,170,2016-12-29 02:00:00,89.94727325439453,-108.0,NULL
7227,14,14,0,14,171,2016-12-29 03:00:00,89.94727325439453,-108.0,NULL
7228,14,14,0,14,172,2016-12-29 04:00:00,89.94727325439453,-108.0,NULL
7229,14,14,0,14,173,2016-12-29 05:00:00,89.94727325439453,-108.0,NULL
7230,14,14,0,14,174,2016-12-29 06:00:00,89.94727325439453,-108.0,NULL
7231,14,14,0,14,175,2016-12-29 07:00:00,89.94727325439453,-108.0,NULL
7232,14,14,0,14,176,2016-12-29 08:00:00,89.94727325439453,-108.0,NULL
7233,14,14,0,14,177,2016-12-29 09:00:00,89.94727325439453,-108.0,NULL
7234,14,14,0,14,178,2016-12-29 10:00:00,89.94727325439453,-108.0,NULL
7235,14,14,0,14,179,2016-12-29 11:00:00,89.94727325439453,-108.0,NULL
7236,14,14,0,14,180,2016-12-29 12:00:00,89.94727325439453,-108.0,NULL
7237,14,14,0,14,181,2016-12-29 13:00:00,89.94727325439453,-108.0,NULL
7238,14,14,0,14,182,2016-12-29 14:00:00,89.94727325439453,-108.0,NULL
7239,14,14,0,14,183,2016-12-29 15:00:00,89.94727325439453,-108.0,NULL
7240,14,14,0,14,184,2016-12-29 16:00:00,89.94727325439453,-108.0,NULL
7241,14,14,0,14,185,2016-12-29 17:00:00,89.94727325439453,-108.0,NULL
7242,14,14,0,14,186,2016-12-29 18:00:00,89.94727325439453,-108.0,NULL
7243,14,14,0,14,187,2016-12-29 19:00:00,89.94727325439453,-108.0,NULL
7244,14,14,0,14,188,2016-12-29 20:00:00,89.94727325439453,-108.0,NULL
7245,14,14,0,14,189,2016-12-29 21:00:00,89.94727325439453,-108.0,NULL
7246,14,14,0,14,190,2016-12-29 22:00:00,89.94727325439453,-108.0,NULL
7247,14,14,0,14,191,2016-12-29 23:00:00,89.94727325439453,-108.0,NULL
7248,14,14,0,14,192,2016-12-30 00:00:00,89.94727325439453,-108.0,NULL
7249,14,14,0,14,193,2016-12-30 01:00:00,89.94727325439453,-108.0,NULL
7250,14,14,0,14,194,2016-12-30 02:00:00,89.94727325439453,-108.0,NULL
7251,14,14,0,14,195,2016-12-30 03:00:00,89.94727325439453,-108.0,NULL
7252,14,14,0,14,196,2016-12-30 04:00:00,89.94727325439453,-108.0,NULL
7253,14,14,0,14,197,2016-12-30 05:00:00,89.94727325439453,-108.0,NULL
7254,14,14,0,14,198,2016-12-30 06:00:00,89.94727325439453,-108.0,NULL
7255,14,14,0,14,199,2016-12-30 07:00:00,89.94727325439453,-108.0,NULL
7256,14,14,0,14,200,2016-12-30 08:00:00,89.94727325439453,-108.0,NULL
7257,14,14,0,14,201,2016-12-30 09:00:00,89.94727325439453,-108.0,NULL
7258,14,14,0,14,202,2016-12-30 10:00:00,89.94727325439453,-108.0,NULL
7259,14,14,0,14,203,2016-12-30 11:00:00,89.94727325439453,-108.0,NULL
7260,14,14,0,14,204,2016-12-30 12:00:00,89.94727325439453,-108.0,NULL
7261,14,14,0,14,205,2016-12-30 13:00:00,89.94727325439453,-108.0,NULL
7262,14,14,0,14,206,2016-12-30 14:00:00,89.94727325439453,-108.0,NULL
7263,14,14,0,14,207,2016-12-30 15:00:00,89.94727325439453,-108.0,NULL
7264,14,14,0,14,208,2016-12-30 16:00:00,89.94727325439453,-108.0,NULL
7265,14,14,0,14,209,2016-12-30 17:00:00,89.94727325439453,-108.0,NULL
7266,14,14,0,14,210,2016-12-30 18:00:00,89.94727325439453,-108.0,NULL
7267,14,14,0,14,211,2016-12-30 19:00:00,89.94727325439453,-108.0,NULL
7268,14,14,0,14,212,2016-12-30 20:00:00,89.94727325439453,-108.0,NULL
7269,14,14,0,14,213,2016-12-30 21:00:00,89.94727325439453,-108.0,NULL
7270,14,14,0,14,214,2016-12-30 22:00:00,89.94727325439453,-108.0,NULL
7271,14,14,0,14,215,2016-12-30 23:00:00,89.94727325439453,-108.0,NULL
7272,14,14,0,14,216,2016-12-31 00:00:00,89.94727325439453,-108.0,NULL
7273,14,14,0,14,217,2016-12-31 01:00:00,89.94727325439453,-108.0,-21.1
7274,14,14,0,14,218,2016-12-31 02:00:00,89.94727325439453,-108.0,-20.95
7275,14,14,0,14,219,2016-12-31 03:00:00,89.94727325439453,-108.0,-20.75
7276,14,14,0,14,220,2016-12-31 04:00:00,89.94727325439453,-108.0,-20.5
7277,14,14,0,14,221,2016-12-31 05:00:00,89.94727325439453,-108.0,-20.25
7278,14,14,0,14,222,2016-12-31 06:00:00,89.94727325439453,-108.0,-20.05
7279,14,14,0,14,223,2016-12-31 07:00:00,89.94727325439453,-108.0,-19.7
7280,14,14,0,14,224,2016-12-31 08:00:00,89.94727325439453,-108.0,-19.45
7281,14,14,0,14,225,2016-12-31 09:00:00,89.94727325439453,-108.0,-19.1
7282,14,14,0,14,226,2016-12-31 10:00:00,89.94727325439453,-108.0,-18.8
7283,14,14,0,14,227,2016-12-31 11:00:00,89.94727325439453,-108.0,-18.7
7284,14,14,0,14,228,2016-12-31 12:00:00,89.94727325439453,-108.0,-18.7
7285,14,14,0,14,229,2016-12-31 13:00:00,89.94727325439453,-108.0,-19.8
7286,14,14,0,14,230,2016-12-31 14:00:00,89.94727325439453,-108.0,-19.6
7287,14,14,0,14,231,2016-12-31 15:00:00,89.94727325439453,-108.0,-19.45
7288,14,14,0,14,232,2016-12-31 16:00:00,89.94727325439453,-108.0,-19.45
7289,14,14,0,14,233,2016-12-31 17:00:00,89.94727325439453,-108.0,-19.4
7290,14,14,0,14,234,2016-12-31 18:00:00,89.94727325439453,-108.0,-19.45
7291,14,14,0,14,235,2016-12-31 19:00:00,89.94727325439453,-108.0,-19.55
7292,14,14,0,14,236,2016-12-31 20:00:00,89.94727325439453,-108.0,-19.55
7293,14,14,0,14,237,2016-12-31 21:00:00,89.94727325439453,-108.0,-19.45
7294,14,14,0,14,238,2016-12-31 22:00:00,89.94727325439453,-108.0,-19.3
7295,14,14,0,14,239,2016-12-31 23:00:00,89.94727325439453,-108.0,-19.05
7296,14,14,0,14,240,2017-01-01 00:00:00,89.94727325439453,-108.0,-18.65
7297,14,14,0,14,241,2017-01-01 01:00:00,89.94727325439453,-108.0,-18.2
7298,14,14,0,14,242,2017-01-01 02:00:00,89.94727325439453,-108.0,-18.1
7299,14,14,0,14,243,2017-01-01 03:00:00,89.94727325439453,-108.0,-17.7
7300,14,14,0,14,244,2017-01-01 04:00:00,89.94727325439453,-108.0,-17.5
7301,14,14,0,14,245,2017-01-01 05:00:00,89.94727325439453,-108.0,-17.55
7302,14,14,0,14,246,2017-01-01 06:00:00,89.94727325439453,-108.0,-17.75
7303,14,14,0,14,247,2017-01-01 07:00:00,89.94727325439453,-108.0,-18.35
7304,14,14,0,14,248,2017-01-01 08:00:00,89.94727325439453,-108.0,-18.55
7305,14,14,0,14,249,2017-01-01 09:00:00,89.94727325439453,-108.0,-18.75
7306,14,14,0,14,250,2017-01-01 10:00:00,89.94727325439453,-108.0,-18.9
7307,14,14,0,14,251,2017-01-01 11:00:00,89.94727325439453,-108.0,-19.05
7308,14,14,0,14,252,2017-01-01 12:00:00,89.94727325439453,-108.0,-19.15
7309,14,14,0,14,253,2017-01-01 13:00:00,89.94727325439453,-108.0,-20.5
7310,14,14,0,14,254,2017-01-01 14:00:00,89.94727325439453,-108.0,-20.85
7311,14,14,0,14,255,2017-01-01 15:00:00,89.94727325439453,-108.0,-21.25
7312,14,14,0,14,256,2017-01-01 16:00:00,89.94727325439453,-108.0,-21.55
7313,14,14,0,14,257,2017-01-01 17:00:00,89.94727325439453,-108.0,-21.85
7314,14,14,0,14,258,2017-01-01 18:00:00,89.94727325439453,-108.0,-22.0
7315,14,14,0,14,259,2017-01-01 19:00:00,89.94727325439453,-108.0,-21.95
7316,14,14,0,14,260,2017-01-01 20:00:00,89.94727325439453,-108.0,-21.45
7317,14,14,0,14,261,2017-01-01 21:00:00,89.94727325439453,-108.0,-20.8
7318,14,14,0,14,262,2017-01-01 22:00:00,89.94727325439453,-108.0,-19.95
7319,14,14,0,14,263,2017-01-01 23:00:00,89.94727325439453,-108.0,-19.55
7320,14,14,0,14,264,2017-01-02 00:00:00,89.94727325439453,-108.0,-19.6
7321,14,14,0,14,265,2017-01-02 01:00:00,89.94727325439453,-108.0,NULL
7322,14,14,0,14,266,2017-01-02 02:00:00,89.94727325439453,-108.0,NULL
7323,14,14,0,14,267,2017-01-02 03:00:00,89.94727325439453,-108.0,NULL
7324,14,14,0,14,268,2017-01-02 04:00:00,89.94727325439453,-108.0,NULL
7325,14,14,0,14,269,2017-01-02 05:00:00,89.94727325439453,-108.0,NULL
7326,14,14,0,14,270,2017-01-02 06:00:00,89.94727325439453,-108.0,NULL
7327,14,14,0,14,271,2017-01-02 07:00:00,89.94727325439453,-108.0,NULL
7328,14,14,0,14,272,2017-01-02 08:00:00,89.94727325439453,-108.0,NULL
7329,14,14,0,14,273,2017-01-02 09:00:00,89.94727325439453,-108.0,NULL
7330,14,14,0,14,274,2017-01-02 10:00:00,89.94727325439453,-108.0,NULL
7331,14,14,0,14,275,2017-01-02 11:00:00,89.94727325439453,-108.0,NULL
7332,14,14,0,14,276,2017-01-02 12:00:00,89.94727325439453,-108.0,NULL
7333,14,14,0,14,277,2017-01-02 13:00:00,89.94727325439453,-108.0,NULL
7334,14,14,0,14,278,2017-01-02 14:00:00,89.94727325439453,-108.0,NULL
7335,14,14,0,14,279,2017-01-02 15:00:00,89.94727325439453,-108.0,NULL
7336,14,14,0,14,280,2017-01-02 16:00:00,89.94727325439453,-108.0,NULL
7337,14,14,0,14,281,2017-01-02 17:00:00,89.94727325439453,-108.0,NULL
7338,14,14,0,14,282,2017-01-02 18:00:00,89.94727325439453,-108.0,NULL
7339,14,14,0,14,283,2017-01-02 19:00:00,89.94727325439453,-108.0,NULL
7340,14,14,0,14,284,2017-01-02 20:00:00,89.94727325439453,-108.0,NULL
7341,14,14,0,14,285,2017-01-02 21:00:00,89.94727325439453,-108.0,NULL
7342,14,14,0,14,286,2017-01-02 22:00:00,89.94727325439453,-108.0,NULL
7343,14,14,0,14,287,2017-01-02 23:00:00,89.94727325439453,-108.0,NULL
7344,14,14,0,14,288,2017-01-03 00:00:00,89.94727325439453,-108.0,NULL
7345,14,14,0,14,289,2017-01-03 01:00:00,89.94727325439453,-108.0,NULL
7346,14,14,0,14,290,2017-01-03 02:00:00,89.94727325439453,-108.0,NULL
7347,14,14,0,14,291,2017-01-03 03:00:00,89.94727325439453,-108.0,NULL
7348,14,14,0,14,292,2017-01-03 04:00:00,89.94727325439453,-108.0,NULL
7349,14,14,0,14,293,2017-01-03 05:00:00,89.94727325439453,-108.0,NULL
7350,14,14,0,14,294,2017-01-03 06:00:00,89.94727325439453,-108.0,NULL
7351,14,14,0,14,295,2017-01-03 07:00:00,89.94727325439453,-108.0,NULL
7352,14,14,0,14,296,2017-01-03 08:00:00,89.94727325439453,-108.0,NULL
7353,14,14,0,14,297,2017-01-03 09:00:00,89.94727325439453,-108.0,NULL
7354,14,14,0,14,298,2017-01-03 10:00:00,89.94727325439453,-108.0,NULL
7355,14,14,0,14,299,2017-01-03 11:00:00,89.94727325439453,-108.0,NULL
7356,14,14,0,14,300,2017-01-03 12:00:00,89.94727325439453,-108.0,NULL
7357,14,14,0,14,301,2017-01-03 13:00:00,89.94727325439453,-108.0,NULL
7358,14,14,0,14,302,2017-01-03 14:00:00,89.94727325439453,-108.0,NULL
7359,14,14,0,14,303,2017-01-03 15:00:00,89.94727325439453,-108.0,NULL
7360,14,14,0,14,304,2017-01-03 16:00:00,89.94727325439453,-108.0,NULL
7361,14,14,0,14,305,2017-01-03 17:00:00,89.94727325439453,-108.0,NULL
7362,14,14,0,14,306,2017-01-03 18:00:00,89.94727325439453,-108.0,NULL
7363,14,14,0,14,307,2017-01-03 19:00:00,89.94727325439453,-108.0,NULL
7364,14,14,0,14,308,2017-01-03 20:00:00,89.94727325439453,-108.0,NULL
7365,14,14,0,14,309,2017-01-03 21:00:00,89.94727325439453,-108.0,NULL
7366,14,14,0,14,310,2017-01-03 22:00:00,89.94727325439453,-108.0,NULL
7367,14,14,0,14,311,2017-01-03 23:00:00,89.94727325439453,-108.0,NULL
7368,14,14,0,14,312,2017-01-04 00:00:00,89.94727325439453,-108.0,NULL
7369,14,14,0,14,313,2017-01-04 01:00:00,89.94727325439453,-108.0,NULL
7370,14,14,0,14,314,2017-01-04 02:00:00,89.94727325439453,-108.0,NULL
7371,14,14,0,14,315,2017-01-04 03:00:00,89.94727325439453,-108.0,NULL
7372,14,14,0,14,316,2017-01-04 04:00:00,89.94727325439453,-108.0,NULL
7373,14,14,0,14,317,2017-01-04 05:00:00,89.94727325439453,-108.0,NULL
7374,14,14,0,14,318,2017-01-04 06:00:00,89.94727325439453,-108.0,NULL
7375,14,14,0,14,319,2017-01-04 07:00:00,89.94727325439453,-108.0,NULL
7376,14,14,0,14,320,2017-01-04 08:00:00,89.94727325439453,-108.0,NULL
7377,14,14,0,14,321,2017-01-04 09:00:00,89.94727325439453,-108.0,NULL
7378,14,14,0,14,322,2017-01-04 10:00:00,89.94727325439453,-108.0,NULL
7379,14,14,0,14,323,2017-01-04 11:00:00,89.94727325439453,-108.0,NULL
7380,14,14,0,14,324,2017-01-04 12:00:00,89.94727325439453,-108.0,NULL
7381,14,14,0,14,325,2017-01-04 13:00:00,89.94727325439453,-108.0,NULL
7382,14,14,0,14,326,2017-01-04 14:00:00,89.94727325439453,-108.0,NULL
7383,14,14,0,14,327,2017-01-04 15:00:00,89.94727325439453,-108.0,NULL
7384,14,14,0,14,328,2017-01-04 16:00:00,89.94727325439453,-108.0,NULL
7385,14,14,0,14,329,2017-01-04 17:00:00,89.94727325439453,-108.0,NULL
7386,14,14,0,14,330,2017-01-04 18:00:00,89.94727325439453,-108.0,NULL
7387,14,14,0,14,331,2017-01-04 19:00:00,89.94727325439453,-108.0,NULL
7388,14,14,0,14,332,2017-01-04 20:00:00,89.94727325439453,-108.0,NULL
7389,14,14,0,14,333,2017-01-04 21:00:00,89.94727325439453,-108.0,NULL
7390,14,14,0,14,334,2017-01-04 22:00:00,89.94727325439453,-108.0,NULL
7391,14,14,0,14,335,2017-01-04 23:00:00,89.94727325439453,-108.0,NULL
7392,14,14,0,14,336,2017-01-05 00:00:00,89.94727325439453,-108.0,NULL
7393,14,14,0,14,337,2017-01-05 01:00:00,89.94727325439453,-108.0,NULL
7394,14,14,0,14,338,2017-01-05 02:00:00,89.94727325439453,-108.0,NULL
7395,14,14,0,14,339,2017-01-05 03:00:00,89.94727325439453,-108.0,NULL
7396,14,14,0,14,340,2017-01-05 04:00:00,89.94727325439453,-108.0,NULL
7397,14,14,0,14,341,2017-01-05 05:00:00,89.94727325439453,-108.0,NULL
7398,14,14,0,14,342,2017-01-05 06:00:00,89.94727325439453,-108.0,NULL
7399,14,14,0,14,343,2017-01-05 07:00:00,89.94727325439453,-108.0,NULL
7400,14,14,0,14,344,2017-01-05 08:00:00,89.94727325439453,-108.0,NULL
7401,14,14,0,14,345,2017-01-05 09:00:00,89.94727325439453,-108.0,NULL
7402,14,14,0,14,346,2017-01-05 10:00:00,89.94727325439453,-108.0,NULL
7403,14,14,0,14,347,2017-01-05 11:00:00,89.94727325439453,-108.0,NULL
7404,14,14,0,14,348,2017-01-05 12:00:00,89.94727325439453,-108.0,NULL
7405,14,14,0,14,349,2017-01-05 13:00:00,89.94727325439453,-108.0,NULL
7406,14,14,0,14,350,2017-01-05 14:00:00,89.94727325439453,-108.0,NULL
7407,14,14,0,14,351,2017-01-05 15:00:00,89.94727325439453,-108.0,NULL
7408,14,14,0,14,352,2017-01-05 16:00:00,89.94727325439453,-108.0,NULL
7409,14,14,0,14,353,2017-01-05 17:00:00,89.94727325439453,-108.0,NULL
7410,14,14,0,14,354,2017-01-05 18:00:00,89.94727325439453,-108.0,NULL
7411,14,14,0,14,355,2017-01-05 19:00:00,89.94727325439453,-108.0,NULL
7412,14,14,0,14,356,2017-01-05 20:00:00,89.94727325439453,-108.0,NULL
7413,14,14,0,14,357,2017-01-05 21:00:00,89.94727325439453,-108.0,NULL
7414,14,14,0,14,358,2017-01-05 22:00:00,89.94727325439453,-108.0,NULL
7415,14,14,0,14,359,2017-01-05 23:00:00,89.94727325439453,-108.0,NULL
7416,14,14,0,14,360,2017-01-06 00:00:00,89.94727325439453,-108.0,NULL
7417,14,14,0,14,361,2017-01-06 01:00:00,89.94727325439453,-108.0,NULL
7418,14,14,0,14,362,2017-01-06 02:00:00,89.94727325439453,-108.0,NULL
7419,14,14,0,14,363,2017-01-06 03:00:00,89.94727325439453,-108.0,NULL
7420,14,14,0,14,364,2017-01-06 04:00:00,89.94727325439453,-108.0,NULL
7421,14,14,0,14,365,2017-01-06 05:00:00,89.94727325439453,-108.0,NULL
7422,14,14,0,14,366,2017-01-06 06:00:00,89.94727325439453,-108.0,NULL
7423,14,14,0,14,367,2017-01-06 07:00:00,89.94727325439453,-108.0,NULL
7424,14,14,0,14,368,2017-01-06 08:00:00,89.94727325439453,-108.0,NULL
7425,14,14,0,14,369,2017-01-06 09:00:00,89.94727325439453,-108.0,NULL
7426,14,14,0,14,370,2017-01-06 10:00:00,89.94727325439453,-108.0,NULL
7427,14,14,0,14,371,2017-01-06 11:00:00,89.94727325439453,-108.0,NULL
7428,14,14,0,14,372,2017-01-06 12:00:00,89.94727325439453,-108.0,NULL
7429,14,14,0,14,373,2017-01-06 13:00:00,89.94727325439453,-108.0,NULL
7430,14,14,0,14,374,2017-01-06 14:00:00,89.94727325439453,-108.0,NULL
7431,14,14,0,14,375,2017-01-06 15:00:00,89.94727325439453,-108.0,NULL
7432,14,14,0,14,376,2017-01-06 16:00:00,89.94727325439453,-108.0,NULL
7433,14,14,0,14,377,2017-01-06 17:00:00,89.94727325439453,-108.0,NULL
7434,14,14,0,14,378,2017-01-06 18:00:00,89.94727325439453,-108.0,NULL
7435,14,14,0,14,379,2017-01-06 19:00:00,89.94727325439453,-108.0,NULL
7436,14,14,0,14,380,2017-01-06 20:00:00,89.94727325439453,-108.0,NULL
7437,14,14,0,14,381,2017-01-06 21:00:00,89.94727325439453,-108.0,NULL
7438,14,14,0,14,382,2017-01-06 22:00:00,89.94727325439453,-108.0,NULL
7439,14,14,0,14,383,2017-01-06 23:00:00,89.94727325439453,-108.0,NULL
7440,14,14,0,14,384,2017-01-07 00:00:00,89.94727325439453,-108.0,NULL
7441,14,14,0,14,385,2017-01-07 01:00:00,89.94727325439453,-108.0,NULL
7442,14,14,0,14,386,2017-01-07 02:00:00,89.94727325439453,-108.0,NULL
7443,14,14,0,14,387,2017-01-07 03:00:00,89.94727325439453,-108.0,NULL
7444,14,14,0,14,388,2017-01-07 04:00:00,89.94727325439453,-108.0,NULL
7445,14,14,0,14,389,2017-01-07 05:00:00,89.94727325439453,-108.0,NULL
7446,14,14,0,14,390,2017-01-07 06:00:00,89.94727325439453,-108.0,NULL
7447,14,14,0,14,391,2017-01-07 07:00:00,89.94727325439453,-108.0,NULL
7448,14,14,0,14,392,2017-01-07 08:00:00,89.94727325439453,-108.0,NULL
7449,14,14,0,14,393,2017-01-07 09:00:00,89.94727325439453,-108.0,NULL
7450,14,14,0,14,394,2017-01-07 10:00:00,89.94727325439453,-108.0,NULL
7451,14,14,0,14,395,2017-01-07 11:00:00,89.94727325439453,-108.0,NULL
7452,14,14,0,14,396,2017-01-07 12:00:00,89.94727325439453,-108.0,NULL
7453,14,14,0,14,397,2017-01-07 13:00:00,89.94727325439453,-108.0,NULL
7454,14,14,0,14,398,2017-01-07 14:00:00,89.94727325439453,-108.0,NULL
7455,14,14,0,14,399,2017-01-07 15:00:00,89.94727325439453,-108.0,NULL
7456,14,14,0,14,400,2017-01-07 16:00:00,89.94727325439453,-108.0,NULL
7457,14,14,0,14,401,2017-01-07 17:00:00,89.94727325439453,-108.0,NULL
7458,14,14,0,14,402,2017-01-07 18:00:00,89.94727325439453,-108.0,NULL
7459,14,14,0,14,403,2017-01-07 19:00:00,89.94727325439453,-108.0,NULL
7460,14,14,0,14,404,2017-01-07 20:00:00,89.94727325439453,-108.0,NULL
7461,14,14,0,14,405,2017-01-07 21:00:00,89.94727325439453,-108.0,NULL
7462,14,14,0,14,406,2017-01-07 22:00:00,89.94727325439453,-108.0,NULL
7463,14,14,0,14,407,2017-01-07 23:00:00,89.94727325439453,-108.0,NULL
7464,14,14,0,14,408,2017-01-08 00:00:00,89.94727325439453,-108.0,NULL
7465,14,14,0,14,409,2017-01-08 01:00:00,89.94727325439453,-108.0,NULL
7466,14,14,0,14,410,2017-01-08 02:00:00,89.94727325439453,-108.0,NULL
7467,14,14,0,14,411,2017-01-08 03:00:00,89.94727325439453,-108.0,NULL
7468,14,14,0,14,412,2017-01-08 04:00:00,89.94727325439453,-108.0,NULL
7469,14,14,0,14,413,2017-01-08 05:00:00,89.94727325439453,-108.0,NULL
7470,14,14,0,14,414,2017-01-08 06:00:00,89.94727325439453,-108.0,NULL
7471,14,14,0,14,415,2017-01-08 07:00:00,89.94727325439453,-108.0,NULL
7472,14,14,0,14,416,2017-01-08 08:00:00,89.94727325439453,-108.0,NULL
7473,14,14,0,14,417,2017-01-08 09:00:00,89.94727325439453,-108.0,NULL
7474,14,14,0,14,418,2017-01-08 10:00:00,89.94727325439453,-108.0,NULL
7475,14,14,0,14,419,2017-01-08 11:00:00,89.94727325439453,-108.0,NULL
7476,14,14,0,14,420,2017-01-08 12:00:00,89.94727325439453,-108.0,NULL
7477,14,14,0,14,421,2017-01-08 13:00:00,89.94727325439453,-108.0,NULL
7478,14,14,0,14,422,2017-01-08 14:00:00,89.94727325439453,-108.0,NULL
7479,14,14,0,14,423,2017-01-08 15:00:00,89.94727325439453,-108.0,NULL
7480,14,14,0,14,424,2017-01-08 16:00:00,89.94727325439453,-108.0,NULL
7481,14,14,0,14,425,2017-01-08 17:00:00,89.94727325439453,-108.0,NULL
7482,14,14,0,14,426,2017-01-08 18:00:00,89.94727325439453,-108.0,NULL
7483,14,14,0,14,427,2017-01-08 19:00:00,89.94727325439453,-108.0,NULL
7484,14,14,0,14,428,2017-01-08 20:00:00,89.94727325439453,-108.0,NULL
7485,14,14,0,14,429,2017-01-08 21:00:00,89.94727325439453,-108.0,NULL
7486,14,14,0,14,430,2017-01-08 22:00:00,89.94727325439453,-108.0,NULL
7487,14,14,0,14,431,2017-01-08 23:00:00,89.94727325439453,-108.0,NULL
7488,14,14,0,14,432,2017-01-09 00:00:00,89.94727325439453,-108.0,NULL
7489,14,14,0,14,433,2017-01-09 01:00:00,89.94727325439453,-108.0,NULL
7490,14,14,0,14,434,2017-01-09 02:00:00,89.94727325439453,-108.0,NULL
7491,14,14,0,14,435,2017-01-09 03:00:00,89.94727325439453,-108.0,NULL
7492,14,14,0,14,436,2017-01-09 04:00:00,89.94727325439453,-108.0,NULL
7493,14,14,0,14,437,2017-01-09 05:00:00,89.94727325439453,-108.0,NULL
7494,14,14,0,14,438,2017-01-09 06:00:00,89.94727325439453,-108.0,NULL
7495,14,14,0,14,439,2017-01-09 07:00:00,89.94727325439453,-108.0,NULL
7496,14,14,0,14,440,2017-01-09 08:00:00,89.94727325439453,-108.0,NULL
7497,14,14,0,14,441,2017-01-09 09:00:00,89.94727325439453,-108.0,NULL
7498,14,14,0,14,442,2017-01-09 10:00:00,89.94727325439453,-108.0,NULL
7499,14,14,0,14,443,2017-01-09 11:00:00,89.94727325439453,-108.0,NULL
7500,14,14,0,14,444,2017-01-09 12:00:00,89.94727325439453,-108.0,NULL
7501,14,14,0,14,445,2017-01-09 13:00:00,89.94727325439453,-108.0,NULL
7502,14,14,0,14,446,2017-01-09 14:00:00,89.94727325439453,-108.0,NULL
7503,14,14,0,14,447,2017-01-09 15:00:00,89.94727325439453,-108.0,NULL
7504,14,14,0,14,448,2017-01-09 16:00:00,89.94727325439453,-108.0,NULL
7505,14,14,0,14,449,2017-01-09 17:00:00,89.94727325439453,-108.0,NULL
7506,14,14,0,14,450,2017-01-09 18:00:00,89.94727325439453,-108.0,NULL
7507,14,14,0,14,451,2017-01-09 19:00:00,89.94727325439453,-108.0,NULL
7508,14,14,0,14,452,2017-01-09 20:00:00,89.94727325439453,-108.0,NULL
7509,14,14,0,14,453,2017-01-09 21:00:00,89.94727325439453,-108.0,NULL
7510,14,14,0,14,454,2017-01-09 22:00:00,89.94727325439453,-108.0,NULL
7511,14,14,0,14,455,2017-01-09 23:00:00,89.94727325439453,-108.0,NULL
7512,14,14,0,14,456,2017-01-10 00:00:00,89.94727325439453,-108.0,NULL
7513,14,14,0,14,457,2017-01-10 01:00:00,89.94727325439453,-108.0,NULL
7514,14,14,0,14,458,2017-01-10 02:00:00,89.94727325439453,-108.0,NULL
7515,14,14,0,14,459,2017-01-10 03:00:00,89.94727325439453,-108.0,NULL
7516,14,14,0,14,460,2017-01-10 04:00:00,89.94727325439453,-108.0,NULL
7517,14,14,0,14,461,2017-01-10 05:00:00,89.94727325439453,-108.0,NULL
7518,14,14,0,14,462,2017-01-10 06:00:00,89.94727325439453,-108.0,NULL
7519,14,14,0,14,463,2017-01-10 07:00:00,89.94727325439453,-108.0,NULL
7520,14,14,0,14,464,2017-01-10 08:00:00,89.94727325439453,-108.0,NULL
7521,14,14,0,14,465,2017-01-10 09:00:00,89.94727325439453,-108.0,NULL
7522,14,14,0,14,466,2017-01-10 10:00:00,89.94727325439453,-108.0,NULL
7523,14,14,0,14,467,2017-01-10 11:00:00,89.94727325439453,-108.0,NULL
7524,14,14,0,14,468,2017-01-10 12:00:00,89.94727325439453,-108.0,NULL
7525,14,14,0,14,469,2017-01-10 13:00:00,89.94727325439453,-108.0,NULL
7526,14,14,0,14,470,2017-01-10 14:00:00,89.94727325439453,-108.0,NULL
7527,14,14,0,14,471,2017-01-10 15:00:00,89.94727325439453,-108.0,NULL
7528,14,14,0,14,472,2017-01-10 16:00:00,89.94727325439453,-108.0,NULL
7529,14,14,0,14,473,2017-01-10 17:00:00,89.94727325439453,-108.0,NULL
7530,14,14,0,14,474,2017-01-10 18:00:00,89.94727325439453,-108.0,NULL
7531,14,14,0,14,475,2017-01-10 19:00:00,89.94727325439453,-108.0,NULL
7532,14,14,0,14,476,2017-01-10 20:00:00,89.94727325439453,-108.0,NULL
7533,14,14,0,14,477,2017-01-10 21:00:00,89.94727325439453,-108.0,NULL
7534,14,14,0,14,478,2017-01-10 22:00:00,89.94727325439453,-108.0,NULL
7535,14,14,0,14,479,2017-01-10 23:00:00,89.94727325439453,-108.0,NULL
7536,14,14,0,14,480,2017-01-11 00:00:00,89.94727325439453,-108.0,NULL
7537,14,14,0,14,481,2017-01-11 01:00:00,89.94727325439453,-108.0,NULL
7538,14,14,0,14,482,2017-01-11 02:00:00,89.94727325439453,-108.0,NULL
7539,14,14,0,14,483,2017-01-11 03:00:00,89.94727325439453,-108.0,NULL
7540,14,14,0,14,484,2017-01-11 04:00:00,89.94727325439453,-108.0,NULL
7541,14,14,0,14,485,2017-01-11 05:00:00,89.94727325439453,-108.0,NULL
7542,14,14,0,14,486,2017-01-11 06:00:00,89.94727325439453,-108.0,NULL
7543,14,14,0,14,487,2017-01-11 07:00:00,89.94727325439453,-108.0,NULL
7544,14,14,0,14,488,2017-01-11 08:00:00,89.94727325439453,-108.0,NULL
7545,14,14,0,14,489,2017-01-11 09:00:00,89.94727325439453,-108.0,NULL
7546,14,14,0,14,490,2017-01-11 10:00:00,89.94727325439453,-108.0,NULL
7547,14,14,0,14,491,2017-01-11 11:00:00,89.94727325439453,-108.0,NULL
7548,14,14,0,14,492,2017-01-11 12:00:00,89.94727325439453,-108.0,NULL
7549,14,14,0,14,493,2017-01-11 13:00:00,89.94727325439453,-108.0,NULL
7550,14,14,0,14,494,2017-01-11 14:00:00,89.94727325439453,-108.0,NULL
7551,14,14,0,14,495,2017-01-11 15:00:00,89.94727325439453,-108.0,NULL
7552,14,14,0,14,496,2017-01-11 16:00:00,89.94727325439453,-108.0,NULL
7553,14,14,0,14,497,2017-01-11 17:00:00,89.94727325439453,-108.0,NULL
7554,14,14,0,14,498,2017-01-11 18:00:00,89.94727325439453,-108.0,NULL
7555,14,14,0,14,499,2017-01-11 19:00:00,89.94727325439453,-108.0,NULL
7556,14,14,0,14,500,2017-01-11 20:00:00,89.94727325439453,-108.0,NULL
7557,14,14,0,14,501,2017-01-11 21:00:00,89.94727325439453,-108.0,NULL
7558,14,14,0,14,502,2017-01-11 22:00:00,89.94727325439453,-108.0,NULL
7559,14,14,0,14,503,2017-01-11 23:00:00,89.94727325439453,-108.0,NULL
7560,15,15,0,15,0,2016-12-22 00:00:00,89.94727325439453,-90.0,NULL
7561,15,15,0,15,1,2016-12-22 01:00:00,89.94727325439453,-90.0,NULL
7562,15,15,0,15,2,2016-12-22 02:00:00,89.94727325439453,-90.0,NULL
7563,15,15,0,15,3,2016-12-22 03:00:00,89.94727325439453,-90.0,NULL
7564,15,15,0,15,4,2016-12-22 04:00:00,89.94727325439453,-90.0,NULL
7565,15,15,0,15,5,2016-12-22 05:00:00,89.94727325439453,-90.0,NULL
7566,15,15,0,15,6,2016-12-22 06:00:00,89.94727325439453,-90.0,NULL
7567,15,15,0,15,7,2016-12-22 07:00:00,89.94727325439453,-90.0,NULL
7568,15,15,0,15,8,2016-12-22 08:00:00,89.94727325439453,-90.0,NULL
7569,15,15,0,15,9,2016-12-22 09:00:00,89.94727325439453,-90.0,NULL
7570,15,15,0,15,10,2016-12-22 10:00:00,89.94727325439453,-90.0,NULL
7571,15,15,0,15,11,2016-12-22 11:00:00,89.94727325439453,-90.0,NULL
7572,15,15,0,15,12,2016-12-22 12:00:00,89.94727325439453,-90.0,NULL
7573,15,15,0,15,13,2016-12-22 13:00:00,89.94727325439453,-90.0,NULL
7574,15,15,0,15,14,2016-12-22 14:00:00,89.94727325439453,-90.0,NULL
7575,15,15,0,15,15,2016-12-22 15:00:00,89.94727325439453,-90.0,NULL
7576,15,15,0,15,16,2016-12-22 16:00:00,89.94727325439453,-90.0,NULL
7577,15,15,0,15,17,2016-12-22 17:00:00,89.94727325439453,-90.0,NULL
7578,15,15,0,15,18,2016-12-22 18:00:00,89.94727325439453,-90.0,NULL
7579,15,15,0,15,19,2016-12-22 19:00:00,89.94727325439453,-90.0,NULL
7580,15,15,0,15,20,2016-12-22 20:00:00,89.94727325439453,-90.0,NULL
7581,15,15,0,15,21,2016-12-22 21:00:00,89.94727325439453,-90.0,NULL
7582,15,15,0,15,22,2016-12-22 22:00:00,89.94727325439453,-90.0,NULL
7583,15,15,0,15,23,2016-12-22 23:00:00,89.94727325439453,-90.0,NULL
7584,15,15,0,15,24,2016-12-23 00:00:00,89.94727325439453,-90.0,NULL
7585,15,15,0,15,25,2016-12-23 01:00:00,89.94727325439453,-90.0,NULL
7586,15,15,0,15,26,2016-12-23 02:00:00,89.94727325439453,-90.0,NULL
7587,15,15,0,15,27,2016-12-23 03:00:00,89.94727325439453,-90.0,NULL
7588,15,15,0,15,28,2016-12-23 04:00:00,89.94727325439453,-90.0,NULL
7589,15,15,0,15,29,2016-12-23 05:00:00,89.94727325439453,-90.0,NULL
7590,15,15,0,15,30,2016-12-23 06:00:00,89.94727325439453,-90.0,NULL
7591,15,15,0,15,31,2016-12-23 07:00:00,89.94727325439453,-90.0,NULL
7592,15,15,0,15,32,2016-12-23 08:00:00,89.94727325439453,-90.0,NULL
7593,15,15,0,15,33,2016-12-23 09:00:00,89.94727325439453,-90.0,NULL
7594,15,15,0,15,34,2016-12-23 10:00:00,89.94727325439453,-90.0,NULL
7595,15,15,0,15,35,2016-12-23 11:00:00,89.94727325439453,-90.0,NULL
7596,15,15,0,15,36,2016-12-23 12:00:00,89.94727325439453,-90.0,NULL
7597,15,15,0,15,37,2016-12-23 13:00:00,89.94727325439453,-90.0,NULL
7598,15,15,0,15,38,2016-12-23 14:00:00,89.94727325439453,-90.0,NULL
7599,15,15,0,15,39,2016-12-23 15:00:00,89.94727325439453,-90.0,NULL
7600,15,15,0,15,40,2016-12-23 16:00:00,89.94727325439453,-90.0,NULL
7601,15,15,0,15,41,2016-12-23 17:00:00,89.94727325439453,-90.0,NULL
7602,15,15,0,15,42,2016-12-23 18:00:00,89.94727325439453,-90.0,NULL
7603,15,15,0,15,43,2016-12-23 19:00:00,89.94727325439453,-90.0,NULL
7604,15,15,0,15,44,2016-12-23 20:00:00,89.94727325439453,-90.0,NULL
7605,15,15,0,15,45,2016-12-23 21:00:00,89.94727325439453,-90.0,NULL
7606,15,15,0,15,46,2016-12-23 22:00:00,89.94727325439453,-90.0,NULL
7607,15,15,0,15,47,2016-12-23 23:00:00,89.94727325439453,-90.0,NULL
7608,15,15,0,15,48,2016-12-24 00:00:00,89.94727325439453,-90.0,NULL
7609,15,15,0,15,49,2016-12-24 01:00:00,89.94727325439453,-90.0,NULL
7610,15,15,0,15,50,2016-12-24 02:00:00,89.94727325439453,-90.0,NULL
7611,15,15,0,15,51,2016-12-24 03:00:00,89.94727325439453,-90.0,NULL
7612,15,15,0,15,52,2016-12-24 04:00:00,89.94727325439453,-90.0,NULL
7613,15,15,0,15,53,2016-12-24 05:00:00,89.94727325439453,-90.0,NULL
7614,15,15,0,15,54,2016-12-24 06:00:00,89.94727325439453,-90.0,NULL
7615,15,15,0,15,55,2016-12-24 07:00:00,89.94727325439453,-90.0,NULL
7616,15,15,0,15,56,2016-12-24 08:00:00,89.94727325439453,-90.0,NULL
7617,15,15,0,15,57,2016-12-24 09:00:00,89.94727325439453,-90.0,NULL
7618,15,15,0,15,58,2016-12-24 10:00:00,89.94727325439453,-90.0,NULL
7619,15,15,0,15,59,2016-12-24 11:00:00,89.94727325439453,-90.0,NULL
7620,15,15,0,15,60,2016-12-24 12:00:00,89.94727325439453,-90.0,NULL
7621,15,15,0,15,61,2016-12-24 13:00:00,89.94727325439453,-90.0,NULL
7622,15,15,0,15,62,2016-12-24 14:00:00,89.94727325439453,-90.0,NULL
7623,15,15,0,15,63,2016-12-24 15:00:00,89.94727325439453,-90.0,NULL
7624,15,15,0,15,64,2016-12-24 16:00:00,89.94727325439453,-90.0,NULL
7625,15,15,0,15,65,2016-12-24 17:00:00,89.94727325439453,-90.0,NULL
7626,15,15,0,15,66,2016-12-24 18:00:00,89.94727325439453,-90.0,NULL
7627,15,15,0,15,67,2016-12-24 19:00:00,89.94727325439453,-90.0,NULL
7628,15,15,0,15,68,2016-12-24 20:00:00,89.94727325439453,-90.0,NULL
7629,15,15,0,15,69,2016-12-24 21:00:00,89.94727325439453,-90.0,NULL
7630,15,15,0,15,70,2016-12-24 22:00:00,89.94727325439453,-90.0,NULL
7631,15,15,0,15,71,2016-12-24 23:00:00,89.94727325439453,-90.0,NULL
7632,15,15,0,15,72,2016-12-25 00:00:00,89.94727325439453,-90.0,NULL
7633,15,15,0,15,73,2016-12-25 01:00:00,89.94727325439453,-90.0,NULL
7634,15,15,0,15,74,2016-12-25 02:00:00,89.94727325439453,-90.0,NULL
7635,15,15,0,15,75,2016-12-25 03:00:00,89.94727325439453,-90.0,NULL
7636,15,15,0,15,76,2016-12-25 04:00:00,89.94727325439453,-90.0,NULL
7637,15,15,0,15,77,2016-12-25 05:00:00,89.94727325439453,-90.0,NULL
7638,15,15,0,15,78,2016-12-25 06:00:00,89.94727325439453,-90.0,NULL
7639,15,15,0,15,79,2016-12-25 07:00:00,89.94727325439453,-90.0,NULL
7640,15,15,0,15,80,2016-12-25 08:00:00,89.94727325439453,-90.0,NULL
7641,15,15,0,15,81,2016-12-25 09:00:00,89.94727325439453,-90.0,NULL
7642,15,15,0,15,82,2016-12-25 10:00:00,89.94727325439453,-90.0,NULL
7643,15,15,0,15,83,2016-12-25 11:00:00,89.94727325439453,-90.0,NULL
7644,15,15,0,15,84,2016-12-25 12:00:00,89.94727325439453,-90.0,NULL
7645,15,15,0,15,85,2016-12-25 13:00:00,89.94727325439453,-90.0,NULL
7646,15,15,0,15,86,2016-12-25 14:00:00,89.94727325439453,-90.0,NULL
7647,15,15,0,15,87,2016-12-25 15:00:00,89.94727325439453,-90.0,NULL
7648,15,15,0,15,88,2016-12-25 16:00:00,89.94727325439453,-90.0,NULL
7649,15,15,0,15,89,2016-12-25 17:00:00,89.94727325439453,-90.0,NULL
7650,15,15,0,15,90,2016-12-25 18:00:00,89.94727325439453,-90.0,NULL
7651,15,15,0,15,91,2016-12-25 19:00:00,89.94727325439453,-90.0,NULL
7652,15,15,0,15,92,2016-12-25 20:00:00,89.94727325439453,-90.0,NULL
7653,15,15,0,15,93,2016-12-25 21:00:00,89.94727325439453,-90.0,NULL
7654,15,15,0,15,94,2016-12-25 22:00:00,89.94727325439453,-90.0,NULL
7655,15,15,0,15,95,2016-12-25 23:00:00,89.94727325439453,-90.0,NULL
7656,15,15,0,15,96,2016-12-26 00:00:00,89.94727325439453,-90.0,NULL
7657,15,15,0,15,97,2016-12-26 01:00:00,89.94727325439453,-90.0,NULL
7658,15,15,0,15,98,2016-12-26 02:00:00,89.94727325439453,-90.0,NULL
7659,15,15,0,15,99,2016-12-26 03:00:00,89.94727325439453,-90.0,NULL
7660,15,15,0,15,100,2016-12-26 04:00:00,89.94727325439453,-90.0,NULL
7661,15,15,0,15,101,2016-12-26 05:00:00,89.94727325439453,-90.0,NULL
7662,15,15,0,15,102,2016-12-26 06:00:00,89.94727325439453,-90.0,NULL
7663,15,15,0,15,103,2016-12-26 07:00:00,89.94727325439453,-90.0,NULL
7664,15,15,0,15,104,2016-12-26 08:00:00,89.94727325439453,-90.0,NULL
7665,15,15,0,15,105,2016-12-26 09:00:00,89.94727325439453,-90.0,NULL
7666,15,15,0,15,106,2016-12-26 10:00:00,89.94727325439453,-90.0,NULL
7667,15,15,0,15,107,2016-12-26 11:00:00,89.94727325439453,-90.0,NULL
7668,15,15,0,15,108,2016-12-26 12:00:00,89.94727325439453,-90.0,NULL
7669,15,15,0,15,109,2016-12-26 13:00:00,89.94727325439453,-90.0,NULL
7670,15,15,0,15,110,2016-12-26 14:00:00,89.94727325439453,-90.0,NULL
7671,15,15,0,15,111,2016-12-26 15:00:00,89.94727325439453,-90.0,NULL
7672,15,15,0,15,112,2016-12-26 16:00:00,89.94727325439453,-90.0,NULL
7673,15,15,0,15,113,2016-12-26 17:00:00,89.94727325439453,-90.0,NULL
7674,15,15,0,15,114,2016-12-26 18:00:00,89.94727325439453,-90.0,NULL
7675,15,15,0,15,115,2016-12-26 19:00:00,89.94727325439453,-90.0,NULL
7676,15,15,0,15,116,2016-12-26 20:00:00,89.94727325439453,-90.0,NULL
7677,15,15,0,15,117,2016-12-26 21:00:00,89.94727325439453,-90.0,NULL
7678,15,15,0,15,118,2016-12-26 22:00:00,89.94727325439453,-90.0,NULL
7679,15,15,0,15,119,2016-12-26 23:00:00,89.94727325439453,-90.0,NULL
7680,15,15,0,15,120,2016-12-27 00:00:00,89.94727325439453,-90.0,NULL
7681,15,15,0,15,121,2016-12-27 01:00:00,89.94727325439453,-90.0,NULL
7682,15,15,0,15,122,2016-12-27 02:00:00,89.94727325439453,-90.0,NULL
7683,15,15,0,15,123,2016-12-27 03:00:00,89.94727325439453,-90.0,NULL
7684,15,15,0,15,124,2016-12-27 04:00:00,89.94727325439453,-90.0,NULL
7685,15,15,0,15,125,2016-12-27 05:00:00,89.94727325439453,-90.0,NULL
7686,15,15,0,15,126,2016-12-27 06:00:00,89.94727325439453,-90.0,NULL
7687,15,15,0,15,127,2016-12-27 07:00:00,89.94727325439453,-90.0,NULL
7688,15,15,0,15,128,2016-12-27 08:00:00,89.94727325439453,-90.0,NULL
7689,15,15,0,15,129,2016-12-27 09:00:00,89.94727325439453,-90.0,NULL
7690,15,15,0,15,130,2016-12-27 10:00:00,89.94727325439453,-90.0,NULL
7691,15,15,0,15,131,2016-12-27 11:00:00,89.94727325439453,-90.0,NULL
7692,15,15,0,15,132,2016-12-27 12:00:00,89.94727325439453,-90.0,NULL
7693,15,15,0,15,133,2016-12-27 13:00:00,89.94727325439453,-90.0,NULL
7694,15,15,0,15,134,2016-12-27 14:00:00,89.94727325439453,-90.0,NULL
7695,15,15,0,15,135,2016-12-27 15:00:00,89.94727325439453,-90.0,NULL
7696,15,15,0,15,136,2016-12-27 16:00:00,89.94727325439453,-90.0,NULL
7697,15,15,0,15,137,2016-12-27 17:00:00,89.94727325439453,-90.0,NULL
7698,15,15,0,15,138,2016-12-27 18:00:00,89.94727325439453,-90.0,NULL
7699,15,15,0,15,139,2016-12-27 19:00:00,89.94727325439453,-90.0,NULL
7700,15,15,0,15,140,2016-12-27 20:00:00,89.94727325439453,-90.0,NULL
7701,15,15,0,15,141,2016-12-27 21:00:00,89.94727325439453,-90.0,NULL
7702,15,15,0,15,142,2016-12-27 22:00:00,89.94727325439453,-90.0,NULL
7703,15,15,0,15,143,2016-12-27 23:00:00,89.94727325439453,-90.0,NULL
7704,15,15,0,15,144,2016-12-28 00:00:00,89.94727325439453,-90.0,NULL
7705,15,15,0,15,145,2016-12-28 01:00:00,89.94727325439453,-90.0,NULL
7706,15,15,0,15,146,2016-12-28 02:00:00,89.94727325439453,-90.0,NULL
7707,15,15,0,15,147,2016-12-28 03:00:00,89.94727325439453,-90.0,NULL
7708,15,15,0,15,148,2016-12-28 04:00:00,89.94727325439453,-90.0,NULL
7709,15,15,0,15,149,2016-12-28 05:00:00,89.94727325439453,-90.0,NULL
7710,15,15,0,15,150,2016-12-28 06:00:00,89.94727325439453,-90.0,NULL
7711,15,15,0,15,151,2016-12-28 07:00:00,89.94727325439453,-90.0,NULL
7712,15,15,0,15,152,2016-12-28 08:00:00,89.94727325439453,-90.0,NULL
7713,15,15,0,15,153,2016-12-28 09:00:00,89.94727325439453,-90.0,NULL
7714,15,15,0,15,154,2016-12-28 10:00:00,89.94727325439453,-90.0,NULL
7715,15,15,0,15,155,2016-12-28 11:00:00,89.94727325439453,-90.0,NULL
7716,15,15,0,15,156,2016-12-28 12:00:00,89.94727325439453,-90.0,NULL
7717,15,15,0,15,157,2016-12-28 13:00:00,89.94727325439453,-90.0,NULL
7718,15,15,0,15,158,2016-12-28 14:00:00,89.94727325439453,-90.0,NULL
7719,15,15,0,15,159,2016-12-28 15:00:00,89.94727325439453,-90.0,NULL
7720,15,15,0,15,160,2016-12-28 16:00:00,89.94727325439453,-90.0,NULL
7721,15,15,0,15,161,2016-12-28 17:00:00,89.94727325439453,-90.0,NULL
7722,15,15,0,15,162,2016-12-28 18:00:00,89.94727325439453,-90.0,NULL
7723,15,15,0,15,163,2016-12-28 19:00:00,89.94727325439453,-90.0,NULL
7724,15,15,0,15,164,2016-12-28 20:00:00,89.94727325439453,-90.0,NULL
7725,15,15,0,15,165,2016-12-28 21:00:00,89.94727325439453,-90.0,NULL
7726,15,15,0,15,166,2016-12-28 22:00:00,89.94727325439453,-90.0,NULL
7727,15,15,0,15,167,2016-12-28 23:00:00,89.94727325439453,-90.0,NULL
7728,15,15,0,15,168,2016-12-29 00:00:00,89.94727325439453,-90.0,NULL
7729,15,15,0,15,169,2016-12-29 01:00:00,89.94727325439453,-90.0,NULL
7730,15,15,0,15,170,2016-12-29 02:00:00,89.94727325439453,-90.0,NULL
7731,15,15,0,15,171,2016-12-29 03:00:00,89.94727325439453,-90.0,NULL
7732,15,15,0,15,172,2016-12-29 04:00:00,89.94727325439453,-90.0,NULL
7733,15,15,0,15,173,2016-12-29 05:00:00,89.94727325439453,-90.0,NULL
7734,15,15,0,15,174,2016-12-29 06:00:00,89.94727325439453,-90.0,NULL
7735,15,15,0,15,175,2016-12-29 07:00:00,89.94727325439453,-90.0,NULL
7736,15,15,0,15,176,2016-12-29 08:00:00,89.94727325439453,-90.0,NULL
7737,15,15,0,15,177,2016-12-29 09:00:00,89.94727325439453,-90.0,NULL
7738,15,15,0,15,178,2016-12-29 10:00:00,89.94727325439453,-90.0,NULL
7739,15,15,0,15,179,2016-12-29 11:00:00,89.94727325439453,-90.0,NULL
7740,15,15,0,15,180,2016-12-29 12:00:00,89.94727325439453,-90.0,NULL
7741,15,15,0,15,181,2016-12-29 13:00:00,89.94727325439453,-90.0,NULL
7742,15,15,0,15,182,2016-12-29 14:00:00,89.94727325439453,-90.0,NULL
7743,15,15,0,15,183,2016-12-29 15:00:00,89.94727325439453,-90.0,NULL
7744,15,15,0,15,184,2016-12-29 16:00:00,89.94727325439453,-90.0,NULL
7745,15,15,0,15,185,2016-12-29 17:00:00,89.94727325439453,-90.0,NULL
7746,15,15,0,15,186,2016-12-29 18:00:00,89.94727325439453,-90.0,NULL
7747,15,15,0,15,187,2016-12-29 19:00:00,89.94727325439453,-90.0,NULL
7748,15,15,0,15,188,2016-12-29 20:00:00,89.94727325439453,-90.0,NULL
7749,15,15,0,15,189,2016-12-29 21:00:00,89.94727325439453,-90.0,NULL
7750,15,15,0,15,190,2016-12-29 22:00:00,89.94727325439453,-90.0,NULL
7751,15,15,0,15,191,2016-12-29 23:00:00,89.94727325439453,-90.0,NULL
7752,15,15,0,15,192,2016-12-30 00:00:00,89.94727325439453,-90.0,NULL
7753,15,15,0,15,193,2016-12-30 01:00:00,89.94727325439453,-90.0,NULL
7754,15,15,0,15,194,2016-12-30 02:00:00,89.94727325439453,-90.0,NULL
7755,15,15,0,15,195,2016-12-30 03:00:00,89.94727325439453,-90.0,NULL
7756,15,15,0,15,196,2016-12-30 04:00:00,89.94727325439453,-90.0,NULL
7757,15,15,0,15,197,2016-12-30 05:00:00,89.94727325439453,-90.0,NULL
7758,15,15,0,15,198,2016-12-30 06:00:00,89.94727325439453,-90.0,NULL
7759,15,15,0,15,199,2016-12-30 07:00:00,89.94727325439453,-90.0,NULL
7760,15,15,0,15,200,2016-12-30 08:00:00,89.94727325439453,-90.0,NULL
7761,15,15,0,15,201,2016-12-30 09:00:00,89.94727325439453,-90.0,NULL
7762,15,15,0,15,202,2016-12-30 10:00:00,89.94727325439453,-90.0,NULL
7763,15,15,0,15,203,2016-12-30 11:00:00,89.94727325439453,-90.0,NULL
7764,15,15,0,15,204,2016-12-30 12:00:00,89.94727325439453,-90.0,NULL
7765,15,15,0,15,205,2016-12-30 13:00:00,89.94727325439453,-90.0,NULL
7766,15,15,0,15,206,2016-12-30 14:00:00,89.94727325439453,-90.0,NULL
7767,15,15,0,15,207,2016-12-30 15:00:00,89.94727325439453,-90.0,NULL
7768,15,15,0,15,208,2016-12-30 16:00:00,89.94727325439453,-90.0,NULL
7769,15,15,0,15,209,2016-12-30 17:00:00,89.94727325439453,-90.0,NULL
7770,15,15,0,15,210,2016-12-30 18:00:00,89.94727325439453,-90.0,NULL
7771,15,15,0,15,211,2016-12-30 19:00:00,89.94727325439453,-90.0,NULL
7772,15,15,0,15,212,2016-12-30 20:00:00,89.94727325439453,-90.0,NULL
7773,15,15,0,15,213,2016-12-30 21:00:00,89.94727325439453,-90.0,NULL
7774,15,15,0,15,214,2016-12-30 22:00:00,89.94727325439453,-90.0,NULL
7775,15,15,0,15,215,2016-12-30 23:00:00,89.94727325439453,-90.0,NULL
7776,15,15,0,15,216,2016-12-31 00:00:00,89.94727325439453,-90.0,NULL
7777,15,15,0,15,217,2016-12-31 01:00:00,89.94727325439453,-90.0,-21.05
7778,15,15,0,15,218,2016-12-31 02:00:00,89.94727325439453,-90.0,-20.9
7779,15,15,0,15,219,2016-12-31 03:00:00,89.94727325439453,-90.0,-20.75
7780,15,15,0,15,220,2016-12-31 04:00:00,89.94727325439453,-90.0,-20.5
7781,15,15,0,15,221,2016-12-31 05:00:00,89.94727325439453,-90.0,-20.2
7782,15,15,0,15,222,2016-12-31 06:00:00,89.94727325439453,-90.0,-19.95
7783,15,15,0,15,223,2016-12-31 07:00:00,89.94727325439453,-90.0,-19.65
7784,15,15,0,15,224,2016-12-31 08:00:00,89.94727325439453,-90.0,-19.35
7785,15,15,0,15,225,2016-12-31 09:00:00,89.94727325439453,-90.0,-19.05
7786,15,15,0,15,226,2016-12-31 10:00:00,89.94727325439453,-90.0,-18.75
7787,15,15,0,15,227,2016-12-31 11:00:00,89.94727325439453,-90.0,-18.65
7788,15,15,0,15,228,2016-12-31 12:00:00,89.94727325439453,-90.0,-18.65
7789,15,15,0,15,229,2016-12-31 13:00:00,89.94727325439453,-90.0,-19.75
7790,15,15,0,15,230,2016-12-31 14:00:00,89.94727325439453,-90.0,-19.6
7791,15,15,0,15,231,2016-12-31 15:00:00,89.94727325439453,-90.0,-19.45
7792,15,15,0,15,232,2016-12-31 16:00:00,89.94727325439453,-90.0,-19.45
7793,15,15,0,15,233,2016-12-31 17:00:00,89.94727325439453,-90.0,-19.4
7794,15,15,0,15,234,2016-12-31 18:00:00,89.94727325439453,-90.0,-19.45
7795,15,15,0,15,235,2016-12-31 19:00:00,89.94727325439453,-90.0,-19.55
7796,15,15,0,15,236,2016-12-31 20:00:00,89.94727325439453,-90.0,-19.6
7797,15,15,0,15,237,2016-12-31 21:00:00,89.94727325439453,-90.0,-19.45
7798,15,15,0,15,238,2016-12-31 22:00:00,89.94727325439453,-90.0,-19.3
7799,15,15,0,15,239,2016-12-31 23:00:00,89.94727325439453,-90.0,-19.05
7800,15,15,0,15,240,2017-01-01 00:00:00,89.94727325439453,-90.0,-18.7
7801,15,15,0,15,241,2017-01-01 01:00:00,89.94727325439453,-90.0,-18.2
7802,15,15,0,15,242,2017-01-01 02:00:00,89.94727325439453,-90.0,-17.95
7803,15,15,0,15,243,2017-01-01 03:00:00,89.94727325439453,-90.0,-17.7
7804,15,15,0,15,244,2017-01-01 04:00:00,89.94727325439453,-90.0,-17.5
7805,15,15,0,15,245,2017-01-01 05:00:00,89.94727325439453,-90.0,-17.5
7806,15,15,0,15,246,2017-01-01 06:00:00,89.94727325439453,-90.0,-17.75
7807,15,15,0,15,247,2017-01-01 07:00:00,89.94727325439453,-90.0,-18.35
7808,15,15,0,15,248,2017-01-01 08:00:00,89.94727325439453,-90.0,-18.5
7809,15,15,0,15,249,2017-01-01 09:00:00,89.94727325439453,-90.0,-18.75
7810,15,15,0,15,250,2017-01-01 10:00:00,89.94727325439453,-90.0,-18.8
7811,15,15,0,15,251,2017-01-01 11:00:00,89.94727325439453,-90.0,-18.95
7812,15,15,0,15,252,2017-01-01 12:00:00,89.94727325439453,-90.0,-19.05
7813,15,15,0,15,253,2017-01-01 13:00:00,89.94727325439453,-90.0,-20.6
7814,15,15,0,15,254,2017-01-01 14:00:00,89.94727325439453,-90.0,-20.95
7815,15,15,0,15,255,2017-01-01 15:00:00,89.94727325439453,-90.0,-21.3
7816,15,15,0,15,256,2017-01-01 16:00:00,89.94727325439453,-90.0,-21.65
7817,15,15,0,15,257,2017-01-01 17:00:00,89.94727325439453,-90.0,-21.85
7818,15,15,0,15,258,2017-01-01 18:00:00,89.94727325439453,-90.0,-22.0
7819,15,15,0,15,259,2017-01-01 19:00:00,89.94727325439453,-90.0,-21.95
7820,15,15,0,15,260,2017-01-01 20:00:00,89.94727325439453,-90.0,-21.5
7821,15,15,0,15,261,2017-01-01 21:00:00,89.94727325439453,-90.0,-20.8
7822,15,15,0,15,262,2017-01-01 22:00:00,89.94727325439453,-90.0,-19.9
7823,15,15,0,15,263,2017-01-01 23:00:00,89.94727325439453,-90.0,-19.65
7824,15,15,0,15,264,2017-01-02 00:00:00,89.94727325439453,-90.0,-19.7
7825,15,15,0,15,265,2017-01-02 01:00:00,89.94727325439453,-90.0,NULL
7826,15,15,0,15,266,2017-01-02 02:00:00,89.94727325439453,-90.0,NULL
7827,15,15,0,15,267,2017-01-02 03:00:00,89.94727325439453,-90.0,NULL
7828,15,15,0,15,268,2017-01-02 04:00:00,89.94727325439453,-90.0,NULL
7829,15,15,0,15,269,2017-01-02 05:00:00,89.94727325439453,-90.0,NULL
7830,15,15,0,15,270,2017-01-02 06:00:00,89.94727325439453,-90.0,NULL
7831,15,15,0,15,271,2017-01-02 07:00:00,89.94727325439453,-90.0,NULL
7832,15,15,0,15,272,2017-01-02 08:00:00,89.94727325439453,-90.0,NULL
7833,15,15,0,15,273,2017-01-02 09:00:00,89.94727325439453,-90.0,NULL
7834,15,15,0,15,274,2017-01-02 10:00:00,89.94727325439453,-90.0,NULL
7835,15,15,0,15,275,2017-01-02 11:00:00,89.94727325439453,-90.0,NULL
7836,15,15,0,15,276,2017-01-02 12:00:00,89.94727325439453,-90.0,NULL
7837,15,15,0,15,277,2017-01-02 13:00:00,89.94727325439453,-90.0,NULL
7838,15,15,0,15,278,2017-01-02 14:00:00,89.94727325439453,-90.0,NULL
7839,15,15,0,15,279,2017-01-02 15:00:00,89.94727325439453,-90.0,NULL
7840,15,15,0,15,280,2017-01-02 16:00:00,89.94727325439453,-90.0,NULL
7841,15,15,0,15,281,2017-01-02 17:00:00,89.94727325439453,-90.0,NULL
7842,15,15,0,15,282,2017-01-02 18:00:00,89.94727325439453,-90.0,NULL
7843,15,15,0,15,283,2017-01-02 19:00:00,89.94727325439453,-90.0,NULL
7844,15,15,0,15,284,2017-01-02 20:00:00,89.94727325439453,-90.0,NULL
7845,15,15,0,15,285,2017-01-02 21:00:00,89.94727325439453,-90.0,NULL
7846,15,15,0,15,286,2017-01-02 22:00:00,89.94727325439453,-90.0,NULL
7847,15,15,0,15,287,2017-01-02 23:00:00,89.94727325439453,-90.0,NULL
7848,15,15,0,15,288,2017-01-03 00:00:00,89.94727325439453,-90.0,NULL
7849,15,15,0,15,289,2017-01-03 01:00:00,89.94727325439453,-90.0,NULL
7850,15,15,0,15,290,2017-01-03 02:00:00,89.94727325439453,-90.0,NULL
7851,15,15,0,15,291,2017-01-03 03:00:00,89.94727325439453,-90.0,NULL
7852,15,15,0,15,292,2017-01-03 04:00:00,89.94727325439453,-90.0,NULL
7853,15,15,0,15,293,2017-01-03 05:00:00,89.94727325439453,-90.0,NULL
7854,15,15,0,15,294,2017-01-03 06:00:00,89.94727325439453,-90.0,NULL
7855,15,15,0,15,295,2017-01-03 07:00:00,89.94727325439453,-90.0,NULL
7856,15,15,0,15,296,2017-01-03 08:00:00,89.94727325439453,-90.0,NULL
7857,15,15,0,15,297,2017-01-03 09:00:00,89.94727325439453,-90.0,NULL
7858,15,15,0,15,298,2017-01-03 10:00:00,89.94727325439453,-90.0,NULL
7859,15,15,0,15,299,2017-01-03 11:00:00,89.94727325439453,-90.0,NULL
7860,15,15,0,15,300,2017-01-03 12:00:00,89.94727325439453,-90.0,NULL
7861,15,15,0,15,301,2017-01-03 13:00:00,89.94727325439453,-90.0,NULL
7862,15,15,0,15,302,2017-01-03 14:00:00,89.94727325439453,-90.0,NULL
7863,15,15,0,15,303,2017-01-03 15:00:00,89.94727325439453,-90.0,NULL
7864,15,15,0,15,304,2017-01-03 16:00:00,89.94727325439453,-90.0,NULL
7865,15,15,0,15,305,2017-01-03 17:00:00,89.94727325439453,-90.0,NULL
7866,15,15,0,15,306,2017-01-03 18:00:00,89.94727325439453,-90.0,NULL
7867,15,15,0,15,307,2017-01-03 19:00:00,89.94727325439453,-90.0,NULL
7868,15,15,0,15,308,2017-01-03 20:00:00,89.94727325439453,-90.0,NULL
7869,15,15,0,15,309,2017-01-03 21:00:00,89.94727325439453,-90.0,NULL
7870,15,15,0,15,310,2017-01-03 22:00:00,89.94727325439453,-90.0,NULL
7871,15,15,0,15,311,2017-01-03 23:00:00,89.94727325439453,-90.0,NULL
7872,15,15,0,15,312,2017-01-04 00:00:00,89.94727325439453,-90.0,NULL
7873,15,15,0,15,313,2017-01-04 01:00:00,89.94727325439453,-90.0,NULL
7874,15,15,0,15,314,2017-01-04 02:00:00,89.94727325439453,-90.0,NULL
7875,15,15,0,15,315,2017-01-04 03:00:00,89.94727325439453,-90.0,NULL
7876,15,15,0,15,316,2017-01-04 04:00:00,89.94727325439453,-90.0,NULL
7877,15,15,0,15,317,2017-01-04 05:00:00,89.94727325439453,-90.0,NULL
7878,15,15,0,15,318,2017-01-04 06:00:00,89.94727325439453,-90.0,NULL
7879,15,15,0,15,319,2017-01-04 07:00:00,89.94727325439453,-90.0,NULL
7880,15,15,0,15,320,2017-01-04 08:00:00,89.94727325439453,-90.0,NULL
7881,15,15,0,15,321,2017-01-04 09:00:00,89.94727325439453,-90.0,NULL
7882,15,15,0,15,322,2017-01-04 10:00:00,89.94727325439453,-90.0,NULL
7883,15,15,0,15,323,2017-01-04 11:00:00,89.94727325439453,-90.0,NULL
7884,15,15,0,15,324,2017-01-04 12:00:00,89.94727325439453,-90.0,NULL
7885,15,15,0,15,325,2017-01-04 13:00:00,89.94727325439453,-90.0,NULL
7886,15,15,0,15,326,2017-01-04 14:00:00,89.94727325439453,-90.0,NULL
7887,15,15,0,15,327,2017-01-04 15:00:00,89.94727325439453,-90.0,NULL
7888,15,15,0,15,328,2017-01-04 16:00:00,89.94727325439453,-90.0,NULL
7889,15,15,0,15,329,2017-01-04 17:00:00,89.94727325439453,-90.0,NULL
7890,15,15,0,15,330,2017-01-04 18:00:00,89.94727325439453,-90.0,NULL
7891,15,15,0,15,331,2017-01-04 19:00:00,89.94727325439453,-90.0,NULL
7892,15,15,0,15,332,2017-01-04 20:00:00,89.94727325439453,-90.0,NULL
7893,15,15,0,15,333,2017-01-04 21:00:00,89.94727325439453,-90.0,NULL
7894,15,15,0,15,334,2017-01-04 22:00:00,89.94727325439453,-90.0,NULL
7895,15,15,0,15,335,2017-01-04 23:00:00,89.94727325439453,-90.0,NULL
7896,15,15,0,15,336,2017-01-05 00:00:00,89.94727325439453,-90.0,NULL
7897,15,15,0,15,337,2017-01-05 01:00:00,89.94727325439453,-90.0,NULL
7898,15,15,0,15,338,2017-01-05 02:00:00,89.94727325439453,-90.0,NULL
7899,15,15,0,15,339,2017-01-05 03:00:00,89.94727325439453,-90.0,NULL
7900,15,15,0,15,340,2017-01-05 04:00:00,89.94727325439453,-90.0,NULL
7901,15,15,0,15,341,2017-01-05 05:00:00,89.94727325439453,-90.0,NULL
7902,15,15,0,15,342,2017-01-05 06:00:00,89.94727325439453,-90.0,NULL
7903,15,15,0,15,343,2017-01-05 07:00:00,89.94727325439453,-90.0,NULL
7904,15,15,0,15,344,2017-01-05 08:00:00,89.94727325439453,-90.0,NULL
7905,15,15,0,15,345,2017-01-05 09:00:00,89.94727325439453,-90.0,NULL
7906,15,15,0,15,346,2017-01-05 10:00:00,89.94727325439453,-90.0,NULL
7907,15,15,0,15,347,2017-01-05 11:00:00,89.94727325439453,-90.0,NULL
7908,15,15,0,15,348,2017-01-05 12:00:00,89.94727325439453,-90.0,NULL
7909,15,15,0,15,349,2017-01-05 13:00:00,89.94727325439453,-90.0,NULL
7910,15,15,0,15,350,2017-01-05 14:00:00,89.94727325439453,-90.0,NULL
7911,15,15,0,15,351,2017-01-05 15:00:00,89.94727325439453,-90.0,NULL
7912,15,15,0,15,352,2017-01-05 16:00:00,89.94727325439453,-90.0,NULL
7913,15,15,0,15,353,2017-01-05 17:00:00,89.94727325439453,-90.0,NULL
7914,15,15,0,15,354,2017-01-05 18:00:00,89.94727325439453,-90.0,NULL
7915,15,15,0,15,355,2017-01-05 19:00:00,89.94727325439453,-90.0,NULL
7916,15,15,0,15,356,2017-01-05 20:00:00,89.94727325439453,-90.0,NULL
7917,15,15,0,15,357,2017-01-05 21:00:00,89.94727325439453,-90.0,NULL
7918,15,15,0,15,358,2017-01-05 22:00:00,89.94727325439453,-90.0,NULL
7919,15,15,0,15,359,2017-01-05 23:00:00,89.94727325439453,-90.0,NULL
7920,15,15,0,15,360,2017-01-06 00:00:00,89.94727325439453,-90.0,NULL
7921,15,15,0,15,361,2017-01-06 01:00:00,89.94727325439453,-90.0,NULL
7922,15,15,0,15,362,2017-01-06 02:00:00,89.94727325439453,-90.0,NULL
7923,15,15,0,15,363,2017-01-06 03:00:00,89.94727325439453,-90.0,NULL
7924,15,15,0,15,364,2017-01-06 04:00:00,89.94727325439453,-90.0,NULL
7925,15,15,0,15,365,2017-01-06 05:00:00,89.94727325439453,-90.0,NULL
7926,15,15,0,15,366,2017-01-06 06:00:00,89.94727325439453,-90.0,NULL
7927,15,15,0,15,367,2017-01-06 07:00:00,89.94727325439453,-90.0,NULL
7928,15,15,0,15,368,2017-01-06 08:00:00,89.94727325439453,-90.0,NULL
7929,15,15,0,15,369,2017-01-06 09:00:00,89.94727325439453,-90.0,NULL
7930,15,15,0,15,370,2017-01-06 10:00:00,89.94727325439453,-90.0,NULL
7931,15,15,0,15,371,2017-01-06 11:00:00,89.94727325439453,-90.0,NULL
7932,15,15,0,15,372,2017-01-06 12:00:00,89.94727325439453,-90.0,NULL
7933,15,15,0,15,373,2017-01-06 13:00:00,89.94727325439453,-90.0,NULL
7934,15,15,0,15,374,2017-01-06 14:00:00,89.94727325439453,-90.0,NULL
7935,15,15,0,15,375,2017-01-06 15:00:00,89.94727325439453,-90.0,NULL
7936,15,15,0,15,376,2017-01-06 16:00:00,89.94727325439453,-90.0,NULL
7937,15,15,0,15,377,2017-01-06 17:00:00,89.94727325439453,-90.0,NULL
7938,15,15,0,15,378,2017-01-06 18:00:00,89.94727325439453,-90.0,NULL
7939,15,15,0,15,379,2017-01-06 19:00:00,89.94727325439453,-90.0,NULL
7940,15,15,0,15,380,2017-01-06 20:00:00,89.94727325439453,-90.0,NULL
7941,15,15,0,15,381,2017-01-06 21:00:00,89.94727325439453,-90.0,NULL
7942,15,15,0,15,382,2017-01-06 22:00:00,89.94727325439453,-90.0,NULL
7943,15,15,0,15,383,2017-01-06 23:00:00,89.94727325439453,-90.0,NULL
7944,15,15,0,15,384,2017-01-07 00:00:00,89.94727325439453,-90.0,NULL
7945,15,15,0,15,385,2017-01-07 01:00:00,89.94727325439453,-90.0,NULL
7946,15,15,0,15,386,2017-01-07 02:00:00,89.94727325439453,-90.0,NULL
7947,15,15,0,15,387,2017-01-07 03:00:00,89.94727325439453,-90.0,NULL
7948,15,15,0,15,388,2017-01-07 04:00:00,89.94727325439453,-90.0,NULL
7949,15,15,0,15,389,2017-01-07 05:00:00,89.94727325439453,-90.0,NULL
7950,15,15,0,15,390,2017-01-07 06:00:00,89.94727325439453,-90.0,NULL
7951,15,15,0,15,391,2017-01-07 07:00:00,89.94727325439453,-90.0,NULL
7952,15,15,0,15,392,2017-01-07 08:00:00,89.94727325439453,-90.0,NULL
7953,15,15,0,15,393,2017-01-07 09:00:00,89.94727325439453,-90.0,NULL
7954,15,15,0,15,394,2017-01-07 10:00:00,89.94727325439453,-90.0,NULL
7955,15,15,0,15,395,2017-01-07 11:00:00,89.94727325439453,-90.0,NULL
7956,15,15,0,15,396,2017-01-07 12:00:00,89.94727325439453,-90.0,NULL
7957,15,15,0,15,397,2017-01-07 13:00:00,89.94727325439453,-90.0,NULL
7958,15,15,0,15,398,2017-01-07 14:00:00,89.94727325439453,-90.0,NULL
7959,15,15,0,15,399,2017-01-07 15:00:00,89.94727325439453,-90.0,NULL
7960,15,15,0,15,400,2017-01-07 16:00:00,89.94727325439453,-90.0,NULL
7961,15,15,0,15,401,2017-01-07 17:00:00,89.94727325439453,-90.0,NULL
7962,15,15,0,15,402,2017-01-07 18:00:00,89.94727325439453,-90.0,NULL
7963,15,15,0,15,403,2017-01-07 19:00:00,89.94727325439453,-90.0,NULL
7964,15,15,0,15,404,2017-01-07 20:00:00,89.94727325439453,-90.0,NULL
7965,15,15,0,15,405,2017-01-07 21:00:00,89.94727325439453,-90.0,NULL
7966,15,15,0,15,406,2017-01-07 22:00:00,89.94727325439453,-90.0,NULL
7967,15,15,0,15,407,2017-01-07 23:00:00,89.94727325439453,-90.0,NULL
7968,15,15,0,15,408,2017-01-08 00:00:00,89.94727325439453,-90.0,NULL
7969,15,15,0,15,409,2017-01-08 01:00:00,89.94727325439453,-90.0,NULL
7970,15,15,0,15,410,2017-01-08 02:00:00,89.94727325439453,-90.0,NULL
7971,15,15,0,15,411,2017-01-08 03:00:00,89.94727325439453,-90.0,NULL
7972,15,15,0,15,412,2017-01-08 04:00:00,89.94727325439453,-90.0,NULL
7973,15,15,0,15,413,2017-01-08 05:00:00,89.94727325439453,-90.0,NULL
7974,15,15,0,15,414,2017-01-08 06:00:00,89.94727325439453,-90.0,NULL
7975,15,15,0,15,415,2017-01-08 07:00:00,89.94727325439453,-90.0,NULL
7976,15,15,0,15,416,2017-01-08 08:00:00,89.94727325439453,-90.0,NULL
7977,15,15,0,15,417,2017-01-08 09:00:00,89.94727325439453,-90.0,NULL
7978,15,15,0,15,418,2017-01-08 10:00:00,89.94727325439453,-90.0,NULL
7979,15,15,0,15,419,2017-01-08 11:00:00,89.94727325439453,-90.0,NULL
7980,15,15,0,15,420,2017-01-08 12:00:00,89.94727325439453,-90.0,NULL
7981,15,15,0,15,421,2017-01-08 13:00:00,89.94727325439453,-90.0,NULL
7982,15,15,0,15,422,2017-01-08 14:00:00,89.94727325439453,-90.0,NULL
7983,15,15,0,15,423,2017-01-08 15:00:00,89.94727325439453,-90.0,NULL
7984,15,15,0,15,424,2017-01-08 16:00:00,89.94727325439453,-90.0,NULL
7985,15,15,0,15,425,2017-01-08 17:00:00,89.94727325439453,-90.0,NULL
7986,15,15,0,15,426,2017-01-08 18:00:00,89.94727325439453,-90.0,NULL
7987,15,15,0,15,427,2017-01-08 19:00:00,89.94727325439453,-90.0,NULL
7988,15,15,0,15,428,2017-01-08 20:00:00,89.94727325439453,-90.0,NULL
7989,15,15,0,15,429,2017-01-08 21:00:00,89.94727325439453,-90.0,NULL
7990,15,15,0,15,430,2017-01-08 22:00:00,89.94727325439453,-90.0,NULL
7991,15,15,0,15,431,2017-01-08 23:00:00,89.94727325439453,-90.0,NULL
7992,15,15,0,15,432,2017-01-09 00:00:00,89.94727325439453,-90.0,NULL
7993,15,15,0,15,433,2017-01-09 01:00:00,89.94727325439453,-90.0,NULL
7994,15,15,0,15,434,2017-01-09 02:00:00,89.94727325439453,-90.0,NULL
7995,15,15,0,15,435,2017-01-09 03:00:00,89.94727325439453,-90.0,NULL
7996,15,15,0,15,436,2017-01-09 04:00:00,89.94727325439453,-90.0,NULL
7997,15,15,0,15,437,2017-01-09 05:00:00,89.94727325439453,-90.0,NULL
7998,15,15,0,15,438,2017-01-09 06:00:00,89.94727325439453,-90.0,NULL
7999,15,15,0,15,439,2017-01-09 07:00:00,89.94727325439453,-90.0,NULL
8000,15,15,0,15,440,2017-01-09 08:00:00,89.94727325439453,-90.0,NULL
8001,15,15,0,15,441,2017-01-09 09:00:00,89.94727325439453,-90.0,NULL
8002,15,15,0,15,442,2017-01-09 10:00:00,89.94727325439453,-90.0,NULL
8003,15,15,0,15,443,2017-01-09 11:00:00,89.94727325439453,-90.0,NULL
8004,15,15,0,15,444,2017-01-09 12:00:00,89.94727325439453,-90.0,NULL
8005,15,15,0,15,445,2017-01-09 13:00:00,89.94727325439453,-90.0,NULL
8006,15,15,0,15,446,2017-01-09 14:00:00,89.94727325439453,-90.0,NULL
8007,15,15,0,15,447,2017-01-09 15:00:00,89.94727325439453,-90.0,NULL
8008,15,15,0,15,448,2017-01-09 16:00:00,89.94727325439453,-90.0,NULL
8009,15,15,0,15,449,2017-01-09 17:00:00,89.94727325439453,-90.0,NULL
8010,15,15,0,15,450,2017-01-09 18:00:00,89.94727325439453,-90.0,NULL
8011,15,15,0,15,451,2017-01-09 19:00:00,89.94727325439453,-90.0,NULL
8012,15,15,0,15,452,2017-01-09 20:00:00,89.94727325439453,-90.0,NULL
8013,15,15,0,15,453,2017-01-09 21:00:00,89.94727325439453,-90.0,NULL
8014,15,15,0,15,454,2017-01-09 22:00:00,89.94727325439453,-90.0,NULL
8015,15,15,0,15,455,2017-01-09 23:00:00,89.94727325439453,-90.0,NULL
8016,15,15,0,15,456,2017-01-10 00:00:00,89.94727325439453,-90.0,NULL
8017,15,15,0,15,457,2017-01-10 01:00:00,89.94727325439453,-90.0,NULL
8018,15,15,0,15,458,2017-01-10 02:00:00,89.94727325439453,-90.0,NULL
8019,15,15,0,15,459,2017-01-10 03:00:00,89.94727325439453,-90.0,NULL
8020,15,15,0,15,460,2017-01-10 04:00:00,89.94727325439453,-90.0,NULL
8021,15,15,0,15,461,2017-01-10 05:00:00,89.94727325439453,-90.0,NULL
8022,15,15,0,15,462,2017-01-10 06:00:00,89.94727325439453,-90.0,NULL
8023,15,15,0,15,463,2017-01-10 07:00:00,89.94727325439453,-90.0,NULL
8024,15,15,0,15,464,2017-01-10 08:00:00,89.94727325439453,-90.0,NULL
8025,15,15,0,15,465,2017-01-10 09:00:00,89.94727325439453,-90.0,NULL
8026,15,15,0,15,466,2017-01-10 10:00:00,89.94727325439453,-90.0,NULL
8027,15,15,0,15,467,2017-01-10 11:00:00,89.94727325439453,-90.0,NULL
8028,15,15,0,15,468,2017-01-10 12:00:00,89.94727325439453,-90.0,NULL
8029,15,15,0,15,469,2017-01-10 13:00:00,89.94727325439453,-90.0,NULL
8030,15,15,0,15,470,2017-01-10 14:00:00,89.94727325439453,-90.0,NULL
8031,15,15,0,15,471,2017-01-10 15:00:00,89.94727325439453,-90.0,NULL
8032,15,15,0,15,472,2017-01-10 16:00:00,89.94727325439453,-90.0,NULL
8033,15,15,0,15,473,2017-01-10 17:00:00,89.94727325439453,-90.0,NULL
8034,15,15,0,15,474,2017-01-10 18:00:00,89.94727325439453,-90.0,NULL
8035,15,15,0,15,475,2017-01-10 19:00:00,89.94727325439453,-90.0,NULL
8036,15,15,0,15,476,2017-01-10 20:00:00,89.94727325439453,-90.0,NULL
8037,15,15,0,15,477,2017-01-10 21:00:00,89.94727325439453,-90.0,NULL
8038,15,15,0,15,478,2017-01-10 22:00:00,89.94727325439453,-90.0,NULL
8039,15,15,0,15,479,2017-01-10 23:00:00,89.94727325439453,-90.0,NULL
8040,15,15,0,15,480,2017-01-11 00:00:00,89.94727325439453,-90.0,NULL
8041,15,15,0,15,481,2017-01-11 01:00:00,89.94727325439453,-90.0,NULL
8042,15,15,0,15,482,2017-01-11 02:00:00,89.94727325439453,-90.0,NULL
8043,15,15,0,15,483,2017-01-11 03:00:00,89.94727325439453,-90.0,NULL
8044,15,15,0,15,484,2017-01-11 04:00:00,89.94727325439453,-90.0,NULL
8045,15,15,0,15,485,2017-01-11 05:00:00,89.94727325439453,-90.0,NULL
8046,15,15,0,15,486,2017-01-11 06:00:00,89.94727325439453,-90.0,NULL
8047,15,15,0,15,487,2017-01-11 07:00:00,89.94727325439453,-90.0,NULL
8048,15,15,0,15,488,2017-01-11 08:00:00,89.94727325439453,-90.0,NULL
8049,15,15,0,15,489,2017-01-11 09:00:00,89.94727325439453,-90.0,NULL
8050,15,15,0,15,490,2017-01-11 10:00:00,89.94727325439453,-90.0,NULL
8051,15,15,0,15,491,2017-01-11 11:00:00,89.94727325439453,-90.0,NULL
8052,15,15,0,15,492,2017-01-11 12:00:00,89.94727325439453,-90.0,NULL
8053,15,15,0,15,493,2017-01-11 13:00:00,89.94727325439453,-90.0,NULL
8054,15,15,0,15,494,2017-01-11 14:00:00,89.94727325439453,-90.0,NULL
8055,15,15,0,15,495,2017-01-11 15:00:00,89.94727325439453,-90.0,NULL
8056,15,15,0,15,496,2017-01-11 16:00:00,89.94727325439453,-90.0,NULL
8057,15,15,0,15,497,2017-01-11 17:00:00,89.94727325439453,-90.0,NULL
8058,15,15,0,15,498,2017-01-11 18:00:00,89.94727325439453,-90.0,NULL
8059,15,15,0,15,499,2017-01-11 19:00:00,89.94727325439453,-90.0,NULL
8060,15,15,0,15,500,2017-01-11 20:00:00,89.94727325439453,-90.0,NULL
8061,15,15,0,15,501,2017-01-11 21:00:00,89.94727325439453,-90.0,NULL
8062,15,15,0,15,502,2017-01-11 22:00:00,89.94727325439453,-90.0,NULL
8063,15,15,0,15,503,2017-01-11 23:00:00,89.94727325439453,-90.0,NULL
8064,16,16,0,16,0,2016-12-22 00:00:00,89.94727325439453,-72.0,NULL
8065,16,16,0,16,1,2016-12-22 01:00:00,89.94727325439453,-72.0,NULL
8066,16,16,0,16,2,2016-12-22 02:00:00,89.94727325439453,-72.0,NULL
8067,16,16,0,16,3,2016-12-22 03:00:00,89.94727325439453,-72.0,NULL
8068,16,16,0,16,4,2016-12-22 04:00:00,89.94727325439453,-72.0,NULL
8069,16,16,0,16,5,2016-12-22 05:00:00,89.94727325439453,-72.0,NULL
8070,16,16,0,16,6,2016-12-22 06:00:00,89.94727325439453,-72.0,NULL
8071,16,16,0,16,7,2016-12-22 07:00:00,89.94727325439453,-72.0,NULL
8072,16,16,0,16,8,2016-12-22 08:00:00,89.94727325439453,-72.0,NULL
8073,16,16,0,16,9,2016-12-22 09:00:00,89.94727325439453,-72.0,NULL
8074,16,16,0,16,10,2016-12-22 10:00:00,89.94727325439453,-72.0,NULL
8075,16,16,0,16,11,2016-12-22 11:00:00,89.94727325439453,-72.0,NULL
8076,16,16,0,16,12,2016-12-22 12:00:00,89.94727325439453,-72.0,NULL
8077,16,16,0,16,13,2016-12-22 13:00:00,89.94727325439453,-72.0,NULL
8078,16,16,0,16,14,2016-12-22 14:00:00,89.94727325439453,-72.0,NULL
8079,16,16,0,16,15,2016-12-22 15:00:00,89.94727325439453,-72.0,NULL
8080,16,16,0,16,16,2016-12-22 16:00:00,89.94727325439453,-72.0,NULL
8081,16,16,0,16,17,2016-12-22 17:00:00,89.94727325439453,-72.0,NULL
8082,16,16,0,16,18,2016-12-22 18:00:00,89.94727325439453,-72.0,NULL
8083,16,16,0,16,19,2016-12-22 19:00:00,89.94727325439453,-72.0,NULL
8084,16,16,0,16,20,2016-12-22 20:00:00,89.94727325439453,-72.0,NULL
8085,16,16,0,16,21,2016-12-22 21:00:00,89.94727325439453,-72.0,NULL
8086,16,16,0,16,22,2016-12-22 22:00:00,89.94727325439453,-72.0,NULL
8087,16,16,0,16,23,2016-12-22 23:00:00,89.94727325439453,-72.0,NULL
8088,16,16,0,16,24,2016-12-23 00:00:00,89.94727325439453,-72.0,NULL
8089,16,16,0,16,25,2016-12-23 01:00:00,89.94727325439453,-72.0,NULL
8090,16,16,0,16,26,2016-12-23 02:00:00,89.94727325439453,-72.0,NULL
8091,16,16,0,16,27,2016-12-23 03:00:00,89.94727325439453,-72.0,NULL
8092,16,16,0,16,28,2016-12-23 04:00:00,89.94727325439453,-72.0,NULL
8093,16,16,0,16,29,2016-12-23 05:00:00,89.94727325439453,-72.0,NULL
8094,16,16,0,16,30,2016-12-23 06:00:00,89.94727325439453,-72.0,NULL
8095,16,16,0,16,31,2016-12-23 07:00:00,89.94727325439453,-72.0,NULL
8096,16,16,0,16,32,2016-12-23 08:00:00,89.94727325439453,-72.0,NULL
8097,16,16,0,16,33,2016-12-23 09:00:00,89.94727325439453,-72.0,NULL
8098,16,16,0,16,34,2016-12-23 10:00:00,89.94727325439453,-72.0,NULL
8099,16,16,0,16,35,2016-12-23 11:00:00,89.94727325439453,-72.0,NULL
8100,16,16,0,16,36,2016-12-23 12:00:00,89.94727325439453,-72.0,NULL
8101,16,16,0,16,37,2016-12-23 13:00:00,89.94727325439453,-72.0,NULL
8102,16,16,0,16,38,2016-12-23 14:00:00,89.94727325439453,-72.0,NULL
8103,16,16,0,16,39,2016-12-23 15:00:00,89.94727325439453,-72.0,NULL
8104,16,16,0,16,40,2016-12-23 16:00:00,89.94727325439453,-72.0,NULL
8105,16,16,0,16,41,2016-12-23 17:00:00,89.94727325439453,-72.0,NULL
8106,16,16,0,16,42,2016-12-23 18:00:00,89.94727325439453,-72.0,NULL
8107,16,16,0,16,43,2016-12-23 19:00:00,89.94727325439453,-72.0,NULL
8108,16,16,0,16,44,2016-12-23 20:00:00,89.94727325439453,-72.0,NULL
8109,16,16,0,16,45,2016-12-23 21:00:00,89.94727325439453,-72.0,NULL
8110,16,16,0,16,46,2016-12-23 22:00:00,89.94727325439453,-72.0,NULL
8111,16,16,0,16,47,2016-12-23 23:00:00,89.94727325439453,-72.0,NULL
8112,16,16,0,16,48,2016-12-24 00:00:00,89.94727325439453,-72.0,NULL
8113,16,16,0,16,49,2016-12-24 01:00:00,89.94727325439453,-72.0,NULL
8114,16,16,0,16,50,2016-12-24 02:00:00,89.94727325439453,-72.0,NULL
8115,16,16,0,16,51,2016-12-24 03:00:00,89.94727325439453,-72.0,NULL
8116,16,16,0,16,52,2016-12-24 04:00:00,89.94727325439453,-72.0,NULL
8117,16,16,0,16,53,2016-12-24 05:00:00,89.94727325439453,-72.0,NULL
8118,16,16,0,16,54,2016-12-24 06:00:00,89.94727325439453,-72.0,NULL
8119,16,16,0,16,55,2016-12-24 07:00:00,89.94727325439453,-72.0,NULL
8120,16,16,0,16,56,2016-12-24 08:00:00,89.94727325439453,-72.0,NULL
8121,16,16,0,16,57,2016-12-24 09:00:00,89.94727325439453,-72.0,NULL
8122,16,16,0,16,58,2016-12-24 10:00:00,89.94727325439453,-72.0,NULL
8123,16,16,0,16,59,2016-12-24 11:00:00,89.94727325439453,-72.0,NULL
8124,16,16,0,16,60,2016-12-24 12:00:00,89.94727325439453,-72.0,NULL
8125,16,16,0,16,61,2016-12-24 13:00:00,89.94727325439453,-72.0,NULL
8126,16,16,0,16,62,2016-12-24 14:00:00,89.94727325439453,-72.0,NULL
8127,16,16,0,16,63,2016-12-24 15:00:00,89.94727325439453,-72.0,NULL
8128,16,16,0,16,64,2016-12-24 16:00:00,89.94727325439453,-72.0,NULL
8129,16,16,0,16,65,2016-12-24 17:00:00,89.94727325439453,-72.0,NULL
8130,16,16,0,16,66,2016-12-24 18:00:00,89.94727325439453,-72.0,NULL
8131,16,16,0,16,67,2016-12-24 19:00:00,89.94727325439453,-72.0,NULL
8132,16,16,0,16,68,2016-12-24 20:00:00,89.94727325439453,-72.0,NULL
8133,16,16,0,16,69,2016-12-24 21:00:00,89.94727325439453,-72.0,NULL
8134,16,16,0,16,70,2016-12-24 22:00:00,89.94727325439453,-72.0,NULL
8135,16,16,0,16,71,2016-12-24 23:00:00,89.94727325439453,-72.0,NULL
8136,16,16,0,16,72,2016-12-25 00:00:00,89.94727325439453,-72.0,NULL
8137,16,16,0,16,73,2016-12-25 01:00:00,89.94727325439453,-72.0,NULL
8138,16,16,0,16,74,2016-12-25 02:00:00,89.94727325439453,-72.0,NULL
8139,16,16,0,16,75,2016-12-25 03:00:00,89.94727325439453,-72.0,NULL
8140,16,16,0,16,76,2016-12-25 04:00:00,89.94727325439453,-72.0,NULL
8141,16,16,0,16,77,2016-12-25 05:00:00,89.94727325439453,-72.0,NULL
8142,16,16,0,16,78,2016-12-25 06:00:00,89.94727325439453,-72.0,NULL
8143,16,16,0,16,79,2016-12-25 07:00:00,89.94727325439453,-72.0,NULL
8144,16,16,0,16,80,2016-12-25 08:00:00,89.94727325439453,-72.0,NULL
8145,16,16,0,16,81,2016-12-25 09:00:00,89.94727325439453,-72.0,NULL
8146,16,16,0,16,82,2016-12-25 10:00:00,89.94727325439453,-72.0,NULL
8147,16,16,0,16,83,2016-12-25 11:00:00,89.94727325439453,-72.0,NULL
8148,16,16,0,16,84,2016-12-25 12:00:00,89.94727325439453,-72.0,NULL
8149,16,16,0,16,85,2016-12-25 13:00:00,89.94727325439453,-72.0,NULL
8150,16,16,0,16,86,2016-12-25 14:00:00,89.94727325439453,-72.0,NULL
8151,16,16,0,16,87,2016-12-25 15:00:00,89.94727325439453,-72.0,NULL
8152,16,16,0,16,88,2016-12-25 16:00:00,89.94727325439453,-72.0,NULL
8153,16,16,0,16,89,2016-12-25 17:00:00,89.94727325439453,-72.0,NULL
8154,16,16,0,16,90,2016-12-25 18:00:00,89.94727325439453,-72.0,NULL
8155,16,16,0,16,91,2016-12-25 19:00:00,89.94727325439453,-72.0,NULL
8156,16,16,0,16,92,2016-12-25 20:00:00,89.94727325439453,-72.0,NULL
8157,16,16,0,16,93,2016-12-25 21:00:00,89.94727325439453,-72.0,NULL
8158,16,16,0,16,94,2016-12-25 22:00:00,89.94727325439453,-72.0,NULL
8159,16,16,0,16,95,2016-12-25 23:00:00,89.94727325439453,-72.0,NULL
8160,16,16,0,16,96,2016-12-26 00:00:00,89.94727325439453,-72.0,NULL
8161,16,16,0,16,97,2016-12-26 01:00:00,89.94727325439453,-72.0,NULL
8162,16,16,0,16,98,2016-12-26 02:00:00,89.94727325439453,-72.0,NULL
8163,16,16,0,16,99,2016-12-26 03:00:00,89.94727325439453,-72.0,NULL
8164,16,16,0,16,100,2016-12-26 04:00:00,89.94727325439453,-72.0,NULL
8165,16,16,0,16,101,2016-12-26 05:00:00,89.94727325439453,-72.0,NULL
8166,16,16,0,16,102,2016-12-26 06:00:00,89.94727325439453,-72.0,NULL
8167,16,16,0,16,103,2016-12-26 07:00:00,89.94727325439453,-72.0,NULL
8168,16,16,0,16,104,2016-12-26 08:00:00,89.94727325439453,-72.0,NULL
8169,16,16,0,16,105,2016-12-26 09:00:00,89.94727325439453,-72.0,NULL
8170,16,16,0,16,106,2016-12-26 10:00:00,89.94727325439453,-72.0,NULL
8171,16,16,0,16,107,2016-12-26 11:00:00,89.94727325439453,-72.0,NULL
8172,16,16,0,16,108,2016-12-26 12:00:00,89.94727325439453,-72.0,NULL
8173,16,16,0,16,109,2016-12-26 13:00:00,89.94727325439453,-72.0,NULL
8174,16,16,0,16,110,2016-12-26 14:00:00,89.94727325439453,-72.0,NULL
8175,16,16,0,16,111,2016-12-26 15:00:00,89.94727325439453,-72.0,NULL
8176,16,16,0,16,112,2016-12-26 16:00:00,89.94727325439453,-72.0,NULL
8177,16,16,0,16,113,2016-12-26 17:00:00,89.94727325439453,-72.0,NULL
8178,16,16,0,16,114,2016-12-26 18:00:00,89.94727325439453,-72.0,NULL
8179,16,16,0,16,115,2016-12-26 19:00:00,89.94727325439453,-72.0,NULL
8180,16,16,0,16,116,2016-12-26 20:00:00,89.94727325439453,-72.0,NULL
8181,16,16,0,16,117,2016-12-26 21:00:00,89.94727325439453,-72.0,NULL
8182,16,16,0,16,118,2016-12-26 22:00:00,89.94727325439453,-72.0,NULL
8183,16,16,0,16,119,2016-12-26 23:00:00,89.94727325439453,-72.0,NULL
8184,16,16,0,16,120,2016-12-27 00:00:00,89.94727325439453,-72.0,NULL
8185,16,16,0,16,121,2016-12-27 01:00:00,89.94727325439453,-72.0,NULL
8186,16,16,0,16,122,2016-12-27 02:00:00,89.94727325439453,-72.0,NULL
8187,16,16,0,16,123,2016-12-27 03:00:00,89.94727325439453,-72.0,NULL
8188,16,16,0,16,124,2016-12-27 04:00:00,89.94727325439453,-72.0,NULL
8189,16,16,0,16,125,2016-12-27 05:00:00,89.94727325439453,-72.0,NULL
8190,16,16,0,16,126,2016-12-27 06:00:00,89.94727325439453,-72.0,NULL
8191,16,16,0,16,127,2016-12-27 07:00:00,89.94727325439453,-72.0,NULL
8192,16,16,0,16,128,2016-12-27 08:00:00,89.94727325439453,-72.0,NULL
8193,16,16,0,16,129,2016-12-27 09:00:00,89.94727325439453,-72.0,NULL
8194,16,16,0,16,130,2016-12-27 10:00:00,89.94727325439453,-72.0,NULL
8195,16,16,0,16,131,2016-12-27 11:00:00,89.94727325439453,-72.0,NULL
8196,16,16,0,16,132,2016-12-27 12:00:00,89.94727325439453,-72.0,NULL
8197,16,16,0,16,133,2016-12-27 13:00:00,89.94727325439453,-72.0,NULL
8198,16,16,0,16,134,2016-12-27 14:00:00,89.94727325439453,-72.0,NULL
8199,16,16,0,16,135,2016-12-27 15:00:00,89.94727325439453,-72.0,NULL
8200,16,16,0,16,136,2016-12-27 16:00:00,89.94727325439453,-72.0,NULL
8201,16,16,0,16,137,2016-12-27 17:00:00,89.94727325439453,-72.0,NULL
8202,16,16,0,16,138,2016-12-27 18:00:00,89.94727325439453,-72.0,NULL
8203,16,16,0,16,139,2016-12-27 19:00:00,89.94727325439453,-72.0,NULL
8204,16,16,0,16,140,2016-12-27 20:00:00,89.94727325439453,-72.0,NULL
8205,16,16,0,16,141,2016-12-27 21:00:00,89.94727325439453,-72.0,NULL
8206,16,16,0,16,142,2016-12-27 22:00:00,89.94727325439453,-72.0,NULL
8207,16,16,0,16,143,2016-12-27 23:00:00,89.94727325439453,-72.0,NULL
8208,16,16,0,16,144,2016-12-28 00:00:00,89.94727325439453,-72.0,NULL
8209,16,16,0,16,145,2016-12-28 01:00:00,89.94727325439453,-72.0,NULL
8210,16,16,0,16,146,2016-12-28 02:00:00,89.94727325439453,-72.0,NULL
8211,16,16,0,16,147,2016-12-28 03:00:00,89.94727325439453,-72.0,NULL
8212,16,16,0,16,148,2016-12-28 04:00:00,89.94727325439453,-72.0,NULL
8213,16,16,0,16,149,2016-12-28 05:00:00,89.94727325439453,-72.0,NULL
8214,16,16,0,16,150,2016-12-28 06:00:00,89.94727325439453,-72.0,NULL
8215,16,16,0,16,151,2016-12-28 07:00:00,89.94727325439453,-72.0,NULL
8216,16,16,0,16,152,2016-12-28 08:00:00,89.94727325439453,-72.0,NULL
8217,16,16,0,16,153,2016-12-28 09:00:00,89.94727325439453,-72.0,NULL
8218,16,16,0,16,154,2016-12-28 10:00:00,89.94727325439453,-72.0,NULL
8219,16,16,0,16,155,2016-12-28 11:00:00,89.94727325439453,-72.0,NULL
8220,16,16,0,16,156,2016-12-28 12:00:00,89.94727325439453,-72.0,NULL
8221,16,16,0,16,157,2016-12-28 13:00:00,89.94727325439453,-72.0,NULL
8222,16,16,0,16,158,2016-12-28 14:00:00,89.94727325439453,-72.0,NULL
8223,16,16,0,16,159,2016-12-28 15:00:00,89.94727325439453,-72.0,NULL
8224,16,16,0,16,160,2016-12-28 16:00:00,89.94727325439453,-72.0,NULL
8225,16,16,0,16,161,2016-12-28 17:00:00,89.94727325439453,-72.0,NULL
8226,16,16,0,16,162,2016-12-28 18:00:00,89.94727325439453,-72.0,NULL
8227,16,16,0,16,163,2016-12-28 19:00:00,89.94727325439453,-72.0,NULL
8228,16,16,0,16,164,2016-12-28 20:00:00,89.94727325439453,-72.0,NULL
8229,16,16,0,16,165,2016-12-28 21:00:00,89.94727325439453,-72.0,NULL
8230,16,16,0,16,166,2016-12-28 22:00:00,89.94727325439453,-72.0,NULL
8231,16,16,0,16,167,2016-12-28 23:00:00,89.94727325439453,-72.0,NULL
8232,16,16,0,16,168,2016-12-29 00:00:00,89.94727325439453,-72.0,NULL
8233,16,16,0,16,169,2016-12-29 01:00:00,89.94727325439453,-72.0,NULL
8234,16,16,0,16,170,2016-12-29 02:00:00,89.94727325439453,-72.0,NULL
8235,16,16,0,16,171,2016-12-29 03:00:00,89.94727325439453,-72.0,NULL
8236,16,16,0,16,172,2016-12-29 04:00:00,89.94727325439453,-72.0,NULL
8237,16,16,0,16,173,2016-12-29 05:00:00,89.94727325439453,-72.0,NULL
8238,16,16,0,16,174,2016-12-29 06:00:00,89.94727325439453,-72.0,NULL
8239,16,16,0,16,175,2016-12-29 07:00:00,89.94727325439453,-72.0,NULL
8240,16,16,0,16,176,2016-12-29 08:00:00,89.94727325439453,-72.0,NULL
8241,16,16,0,16,177,2016-12-29 09:00:00,89.94727325439453,-72.0,NULL
8242,16,16,0,16,178,2016-12-29 10:00:00,89.94727325439453,-72.0,NULL
8243,16,16,0,16,179,2016-12-29 11:00:00,89.94727325439453,-72.0,NULL
8244,16,16,0,16,180,2016-12-29 12:00:00,89.94727325439453,-72.0,NULL
8245,16,16,0,16,181,2016-12-29 13:00:00,89.94727325439453,-72.0,NULL
8246,16,16,0,16,182,2016-12-29 14:00:00,89.94727325439453,-72.0,NULL
8247,16,16,0,16,183,2016-12-29 15:00:00,89.94727325439453,-72.0,NULL
8248,16,16,0,16,184,2016-12-29 16:00:00,89.94727325439453,-72.0,NULL
8249,16,16,0,16,185,2016-12-29 17:00:00,89.94727325439453,-72.0,NULL
8250,16,16,0,16,186,2016-12-29 18:00:00,89.94727325439453,-72.0,NULL
8251,16,16,0,16,187,2016-12-29 19:00:00,89.94727325439453,-72.0,NULL
8252,16,16,0,16,188,2016-12-29 20:00:00,89.94727325439453,-72.0,NULL
8253,16,16,0,16,189,2016-12-29 21:00:00,89.94727325439453,-72.0,NULL
8254,16,16,0,16,190,2016-12-29 22:00:00,89.94727325439453,-72.0,NULL
8255,16,16,0,16,191,2016-12-29 23:00:00,89.94727325439453,-72.0,NULL
8256,16,16,0,16,192,2016-12-30 00:00:00,89.94727325439453,-72.0,NULL
8257,16,16,0,16,193,2016-12-30 01:00:00,89.94727325439453,-72.0,NULL
8258,16,16,0,16,194,2016-12-30 02:00:00,89.94727325439453,-72.0,NULL
8259,16,16,0,16,195,2016-12-30 03:00:00,89.94727325439453,-72.0,NULL
8260,16,16,0,16,196,2016-12-30 04:00:00,89.94727325439453,-72.0,NULL
8261,16,16,0,16,197,2016-12-30 05:00:00,89.94727325439453,-72.0,NULL
8262,16,16,0,16,198,2016-12-30 06:00:00,89.94727325439453,-72.0,NULL
8263,16,16,0,16,199,2016-12-30 07:00:00,89.94727325439453,-72.0,NULL
8264,16,16,0,16,200,2016-12-30 08:00:00,89.94727325439453,-72.0,NULL
8265,16,16,0,16,201,2016-12-30 09:00:00,89.94727325439453,-72.0,NULL
8266,16,16,0,16,202,2016-12-30 10:00:00,89.94727325439453,-72.0,NULL
8267,16,16,0,16,203,2016-12-30 11:00:00,89.94727325439453,-72.0,NULL
8268,16,16,0,16,204,2016-12-30 12:00:00,89.94727325439453,-72.0,NULL
8269,16,16,0,16,205,2016-12-30 13:00:00,89.94727325439453,-72.0,NULL
8270,16,16,0,16,206,2016-12-30 14:00:00,89.94727325439453,-72.0,NULL
8271,16,16,0,16,207,2016-12-30 15:00:00,89.94727325439453,-72.0,NULL
8272,16,16,0,16,208,2016-12-30 16:00:00,89.94727325439453,-72.0,NULL
8273,16,16,0,16,209,2016-12-30 17:00:00,89.94727325439453,-72.0,NULL
8274,16,16,0,16,210,2016-12-30 18:00:00,89.94727325439453,-72.0,NULL
8275,16,16,0,16,211,2016-12-30 19:00:00,89.94727325439453,-72.0,NULL
8276,16,16,0,16,212,2016-12-30 20:00:00,89.94727325439453,-72.0,NULL
8277,16,16,0,16,213,2016-12-30 21:00:00,89.94727325439453,-72.0,NULL
8278,16,16,0,16,214,2016-12-30 22:00:00,89.94727325439453,-72.0,NULL
8279,16,16,0,16,215,2016-12-30 23:00:00,89.94727325439453,-72.0,NULL
8280,16,16,0,16,216,2016-12-31 00:00:00,89.94727325439453,-72.0,NULL
8281,16,16,0,16,217,2016-12-31 01:00:00,89.94727325439453,-72.0,-21.0
8282,16,16,0,16,218,2016-12-31 02:00:00,89.94727325439453,-72.0,-20.9
8283,16,16,0,16,219,2016-12-31 03:00:00,89.94727325439453,-72.0,-20.7
8284,16,16,0,16,220,2016-12-31 04:00:00,89.94727325439453,-72.0,-20.45
8285,16,16,0,16,221,2016-12-31 05:00:00,89.94727325439453,-72.0,-20.15
8286,16,16,0,16,222,2016-12-31 06:00:00,89.94727325439453,-72.0,-19.9
8287,16,16,0,16,223,2016-12-31 07:00:00,89.94727325439453,-72.0,-19.6
8288,16,16,0,16,224,2016-12-31 08:00:00,89.94727325439453,-72.0,-19.35
8289,16,16,0,16,225,2016-12-31 09:00:00,89.94727325439453,-72.0,-19.05
8290,16,16,0,16,226,2016-12-31 10:00:00,89.94727325439453,-72.0,-18.8
8291,16,16,0,16,227,2016-12-31 11:00:00,89.94727325439453,-72.0,-18.65
8292,16,16,0,16,228,2016-12-31 12:00:00,89.94727325439453,-72.0,-18.65
8293,16,16,0,16,229,2016-12-31 13:00:00,89.94727325439453,-72.0,-19.75
8294,16,16,0,16,230,2016-12-31 14:00:00,89.94727325439453,-72.0,-19.6
8295,16,16,0,16,231,2016-12-31 15:00:00,89.94727325439453,-72.0,-19.5
8296,16,16,0,16,232,2016-12-31 16:00:00,89.94727325439453,-72.0,-19.45
8297,16,16,0,16,233,2016-12-31 17:00:00,89.94727325439453,-72.0,-19.45
8298,16,16,0,16,234,2016-12-31 18:00:00,89.94727325439453,-72.0,-19.5
8299,16,16,0,16,235,2016-12-31 19:00:00,89.94727325439453,-72.0,-19.55
8300,16,16,0,16,236,2016-12-31 20:00:00,89.94727325439453,-72.0,-19.6
8301,16,16,0,16,237,2016-12-31 21:00:00,89.94727325439453,-72.0,-19.45
8302,16,16,0,16,238,2016-12-31 22:00:00,89.94727325439453,-72.0,-19.35
8303,16,16,0,16,239,2016-12-31 23:00:00,89.94727325439453,-72.0,-19.1
8304,16,16,0,16,240,2017-01-01 00:00:00,89.94727325439453,-72.0,-18.65
8305,16,16,0,16,241,2017-01-01 01:00:00,89.94727325439453,-72.0,-18.2
8306,16,16,0,16,242,2017-01-01 02:00:00,89.94727325439453,-72.0,-17.95
8307,16,16,0,16,243,2017-01-01 03:00:00,89.94727325439453,-72.0,-17.65
8308,16,16,0,16,244,2017-01-01 04:00:00,89.94727325439453,-72.0,-17.5
8309,16,16,0,16,245,2017-01-01 05:00:00,89.94727325439453,-72.0,-17.5
8310,16,16,0,16,246,2017-01-01 06:00:00,89.94727325439453,-72.0,-17.8
8311,16,16,0,16,247,2017-01-01 07:00:00,89.94727325439453,-72.0,-18.4
8312,16,16,0,16,248,2017-01-01 08:00:00,89.94727325439453,-72.0,-18.55
8313,16,16,0,16,249,2017-01-01 09:00:00,89.94727325439453,-72.0,-18.7
8314,16,16,0,16,250,2017-01-01 10:00:00,89.94727325439453,-72.0,-18.75
8315,16,16,0,16,251,2017-01-01 11:00:00,89.94727325439453,-72.0,-18.9
8316,16,16,0,16,252,2017-01-01 12:00:00,89.94727325439453,-72.0,-19.15
8317,16,16,0,16,253,2017-01-01 13:00:00,89.94727325439453,-72.0,-20.65
8318,16,16,0,16,254,2017-01-01 14:00:00,89.94727325439453,-72.0,-21.0
8319,16,16,0,16,255,2017-01-01 15:00:00,89.94727325439453,-72.0,-21.35
8320,16,16,0,16,256,2017-01-01 16:00:00,89.94727325439453,-72.0,-21.65
8321,16,16,0,16,257,2017-01-01 17:00:00,89.94727325439453,-72.0,-21.9
8322,16,16,0,16,258,2017-01-01 18:00:00,89.94727325439453,-72.0,-22.05
8323,16,16,0,16,259,2017-01-01 19:00:00,89.94727325439453,-72.0,-21.95
8324,16,16,0,16,260,2017-01-01 20:00:00,89.94727325439453,-72.0,-21.5
8325,16,16,0,16,261,2017-01-01 21:00:00,89.94727325439453,-72.0,-20.7
8326,16,16,0,16,262,2017-01-01 22:00:00,89.94727325439453,-72.0,-19.85
8327,16,16,0,16,263,2017-01-01 23:00:00,89.94727325439453,-72.0,-19.55
8328,16,16,0,16,264,2017-01-02 00:00:00,89.94727325439453,-72.0,-19.7
8329,16,16,0,16,265,2017-01-02 01:00:00,89.94727325439453,-72.0,NULL
8330,16,16,0,16,266,2017-01-02 02:00:00,89.94727325439453,-72.0,NULL
8331,16,16,0,16,267,2017-01-02 03:00:00,89.94727325439453,-72.0,NULL
8332,16,16,0,16,268,2017-01-02 04:00:00,89.94727325439453,-72.0,NULL
8333,16,16,0,16,269,2017-01-02 05:00:00,89.94727325439453,-72.0,NULL
8334,16,16,0,16,270,2017-01-02 06:00:00,89.94727325439453,-72.0,NULL
8335,16,16,0,16,271,2017-01-02 07:00:00,89.94727325439453,-72.0,NULL
8336,16,16,0,16,272,2017-01-02 08:00:00,89.94727325439453,-72.0,NULL
8337,16,16,0,16,273,2017-01-02 09:00:00,89.94727325439453,-72.0,NULL
8338,16,16,0,16,274,2017-01-02 10:00:00,89.94727325439453,-72.0,NULL
8339,16,16,0,16,275,2017-01-02 11:00:00,89.94727325439453,-72.0,NULL
8340,16,16,0,16,276,2017-01-02 12:00:00,89.94727325439453,-72.0,NULL
8341,16,16,0,16,277,2017-01-02 13:00:00,89.94727325439453,-72.0,NULL
8342,16,16,0,16,278,2017-01-02 14:00:00,89.94727325439453,-72.0,NULL
8343,16,16,0,16,279,2017-01-02 15:00:00,89.94727325439453,-72.0,NULL
8344,16,16,0,16,280,2017-01-02 16:00:00,89.94727325439453,-72.0,NULL
8345,16,16,0,16,281,2017-01-02 17:00:00,89.94727325439453,-72.0,NULL
8346,16,16,0,16,282,2017-01-02 18:00:00,89.94727325439453,-72.0,NULL
8347,16,16,0,16,283,2017-01-02 19:00:00,89.94727325439453,-72.0,NULL
8348,16,16,0,16,284,2017-01-02 20:00:00,89.94727325439453,-72.0,NULL
8349,16,16,0,16,285,2017-01-02 21:00:00,89.94727325439453,-72.0,NULL
8350,16,16,0,16,286,2017-01-02 22:00:00,89.94727325439453,-72.0,NULL
8351,16,16,0,16,287,2017-01-02 23:00:00,89.94727325439453,-72.0,NULL
8352,16,16,0,16,288,2017-01-03 00:00:00,89.94727325439453,-72.0,NULL
8353,16,16,0,16,289,2017-01-03 01:00:00,89.94727325439453,-72.0,NULL
8354,16,16,0,16,290,2017-01-03 02:00:00,89.94727325439453,-72.0,NULL
8355,16,16,0,16,291,2017-01-03 03:00:00,89.94727325439453,-72.0,NULL
8356,16,16,0,16,292,2017-01-03 04:00:00,89.94727325439453,-72.0,NULL
8357,16,16,0,16,293,2017-01-03 05:00:00,89.94727325439453,-72.0,NULL
8358,16,16,0,16,294,2017-01-03 06:00:00,89.94727325439453,-72.0,NULL
8359,16,16,0,16,295,2017-01-03 07:00:00,89.94727325439453,-72.0,NULL
8360,16,16,0,16,296,2017-01-03 08:00:00,89.94727325439453,-72.0,NULL
8361,16,16,0,16,297,2017-01-03 09:00:00,89.94727325439453,-72.0,NULL
8362,16,16,0,16,298,2017-01-03 10:00:00,89.94727325439453,-72.0,NULL
8363,16,16,0,16,299,2017-01-03 11:00:00,89.94727325439453,-72.0,NULL
8364,16,16,0,16,300,2017-01-03 12:00:00,89.94727325439453,-72.0,NULL
8365,16,16,0,16,301,2017-01-03 13:00:00,89.94727325439453,-72.0,NULL
8366,16,16,0,16,302,2017-01-03 14:00:00,89.94727325439453,-72.0,NULL
8367,16,16,0,16,303,2017-01-03 15:00:00,89.94727325439453,-72.0,NULL
8368,16,16,0,16,304,2017-01-03 16:00:00,89.94727325439453,-72.0,NULL
8369,16,16,0,16,305,2017-01-03 17:00:00,89.94727325439453,-72.0,NULL
8370,16,16,0,16,306,2017-01-03 18:00:00,89.94727325439453,-72.0,NULL
8371,16,16,0,16,307,2017-01-03 19:00:00,89.94727325439453,-72.0,NULL
8372,16,16,0,16,308,2017-01-03 20:00:00,89.94727325439453,-72.0,NULL
8373,16,16,0,16,309,2017-01-03 21:00:00,89.94727325439453,-72.0,NULL
8374,16,16,0,16,310,2017-01-03 22:00:00,89.94727325439453,-72.0,NULL
8375,16,16,0,16,311,2017-01-03 23:00:00,89.94727325439453,-72.0,NULL
8376,16,16,0,16,312,2017-01-04 00:00:00,89.94727325439453,-72.0,NULL
8377,16,16,0,16,313,2017-01-04 01:00:00,89.94727325439453,-72.0,NULL
8378,16,16,0,16,314,2017-01-04 02:00:00,89.94727325439453,-72.0,NULL
8379,16,16,0,16,315,2017-01-04 03:00:00,89.94727325439453,-72.0,NULL
8380,16,16,0,16,316,2017-01-04 04:00:00,89.94727325439453,-72.0,NULL
8381,16,16,0,16,317,2017-01-04 05:00:00,89.94727325439453,-72.0,NULL
8382,16,16,0,16,318,2017-01-04 06:00:00,89.94727325439453,-72.0,NULL
8383,16,16,0,16,319,2017-01-04 07:00:00,89.94727325439453,-72.0,NULL
8384,16,16,0,16,320,2017-01-04 08:00:00,89.94727325439453,-72.0,NULL
8385,16,16,0,16,321,2017-01-04 09:00:00,89.94727325439453,-72.0,NULL
8386,16,16,0,16,322,2017-01-04 10:00:00,89.94727325439453,-72.0,NULL
8387,16,16,0,16,323,2017-01-04 11:00:00,89.94727325439453,-72.0,NULL
8388,16,16,0,16,324,2017-01-04 12:00:00,89.94727325439453,-72.0,NULL
8389,16,16,0,16,325,2017-01-04 13:00:00,89.94727325439453,-72.0,NULL
8390,16,16,0,16,326,2017-01-04 14:00:00,89.94727325439453,-72.0,NULL
8391,16,16,0,16,327,2017-01-04 15:00:00,89.94727325439453,-72.0,NULL
8392,16,16,0,16,328,2017-01-04 16:00:00,89.94727325439453,-72.0,NULL
8393,16,16,0,16,329,2017-01-04 17:00:00,89.94727325439453,-72.0,NULL
8394,16,16,0,16,330,2017-01-04 18:00:00,89.94727325439453,-72.0,NULL
8395,16,16,0,16,331,2017-01-04 19:00:00,89.94727325439453,-72.0,NULL
8396,16,16,0,16,332,2017-01-04 20:00:00,89.94727325439453,-72.0,NULL
8397,16,16,0,16,333,2017-01-04 21:00:00,89.94727325439453,-72.0,NULL
8398,16,16,0,16,334,2017-01-04 22:00:00,89.94727325439453,-72.0,NULL
8399,16,16,0,16,335,2017-01-04 23:00:00,89.94727325439453,-72.0,NULL
8400,16,16,0,16,336,2017-01-05 00:00:00,89.94727325439453,-72.0,NULL
8401,16,16,0,16,337,2017-01-05 01:00:00,89.94727325439453,-72.0,NULL
8402,16,16,0,16,338,2017-01-05 02:00:00,89.94727325439453,-72.0,NULL
8403,16,16,0,16,339,2017-01-05 03:00:00,89.94727325439453,-72.0,NULL
8404,16,16,0,16,340,2017-01-05 04:00:00,89.94727325439453,-72.0,NULL
8405,16,16,0,16,341,2017-01-05 05:00:00,89.94727325439453,-72.0,NULL
8406,16,16,0,16,342,2017-01-05 06:00:00,89.94727325439453,-72.0,NULL
8407,16,16,0,16,343,2017-01-05 07:00:00,89.94727325439453,-72.0,NULL
8408,16,16,0,16,344,2017-01-05 08:00:00,89.94727325439453,-72.0,NULL
8409,16,16,0,16,345,2017-01-05 09:00:00,89.94727325439453,-72.0,NULL
8410,16,16,0,16,346,2017-01-05 10:00:00,89.94727325439453,-72.0,NULL
8411,16,16,0,16,347,2017-01-05 11:00:00,89.94727325439453,-72.0,NULL
8412,16,16,0,16,348,2017-01-05 12:00:00,89.94727325439453,-72.0,NULL
8413,16,16,0,16,349,2017-01-05 13:00:00,89.94727325439453,-72.0,NULL
8414,16,16,0,16,350,2017-01-05 14:00:00,89.94727325439453,-72.0,NULL
8415,16,16,0,16,351,2017-01-05 15:00:00,89.94727325439453,-72.0,NULL
8416,16,16,0,16,352,2017-01-05 16:00:00,89.94727325439453,-72.0,NULL
8417,16,16,0,16,353,2017-01-05 17:00:00,89.94727325439453,-72.0,NULL
8418,16,16,0,16,354,2017-01-05 18:00:00,89.94727325439453,-72.0,NULL
8419,16,16,0,16,355,2017-01-05 19:00:00,89.94727325439453,-72.0,NULL
8420,16,16,0,16,356,2017-01-05 20:00:00,89.94727325439453,-72.0,NULL
8421,16,16,0,16,357,2017-01-05 21:00:00,89.94727325439453,-72.0,NULL
8422,16,16,0,16,358,2017-01-05 22:00:00,89.94727325439453,-72.0,NULL
8423,16,16,0,16,359,2017-01-05 23:00:00,89.94727325439453,-72.0,NULL
8424,16,16,0,16,360,2017-01-06 00:00:00,89.94727325439453,-72.0,NULL
8425,16,16,0,16,361,2017-01-06 01:00:00,89.94727325439453,-72.0,NULL
8426,16,16,0,16,362,2017-01-06 02:00:00,89.94727325439453,-72.0,NULL
8427,16,16,0,16,363,2017-01-06 03:00:00,89.94727325439453,-72.0,NULL
8428,16,16,0,16,364,2017-01-06 04:00:00,89.94727325439453,-72.0,NULL
8429,16,16,0,16,365,2017-01-06 05:00:00,89.94727325439453,-72.0,NULL
8430,16,16,0,16,366,2017-01-06 06:00:00,89.94727325439453,-72.0,NULL
8431,16,16,0,16,367,2017-01-06 07:00:00,89.94727325439453,-72.0,NULL
8432,16,16,0,16,368,2017-01-06 08:00:00,89.94727325439453,-72.0,NULL
8433,16,16,0,16,369,2017-01-06 09:00:00,89.94727325439453,-72.0,NULL
8434,16,16,0,16,370,2017-01-06 10:00:00,89.94727325439453,-72.0,NULL
8435,16,16,0,16,371,2017-01-06 11:00:00,89.94727325439453,-72.0,NULL
8436,16,16,0,16,372,2017-01-06 12:00:00,89.94727325439453,-72.0,NULL
8437,16,16,0,16,373,2017-01-06 13:00:00,89.94727325439453,-72.0,NULL
8438,16,16,0,16,374,2017-01-06 14:00:00,89.94727325439453,-72.0,NULL
8439,16,16,0,16,375,2017-01-06 15:00:00,89.94727325439453,-72.0,NULL
8440,16,16,0,16,376,2017-01-06 16:00:00,89.94727325439453,-72.0,NULL
8441,16,16,0,16,377,2017-01-06 17:00:00,89.94727325439453,-72.0,NULL
8442,16,16,0,16,378,2017-01-06 18:00:00,89.94727325439453,-72.0,NULL
8443,16,16,0,16,379,2017-01-06 19:00:00,89.94727325439453,-72.0,NULL
8444,16,16,0,16,380,2017-01-06 20:00:00,89.94727325439453,-72.0,NULL
8445,16,16,0,16,381,2017-01-06 21:00:00,89.94727325439453,-72.0,NULL
8446,16,16,0,16,382,2017-01-06 22:00:00,89.94727325439453,-72.0,NULL
8447,16,16,0,16,383,2017-01-06 23:00:00,89.94727325439453,-72.0,NULL
8448,16,16,0,16,384,2017-01-07 00:00:00,89.94727325439453,-72.0,NULL
8449,16,16,0,16,385,2017-01-07 01:00:00,89.94727325439453,-72.0,NULL
8450,16,16,0,16,386,2017-01-07 02:00:00,89.94727325439453,-72.0,NULL
8451,16,16,0,16,387,2017-01-07 03:00:00,89.94727325439453,-72.0,NULL
8452,16,16,0,16,388,2017-01-07 04:00:00,89.94727325439453,-72.0,NULL
8453,16,16,0,16,389,2017-01-07 05:00:00,89.94727325439453,-72.0,NULL
8454,16,16,0,16,390,2017-01-07 06:00:00,89.94727325439453,-72.0,NULL
8455,16,16,0,16,391,2017-01-07 07:00:00,89.94727325439453,-72.0,NULL
8456,16,16,0,16,392,2017-01-07 08:00:00,89.94727325439453,-72.0,NULL
8457,16,16,0,16,393,2017-01-07 09:00:00,89.94727325439453,-72.0,NULL
8458,16,16,0,16,394,2017-01-07 10:00:00,89.94727325439453,-72.0,NULL
8459,16,16,0,16,395,2017-01-07 11:00:00,89.94727325439453,-72.0,NULL
8460,16,16,0,16,396,2017-01-07 12:00:00,89.94727325439453,-72.0,NULL
8461,16,16,0,16,397,2017-01-07 13:00:00,89.94727325439453,-72.0,NULL
8462,16,16,0,16,398,2017-01-07 14:00:00,89.94727325439453,-72.0,NULL
8463,16,16,0,16,399,2017-01-07 15:00:00,89.94727325439453,-72.0,NULL
8464,16,16,0,16,400,2017-01-07 16:00:00,89.94727325439453,-72.0,NULL
8465,16,16,0,16,401,2017-01-07 17:00:00,89.94727325439453,-72.0,NULL
8466,16,16,0,16,402,2017-01-07 18:00:00,89.94727325439453,-72.0,NULL
8467,16,16,0,16,403,2017-01-07 19:00:00,89.94727325439453,-72.0,NULL
8468,16,16,0,16,404,2017-01-07 20:00:00,89.94727325439453,-72.0,NULL
8469,16,16,0,16,405,2017-01-07 21:00:00,89.94727325439453,-72.0,NULL
8470,16,16,0,16,406,2017-01-07 22:00:00,89.94727325439453,-72.0,NULL
8471,16,16,0,16,407,2017-01-07 23:00:00,89.94727325439453,-72.0,NULL
8472,16,16,0,16,408,2017-01-08 00:00:00,89.94727325439453,-72.0,NULL
8473,16,16,0,16,409,2017-01-08 01:00:00,89.94727325439453,-72.0,NULL
8474,16,16,0,16,410,2017-01-08 02:00:00,89.94727325439453,-72.0,NULL
8475,16,16,0,16,411,2017-01-08 03:00:00,89.94727325439453,-72.0,NULL
8476,16,16,0,16,412,2017-01-08 04:00:00,89.94727325439453,-72.0,NULL
8477,16,16,0,16,413,2017-01-08 05:00:00,89.94727325439453,-72.0,NULL
8478,16,16,0,16,414,2017-01-08 06:00:00,89.94727325439453,-72.0,NULL
8479,16,16,0,16,415,2017-01-08 07:00:00,89.94727325439453,-72.0,NULL
8480,16,16,0,16,416,2017-01-08 08:00:00,89.94727325439453,-72.0,NULL
8481,16,16,0,16,417,2017-01-08 09:00:00,89.94727325439453,-72.0,NULL
8482,16,16,0,16,418,2017-01-08 10:00:00,89.94727325439453,-72.0,NULL
8483,16,16,0,16,419,2017-01-08 11:00:00,89.94727325439453,-72.0,NULL
8484,16,16,0,16,420,2017-01-08 12:00:00,89.94727325439453,-72.0,NULL
8485,16,16,0,16,421,2017-01-08 13:00:00,89.94727325439453,-72.0,NULL
8486,16,16,0,16,422,2017-01-08 14:00:00,89.94727325439453,-72.0,NULL
8487,16,16,0,16,423,2017-01-08 15:00:00,89.94727325439453,-72.0,NULL
8488,16,16,0,16,424,2017-01-08 16:00:00,89.94727325439453,-72.0,NULL
8489,16,16,0,16,425,2017-01-08 17:00:00,89.94727325439453,-72.0,NULL
8490,16,16,0,16,426,2017-01-08 18:00:00,89.94727325439453,-72.0,NULL
8491,16,16,0,16,427,2017-01-08 19:00:00,89.94727325439453,-72.0,NULL
8492,16,16,0,16,428,2017-01-08 20:00:00,89.94727325439453,-72.0,NULL
8493,16,16,0,16,429,2017-01-08 21:00:00,89.94727325439453,-72.0,NULL
8494,16,16,0,16,430,2017-01-08 22:00:00,89.94727325439453,-72.0,NULL
8495,16,16,0,16,431,2017-01-08 23:00:00,89.94727325439453,-72.0,NULL
8496,16,16,0,16,432,2017-01-09 00:00:00,89.94727325439453,-72.0,NULL
8497,16,16,0,16,433,2017-01-09 01:00:00,89.94727325439453,-72.0,NULL
8498,16,16,0,16,434,2017-01-09 02:00:00,89.94727325439453,-72.0,NULL
8499,16,16,0,16,435,2017-01-09 03:00:00,89.94727325439453,-72.0,NULL
8500,16,16,0,16,436,2017-01-09 04:00:00,89.94727325439453,-72.0,NULL
8501,16,16,0,16,437,2017-01-09 05:00:00,89.94727325439453,-72.0,NULL
8502,16,16,0,16,438,2017-01-09 06:00:00,89.94727325439453,-72.0,NULL
8503,16,16,0,16,439,2017-01-09 07:00:00,89.94727325439453,-72.0,NULL
8504,16,16,0,16,440,2017-01-09 08:00:00,89.94727325439453,-72.0,NULL
8505,16,16,0,16,441,2017-01-09 09:00:00,89.94727325439453,-72.0,NULL
8506,16,16,0,16,442,2017-01-09 10:00:00,89.94727325439453,-72.0,NULL
8507,16,16,0,16,443,2017-01-09 11:00:00,89.94727325439453,-72.0,NULL
8508,16,16,0,16,444,2017-01-09 12:00:00,89.94727325439453,-72.0,NULL
8509,16,16,0,16,445,2017-01-09 13:00:00,89.94727325439453,-72.0,NULL
8510,16,16,0,16,446,2017-01-09 14:00:00,89.94727325439453,-72.0,NULL
8511,16,16,0,16,447,2017-01-09 15:00:00,89.94727325439453,-72.0,NULL
8512,16,16,0,16,448,2017-01-09 16:00:00,89.94727325439453,-72.0,NULL
8513,16,16,0,16,449,2017-01-09 17:00:00,89.94727325439453,-72.0,NULL
8514,16,16,0,16,450,2017-01-09 18:00:00,89.94727325439453,-72.0,NULL
8515,16,16,0,16,451,2017-01-09 19:00:00,89.94727325439453,-72.0,NULL
8516,16,16,0,16,452,2017-01-09 20:00:00,89.94727325439453,-72.0,NULL
8517,16,16,0,16,453,2017-01-09 21:00:00,89.94727325439453,-72.0,NULL
8518,16,16,0,16,454,2017-01-09 22:00:00,89.94727325439453,-72.0,NULL
8519,16,16,0,16,455,2017-01-09 23:00:00,89.94727325439453,-72.0,NULL
8520,16,16,0,16,456,2017-01-10 00:00:00,89.94727325439453,-72.0,NULL
8521,16,16,0,16,457,2017-01-10 01:00:00,89.94727325439453,-72.0,NULL
8522,16,16,0,16,458,2017-01-10 02:00:00,89.94727325439453,-72.0,NULL
8523,16,16,0,16,459,2017-01-10 03:00:00,89.94727325439453,-72.0,NULL
8524,16,16,0,16,460,2017-01-10 04:00:00,89.94727325439453,-72.0,NULL
8525,16,16,0,16,461,2017-01-10 05:00:00,89.94727325439453,-72.0,NULL
8526,16,16,0,16,462,2017-01-10 06:00:00,89.94727325439453,-72.0,NULL
8527,16,16,0,16,463,2017-01-10 07:00:00,89.94727325439453,-72.0,NULL
8528,16,16,0,16,464,2017-01-10 08:00:00,89.94727325439453,-72.0,NULL
8529,16,16,0,16,465,2017-01-10 09:00:00,89.94727325439453,-72.0,NULL
8530,16,16,0,16,466,2017-01-10 10:00:00,89.94727325439453,-72.0,NULL
8531,16,16,0,16,467,2017-01-10 11:00:00,89.94727325439453,-72.0,NULL
8532,16,16,0,16,468,2017-01-10 12:00:00,89.94727325439453,-72.0,NULL
8533,16,16,0,16,469,2017-01-10 13:00:00,89.94727325439453,-72.0,NULL
8534,16,16,0,16,470,2017-01-10 14:00:00,89.94727325439453,-72.0,NULL
8535,16,16,0,16,471,2017-01-10 15:00:00,89.94727325439453,-72.0,NULL
8536,16,16,0,16,472,2017-01-10 16:00:00,89.94727325439453,-72.0,NULL
8537,16,16,0,16,473,2017-01-10 17:00:00,89.94727325439453,-72.0,NULL
8538,16,16,0,16,474,2017-01-10 18:00:00,89.94727325439453,-72.0,NULL
8539,16,16,0,16,475,2017-01-10 19:00:00,89.94727325439453,-72.0,NULL
8540,16,16,0,16,476,2017-01-10 20:00:00,89.94727325439453,-72.0,NULL
8541,16,16,0,16,477,2017-01-10 21:00:00,89.94727325439453,-72.0,NULL
8542,16,16,0,16,478,2017-01-10 22:00:00,89.94727325439453,-72.0,NULL
8543,16,16,0,16,479,2017-01-10 23:00:00,89.94727325439453,-72.0,NULL
8544,16,16,0,16,480,2017-01-11 00:00:00,89.94727325439453,-72.0,NULL
8545,16,16,0,16,481,2017-01-11 01:00:00,89.94727325439453,-72.0,NULL
8546,16,16,0,16,482,2017-01-11 02:00:00,89.94727325439453,-72.0,NULL
8547,16,16,0,16,483,2017-01-11 03:00:00,89.94727325439453,-72.0,NULL
8548,16,16,0,16,484,2017-01-11 04:00:00,89.94727325439453,-72.0,NULL
8549,16,16,0,16,485,2017-01-11 05:00:00,89.94727325439453,-72.0,NULL
8550,16,16,0,16,486,2017-01-11 06:00:00,89.94727325439453,-72.0,NULL
8551,16,16,0,16,487,2017-01-11 07:00:00,89.94727325439453,-72.0,NULL
8552,16,16,0,16,488,2017-01-11 08:00:00,89.94727325439453,-72.0,NULL
8553,16,16,0,16,489,2017-01-11 09:00:00,89.94727325439453,-72.0,NULL
8554,16,16,0,16,490,2017-01-11 10:00:00,89.94727325439453,-72.0,NULL
8555,16,16,0,16,491,2017-01-11 11:00:00,89.94727325439453,-72.0,NULL
8556,16,16,0,16,492,2017-01-11 12:00:00,89.94727325439453,-72.0,NULL
8557,16,16,0,16,493,2017-01-11 13:00:00,89.94727325439453,-72.0,NULL
8558,16,16,0,16,494,2017-01-11 14:00:00,89.94727325439453,-72.0,NULL
8559,16,16,0,16,495,2017-01-11 15:00:00,89.94727325439453,-72.0,NULL
8560,16,16,0,16,496,2017-01-11 16:00:00,89.94727325439453,-72.0,NULL
8561,16,16,0,16,497,2017-01-11 17:00:00,89.94727325439453,-72.0,NULL
8562,16,16,0,16,498,2017-01-11 18:00:00,89.94727325439453,-72.0,NULL
8563,16,16,0,16,499,2017-01-11 19:00:00,89.94727325439453,-72.0,NULL
8564,16,16,0,16,500,2017-01-11 20:00:00,89.94727325439453,-72.0,NULL
8565,16,16,0,16,501,2017-01-11 21:00:00,89.94727325439453,-72.0,NULL
8566,16,16,0,16,502,2017-01-11 22:00:00,89.94727325439453,-72.0,NULL
8567,16,16,0,16,503,2017-01-11 23:00:00,89.94727325439453,-72.0,NULL
8568,17,17,0,17,0,2016-12-22 00:00:00,89.94727325439453,-54.0,NULL
8569,17,17,0,17,1,2016-12-22 01:00:00,89.94727325439453,-54.0,NULL
8570,17,17,0,17,2,2016-12-22 02:00:00,89.94727325439453,-54.0,NULL
8571,17,17,0,17,3,2016-12-22 03:00:00,89.94727325439453,-54.0,NULL
8572,17,17,0,17,4,2016-12-22 04:00:00,89.94727325439453,-54.0,NULL
8573,17,17,0,17,5,2016-12-22 05:00:00,89.94727325439453,-54.0,NULL
8574,17,17,0,17,6,2016-12-22 06:00:00,89.94727325439453,-54.0,NULL
8575,17,17,0,17,7,2016-12-22 07:00:00,89.94727325439453,-54.0,NULL
8576,17,17,0,17,8,2016-12-22 08:00:00,89.94727325439453,-54.0,NULL
8577,17,17,0,17,9,2016-12-22 09:00:00,89.94727325439453,-54.0,NULL
8578,17,17,0,17,10,2016-12-22 10:00:00,89.94727325439453,-54.0,NULL
8579,17,17,0,17,11,2016-12-22 11:00:00,89.94727325439453,-54.0,NULL
8580,17,17,0,17,12,2016-12-22 12:00:00,89.94727325439453,-54.0,NULL
8581,17,17,0,17,13,2016-12-22 13:00:00,89.94727325439453,-54.0,NULL
8582,17,17,0,17,14,2016-12-22 14:00:00,89.94727325439453,-54.0,NULL
8583,17,17,0,17,15,2016-12-22 15:00:00,89.94727325439453,-54.0,NULL
8584,17,17,0,17,16,2016-12-22 16:00:00,89.94727325439453,-54.0,NULL
8585,17,17,0,17,17,2016-12-22 17:00:00,89.94727325439453,-54.0,NULL
8586,17,17,0,17,18,2016-12-22 18:00:00,89.94727325439453,-54.0,NULL
8587,17,17,0,17,19,2016-12-22 19:00:00,89.94727325439453,-54.0,NULL
8588,17,17,0,17,20,2016-12-22 20:00:00,89.94727325439453,-54.0,NULL
8589,17,17,0,17,21,2016-12-22 21:00:00,89.94727325439453,-54.0,NULL
8590,17,17,0,17,22,2016-12-22 22:00:00,89.94727325439453,-54.0,NULL
8591,17,17,0,17,23,2016-12-22 23:00:00,89.94727325439453,-54.0,NULL
8592,17,17,0,17,24,2016-12-23 00:00:00,89.94727325439453,-54.0,NULL
8593,17,17,0,17,25,2016-12-23 01:00:00,89.94727325439453,-54.0,NULL
8594,17,17,0,17,26,2016-12-23 02:00:00,89.94727325439453,-54.0,NULL
8595,17,17,0,17,27,2016-12-23 03:00:00,89.94727325439453,-54.0,NULL
8596,17,17,0,17,28,2016-12-23 04:00:00,89.94727325439453,-54.0,NULL
8597,17,17,0,17,29,2016-12-23 05:00:00,89.94727325439453,-54.0,NULL
8598,17,17,0,17,30,2016-12-23 06:00:00,89.94727325439453,-54.0,NULL
8599,17,17,0,17,31,2016-12-23 07:00:00,89.94727325439453,-54.0,NULL
8600,17,17,0,17,32,2016-12-23 08:00:00,89.94727325439453,-54.0,NULL
8601,17,17,0,17,33,2016-12-23 09:00:00,89.94727325439453,-54.0,NULL
8602,17,17,0,17,34,2016-12-23 10:00:00,89.94727325439453,-54.0,NULL
8603,17,17,0,17,35,2016-12-23 11:00:00,89.94727325439453,-54.0,NULL
8604,17,17,0,17,36,2016-12-23 12:00:00,89.94727325439453,-54.0,NULL
8605,17,17,0,17,37,2016-12-23 13:00:00,89.94727325439453,-54.0,NULL
8606,17,17,0,17,38,2016-12-23 14:00:00,89.94727325439453,-54.0,NULL
8607,17,17,0,17,39,2016-12-23 15:00:00,89.94727325439453,-54.0,NULL
8608,17,17,0,17,40,2016-12-23 16:00:00,89.94727325439453,-54.0,NULL
8609,17,17,0,17,41,2016-12-23 17:00:00,89.94727325439453,-54.0,NULL
8610,17,17,0,17,42,2016-12-23 18:00:00,89.94727325439453,-54.0,NULL
8611,17,17,0,17,43,2016-12-23 19:00:00,89.94727325439453,-54.0,NULL
8612,17,17,0,17,44,2016-12-23 20:00:00,89.94727325439453,-54.0,NULL
8613,17,17,0,17,45,2016-12-23 21:00:00,89.94727325439453,-54.0,NULL
8614,17,17,0,17,46,2016-12-23 22:00:00,89.94727325439453,-54.0,NULL
8615,17,17,0,17,47,2016-12-23 23:00:00,89.94727325439453,-54.0,NULL
8616,17,17,0,17,48,2016-12-24 00:00:00,89.94727325439453,-54.0,NULL
8617,17,17,0,17,49,2016-12-24 01:00:00,89.94727325439453,-54.0,NULL
8618,17,17,0,17,50,2016-12-24 02:00:00,89.94727325439453,-54.0,NULL
8619,17,17,0,17,51,2016-12-24 03:00:00,89.94727325439453,-54.0,NULL
8620,17,17,0,17,52,2016-12-24 04:00:00,89.94727325439453,-54.0,NULL
8621,17,17,0,17,53,2016-12-24 05:00:00,89.94727325439453,-54.0,NULL
8622,17,17,0,17,54,2016-12-24 06:00:00,89.94727325439453,-54.0,NULL
8623,17,17,0,17,55,2016-12-24 07:00:00,89.94727325439453,-54.0,NULL
8624,17,17,0,17,56,2016-12-24 08:00:00,89.94727325439453,-54.0,NULL
8625,17,17,0,17,57,2016-12-24 09:00:00,89.94727325439453,-54.0,NULL
8626,17,17,0,17,58,2016-12-24 10:00:00,89.94727325439453,-54.0,NULL
8627,17,17,0,17,59,2016-12-24 11:00:00,89.94727325439453,-54.0,NULL
8628,17,17,0,17,60,2016-12-24 12:00:00,89.94727325439453,-54.0,NULL
8629,17,17,0,17,61,2016-12-24 13:00:00,89.94727325439453,-54.0,NULL
8630,17,17,0,17,62,2016-12-24 14:00:00,89.94727325439453,-54.0,NULL
8631,17,17,0,17,63,2016-12-24 15:00:00,89.94727325439453,-54.0,NULL
8632,17,17,0,17,64,2016-12-24 16:00:00,89.94727325439453,-54.0,NULL
8633,17,17,0,17,65,2016-12-24 17:00:00,89.94727325439453,-54.0,NULL
8634,17,17,0,17,66,2016-12-24 18:00:00,89.94727325439453,-54.0,NULL
8635,17,17,0,17,67,2016-12-24 19:00:00,89.94727325439453,-54.0,NULL
8636,17,17,0,17,68,2016-12-24 20:00:00,89.94727325439453,-54.0,NULL
8637,17,17,0,17,69,2016-12-24 21:00:00,89.94727325439453,-54.0,NULL
8638,17,17,0,17,70,2016-12-24 22:00:00,89.94727325439453,-54.0,NULL
8639,17,17,0,17,71,2016-12-24 23:00:00,89.94727325439453,-54.0,NULL
8640,17,17,0,17,72,2016-12-25 00:00:00,89.94727325439453,-54.0,NULL
8641,17,17,0,17,73,2016-12-25 01:00:00,89.94727325439453,-54.0,NULL
8642,17,17,0,17,74,2016-12-25 02:00:00,89.94727325439453,-54.0,NULL
8643,17,17,0,17,75,2016-12-25 03:00:00,89.94727325439453,-54.0,NULL
8644,17,17,0,17,76,2016-12-25 04:00:00,89.94727325439453,-54.0,NULL
8645,17,17,0,17,77,2016-12-25 05:00:00,89.94727325439453,-54.0,NULL
8646,17,17,0,17,78,2016-12-25 06:00:00,89.94727325439453,-54.0,NULL
8647,17,17,0,17,79,2016-12-25 07:00:00,89.94727325439453,-54.0,NULL
8648,17,17,0,17,80,2016-12-25 08:00:00,89.94727325439453,-54.0,NULL
8649,17,17,0,17,81,2016-12-25 09:00:00,89.94727325439453,-54.0,NULL
8650,17,17,0,17,82,2016-12-25 10:00:00,89.94727325439453,-54.0,NULL
8651,17,17,0,17,83,2016-12-25 11:00:00,89.94727325439453,-54.0,NULL
8652,17,17,0,17,84,2016-12-25 12:00:00,89.94727325439453,-54.0,NULL
8653,17,17,0,17,85,2016-12-25 13:00:00,89.94727325439453,-54.0,NULL
8654,17,17,0,17,86,2016-12-25 14:00:00,89.94727325439453,-54.0,NULL
8655,17,17,0,17,87,2016-12-25 15:00:00,89.94727325439453,-54.0,NULL
8656,17,17,0,17,88,2016-12-25 16:00:00,89.94727325439453,-54.0,NULL
8657,17,17,0,17,89,2016-12-25 17:00:00,89.94727325439453,-54.0,NULL
8658,17,17,0,17,90,2016-12-25 18:00:00,89.94727325439453,-54.0,NULL
8659,17,17,0,17,91,2016-12-25 19:00:00,89.94727325439453,-54.0,NULL
8660,17,17,0,17,92,2016-12-25 20:00:00,89.94727325439453,-54.0,NULL
8661,17,17,0,17,93,2016-12-25 21:00:00,89.94727325439453,-54.0,NULL
8662,17,17,0,17,94,2016-12-25 22:00:00,89.94727325439453,-54.0,NULL
8663,17,17,0,17,95,2016-12-25 23:00:00,89.94727325439453,-54.0,NULL
8664,17,17,0,17,96,2016-12-26 00:00:00,89.94727325439453,-54.0,NULL
8665,17,17,0,17,97,2016-12-26 01:00:00,89.94727325439453,-54.0,NULL
8666,17,17,0,17,98,2016-12-26 02:00:00,89.94727325439453,-54.0,NULL
8667,17,17,0,17,99,2016-12-26 03:00:00,89.94727325439453,-54.0,NULL
8668,17,17,0,17,100,2016-12-26 04:00:00,89.94727325439453,-54.0,NULL
8669,17,17,0,17,101,2016-12-26 05:00:00,89.94727325439453,-54.0,NULL
8670,17,17,0,17,102,2016-12-26 06:00:00,89.94727325439453,-54.0,NULL
8671,17,17,0,17,103,2016-12-26 07:00:00,89.94727325439453,-54.0,NULL
8672,17,17,0,17,104,2016-12-26 08:00:00,89.94727325439453,-54.0,NULL
8673,17,17,0,17,105,2016-12-26 09:00:00,89.94727325439453,-54.0,NULL
8674,17,17,0,17,106,2016-12-26 10:00:00,89.94727325439453,-54.0,NULL
8675,17,17,0,17,107,2016-12-26 11:00:00,89.94727325439453,-54.0,NULL
8676,17,17,0,17,108,2016-12-26 12:00:00,89.94727325439453,-54.0,NULL
8677,17,17,0,17,109,2016-12-26 13:00:00,89.94727325439453,-54.0,NULL
8678,17,17,0,17,110,2016-12-26 14:00:00,89.94727325439453,-54.0,NULL
8679,17,17,0,17,111,2016-12-26 15:00:00,89.94727325439453,-54.0,NULL
8680,17,17,0,17,112,2016-12-26 16:00:00,89.94727325439453,-54.0,NULL
8681,17,17,0,17,113,2016-12-26 17:00:00,89.94727325439453,-54.0,NULL
8682,17,17,0,17,114,2016-12-26 18:00:00,89.94727325439453,-54.0,NULL
8683,17,17,0,17,115,2016-12-26 19:00:00,89.94727325439453,-54.0,NULL
8684,17,17,0,17,116,2016-12-26 20:00:00,89.94727325439453,-54.0,NULL
8685,17,17,0,17,117,2016-12-26 21:00:00,89.94727325439453,-54.0,NULL
8686,17,17,0,17,118,2016-12-26 22:00:00,89.94727325439453,-54.0,NULL
8687,17,17,0,17,119,2016-12-26 23:00:00,89.94727325439453,-54.0,NULL
8688,17,17,0,17,120,2016-12-27 00:00:00,89.94727325439453,-54.0,NULL
8689,17,17,0,17,121,2016-12-27 01:00:00,89.94727325439453,-54.0,NULL
8690,17,17,0,17,122,2016-12-27 02:00:00,89.94727325439453,-54.0,NULL
8691,17,17,0,17,123,2016-12-27 03:00:00,89.94727325439453,-54.0,NULL
8692,17,17,0,17,124,2016-12-27 04:00:00,89.94727325439453,-54.0,NULL
8693,17,17,0,17,125,2016-12-27 05:00:00,89.94727325439453,-54.0,NULL
8694,17,17,0,17,126,2016-12-27 06:00:00,89.94727325439453,-54.0,NULL
8695,17,17,0,17,127,2016-12-27 07:00:00,89.94727325439453,-54.0,NULL
8696,17,17,0,17,128,2016-12-27 08:00:00,89.94727325439453,-54.0,NULL
8697,17,17,0,17,129,2016-12-27 09:00:00,89.94727325439453,-54.0,NULL
8698,17,17,0,17,130,2016-12-27 10:00:00,89.94727325439453,-54.0,NULL
8699,17,17,0,17,131,2016-12-27 11:00:00,89.94727325439453,-54.0,NULL
8700,17,17,0,17,132,2016-12-27 12:00:00,89.94727325439453,-54.0,NULL
8701,17,17,0,17,133,2016-12-27 13:00:00,89.94727325439453,-54.0,NULL
8702,17,17,0,17,134,2016-12-27 14:00:00,89.94727325439453,-54.0,NULL
8703,17,17,0,17,135,2016-12-27 15:00:00,89.94727325439453,-54.0,NULL
8704,17,17,0,17,136,2016-12-27 16:00:00,89.94727325439453,-54.0,NULL
8705,17,17,0,17,137,2016-12-27 17:00:00,89.94727325439453,-54.0,NULL
8706,17,17,0,17,138,2016-12-27 18:00:00,89.94727325439453,-54.0,NULL
8707,17,17,0,17,139,2016-12-27 19:00:00,89.94727325439453,-54.0,NULL
8708,17,17,0,17,140,2016-12-27 20:00:00,89.94727325439453,-54.0,NULL
8709,17,17,0,17,141,2016-12-27 21:00:00,89.94727325439453,-54.0,NULL
8710,17,17,0,17,142,2016-12-27 22:00:00,89.94727325439453,-54.0,NULL
8711,17,17,0,17,143,2016-12-27 23:00:00,89.94727325439453,-54.0,NULL
8712,17,17,0,17,144,2016-12-28 00:00:00,89.94727325439453,-54.0,NULL
8713,17,17,0,17,145,2016-12-28 01:00:00,89.94727325439453,-54.0,NULL
8714,17,17,0,17,146,2016-12-28 02:00:00,89.94727325439453,-54.0,NULL
8715,17,17,0,17,147,2016-12-28 03:00:00,89.94727325439453,-54.0,NULL
8716,17,17,0,17,148,2016-12-28 04:00:00,89.94727325439453,-54.0,NULL
8717,17,17,0,17,149,2016-12-28 05:00:00,89.94727325439453,-54.0,NULL
8718,17,17,0,17,150,2016-12-28 06:00:00,89.94727325439453,-54.0,NULL
8719,17,17,0,17,151,2016-12-28 07:00:00,89.94727325439453,-54.0,NULL
8720,17,17,0,17,152,2016-12-28 08:00:00,89.94727325439453,-54.0,NULL
8721,17,17,0,17,153,2016-12-28 09:00:00,89.94727325439453,-54.0,NULL
8722,17,17,0,17,154,2016-12-28 10:00:00,89.94727325439453,-54.0,NULL
8723,17,17,0,17,155,2016-12-28 11:00:00,89.94727325439453,-54.0,NULL
8724,17,17,0,17,156,2016-12-28 12:00:00,89.94727325439453,-54.0,NULL
8725,17,17,0,17,157,2016-12-28 13:00:00,89.94727325439453,-54.0,NULL
8726,17,17,0,17,158,2016-12-28 14:00:00,89.94727325439453,-54.0,NULL
8727,17,17,0,17,159,2016-12-28 15:00:00,89.94727325439453,-54.0,NULL
8728,17,17,0,17,160,2016-12-28 16:00:00,89.94727325439453,-54.0,NULL
8729,17,17,0,17,161,2016-12-28 17:00:00,89.94727325439453,-54.0,NULL
8730,17,17,0,17,162,2016-12-28 18:00:00,89.94727325439453,-54.0,NULL
8731,17,17,0,17,163,2016-12-28 19:00:00,89.94727325439453,-54.0,NULL
8732,17,17,0,17,164,2016-12-28 20:00:00,89.94727325439453,-54.0,NULL
8733,17,17,0,17,165,2016-12-28 21:00:00,89.94727325439453,-54.0,NULL
8734,17,17,0,17,166,2016-12-28 22:00:00,89.94727325439453,-54.0,NULL
8735,17,17,0,17,167,2016-12-28 23:00:00,89.94727325439453,-54.0,NULL
8736,17,17,0,17,168,2016-12-29 00:00:00,89.94727325439453,-54.0,NULL
8737,17,17,0,17,169,2016-12-29 01:00:00,89.94727325439453,-54.0,NULL
8738,17,17,0,17,170,2016-12-29 02:00:00,89.94727325439453,-54.0,NULL
8739,17,17,0,17,171,2016-12-29 03:00:00,89.94727325439453,-54.0,NULL
8740,17,17,0,17,172,2016-12-29 04:00:00,89.94727325439453,-54.0,NULL
8741,17,17,0,17,173,2016-12-29 05:00:00,89.94727325439453,-54.0,NULL
8742,17,17,0,17,174,2016-12-29 06:00:00,89.94727325439453,-54.0,NULL
8743,17,17,0,17,175,2016-12-29 07:00:00,89.94727325439453,-54.0,NULL
8744,17,17,0,17,176,2016-12-29 08:00:00,89.94727325439453,-54.0,NULL
8745,17,17,0,17,177,2016-12-29 09:00:00,89.94727325439453,-54.0,NULL
8746,17,17,0,17,178,2016-12-29 10:00:00,89.94727325439453,-54.0,NULL
8747,17,17,0,17,179,2016-12-29 11:00:00,89.94727325439453,-54.0,NULL
8748,17,17,0,17,180,2016-12-29 12:00:00,89.94727325439453,-54.0,NULL
8749,17,17,0,17,181,2016-12-29 13:00:00,89.94727325439453,-54.0,NULL
8750,17,17,0,17,182,2016-12-29 14:00:00,89.94727325439453,-54.0,NULL
8751,17,17,0,17,183,2016-12-29 15:00:00,89.94727325439453,-54.0,NULL
8752,17,17,0,17,184,2016-12-29 16:00:00,89.94727325439453,-54.0,NULL
8753,17,17,0,17,185,2016-12-29 17:00:00,89.94727325439453,-54.0,NULL
8754,17,17,0,17,186,2016-12-29 18:00:00,89.94727325439453,-54.0,NULL
8755,17,17,0,17,187,2016-12-29 19:00:00,89.94727325439453,-54.0,NULL
8756,17,17,0,17,188,2016-12-29 20:00:00,89.94727325439453,-54.0,NULL
8757,17,17,0,17,189,2016-12-29 21:00:00,89.94727325439453,-54.0,NULL
8758,17,17,0,17,190,2016-12-29 22:00:00,89.94727325439453,-54.0,NULL
8759,17,17,0,17,191,2016-12-29 23:00:00,89.94727325439453,-54.0,NULL
8760,17,17,0,17,192,2016-12-30 00:00:00,89.94727325439453,-54.0,NULL
8761,17,17,0,17,193,2016-12-30 01:00:00,89.94727325439453,-54.0,NULL
8762,17,17,0,17,194,2016-12-30 02:00:00,89.94727325439453,-54.0,NULL
8763,17,17,0,17,195,2016-12-30 03:00:00,89.94727325439453,-54.0,NULL
8764,17,17,0,17,196,2016-12-30 04:00:00,89.94727325439453,-54.0,NULL
8765,17,17,0,17,197,2016-12-30 05:00:00,89.94727325439453,-54.0,NULL
8766,17,17,0,17,198,2016-12-30 06:00:00,89.94727325439453,-54.0,NULL
8767,17,17,0,17,199,2016-12-30 07:00:00,89.94727325439453,-54.0,NULL
8768,17,17,0,17,200,2016-12-30 08:00:00,89.94727325439453,-54.0,NULL
8769,17,17,0,17,201,2016-12-30 09:00:00,89.94727325439453,-54.0,NULL
8770,17,17,0,17,202,2016-12-30 10:00:00,89.94727325439453,-54.0,NULL
8771,17,17,0,17,203,2016-12-30 11:00:00,89.94727325439453,-54.0,NULL
8772,17,17,0,17,204,2016-12-30 12:00:00,89.94727325439453,-54.0,NULL
8773,17,17,0,17,205,2016-12-30 13:00:00,89.94727325439453,-54.0,NULL
8774,17,17,0,17,206,2016-12-30 14:00:00,89.94727325439453,-54.0,NULL
8775,17,17,0,17,207,2016-12-30 15:00:00,89.94727325439453,-54.0,NULL
8776,17,17,0,17,208,2016-12-30 16:00:00,89.94727325439453,-54.0,NULL
8777,17,17,0,17,209,2016-12-30 17:00:00,89.94727325439453,-54.0,NULL
8778,17,17,0,17,210,2016-12-30 18:00:00,89.94727325439453,-54.0,NULL
8779,17,17,0,17,211,2016-12-30 19:00:00,89.94727325439453,-54.0,NULL
8780,17,17,0,17,212,2016-12-30 20:00:00,89.94727325439453,-54.0,NULL
8781,17,17,0,17,213,2016-12-30 21:00:00,89.94727325439453,-54.0,NULL
8782,17,17,0,17,214,2016-12-30 22:00:00,89.94727325439453,-54.0,NULL
8783,17,17,0,17,215,2016-12-30 23:00:00,89.94727325439453,-54.0,NULL
8784,17,17,0,17,216,2016-12-31 00:00:00,89.94727325439453,-54.0,NULL
8785,17,17,0,17,217,2016-12-31 01:00:00,89.94727325439453,-54.0,-21.0
8786,17,17,0,17,218,2016-12-31 02:00:00,89.94727325439453,-54.0,-20.9
8787,17,17,0,17,219,2016-12-31 03:00:00,89.94727325439453,-54.0,-20.7
8788,17,17,0,17,220,2016-12-31 04:00:00,89.94727325439453,-54.0,-20.4
8789,17,17,0,17,221,2016-12-31 05:00:00,89.94727325439453,-54.0,-20.2
8790,17,17,0,17,222,2016-12-31 06:00:00,89.94727325439453,-54.0,-19.9
8791,17,17,0,17,223,2016-12-31 07:00:00,89.94727325439453,-54.0,-19.65
8792,17,17,0,17,224,2016-12-31 08:00:00,89.94727325439453,-54.0,-19.35
8793,17,17,0,17,225,2016-12-31 09:00:00,89.94727325439453,-54.0,-19.05
8794,17,17,0,17,226,2016-12-31 10:00:00,89.94727325439453,-54.0,-18.7
8795,17,17,0,17,227,2016-12-31 11:00:00,89.94727325439453,-54.0,-18.7
8796,17,17,0,17,228,2016-12-31 12:00:00,89.94727325439453,-54.0,-18.7
8797,17,17,0,17,229,2016-12-31 13:00:00,89.94727325439453,-54.0,-19.8
8798,17,17,0,17,230,2016-12-31 14:00:00,89.94727325439453,-54.0,-19.6
8799,17,17,0,17,231,2016-12-31 15:00:00,89.94727325439453,-54.0,-19.5
8800,17,17,0,17,232,2016-12-31 16:00:00,89.94727325439453,-54.0,-19.5
8801,17,17,0,17,233,2016-12-31 17:00:00,89.94727325439453,-54.0,-19.45
8802,17,17,0,17,234,2016-12-31 18:00:00,89.94727325439453,-54.0,-19.5
8803,17,17,0,17,235,2016-12-31 19:00:00,89.94727325439453,-54.0,-19.6
8804,17,17,0,17,236,2016-12-31 20:00:00,89.94727325439453,-54.0,-19.6
8805,17,17,0,17,237,2016-12-31 21:00:00,89.94727325439453,-54.0,-19.5
8806,17,17,0,17,238,2016-12-31 22:00:00,89.94727325439453,-54.0,-19.35
8807,17,17,0,17,239,2016-12-31 23:00:00,89.94727325439453,-54.0,-19.1
8808,17,17,0,17,240,2017-01-01 00:00:00,89.94727325439453,-54.0,-18.75
8809,17,17,0,17,241,2017-01-01 01:00:00,89.94727325439453,-54.0,-18.25
8810,17,17,0,17,242,2017-01-01 02:00:00,89.94727325439453,-54.0,-18.0
8811,17,17,0,17,243,2017-01-01 03:00:00,89.94727325439453,-54.0,-17.7
8812,17,17,0,17,244,2017-01-01 04:00:00,89.94727325439453,-54.0,-17.55
8813,17,17,0,17,245,2017-01-01 05:00:00,89.94727325439453,-54.0,-17.55
8814,17,17,0,17,246,2017-01-01 06:00:00,89.94727325439453,-54.0,-17.95
8815,17,17,0,17,247,2017-01-01 07:00:00,89.94727325439453,-54.0,-18.45
8816,17,17,0,17,248,2017-01-01 08:00:00,89.94727325439453,-54.0,-18.65
8817,17,17,0,17,249,2017-01-01 09:00:00,89.94727325439453,-54.0,-18.65
8818,17,17,0,17,250,2017-01-01 10:00:00,89.94727325439453,-54.0,-18.7
8819,17,17,0,17,251,2017-01-01 11:00:00,89.94727325439453,-54.0,-18.85
8820,17,17,0,17,252,2017-01-01 12:00:00,89.94727325439453,-54.0,-19.1
8821,17,17,0,17,253,2017-01-01 13:00:00,89.94727325439453,-54.0,-20.8
8822,17,17,0,17,254,2017-01-01 14:00:00,89.94727325439453,-54.0,-21.1
8823,17,17,0,17,255,2017-01-01 15:00:00,89.94727325439453,-54.0,-21.45
8824,17,17,0,17,256,2017-01-01 16:00:00,89.94727325439453,-54.0,-21.75
8825,17,17,0,17,257,2017-01-01 17:00:00,89.94727325439453,-54.0,-21.95
8826,17,17,0,17,258,2017-01-01 18:00:00,89.94727325439453,-54.0,-22.05
8827,17,17,0,17,259,2017-01-01 19:00:00,89.94727325439453,-54.0,-22.0
8828,17,17,0,17,260,2017-01-01 20:00:00,89.94727325439453,-54.0,-21.35
8829,17,17,0,17,261,2017-01-01 21:00:00,89.94727325439453,-54.0,-20.55
8830,17,17,0,17,262,2017-01-01 22:00:00,89.94727325439453,-54.0,-19.8
8831,17,17,0,17,263,2017-01-01 23:00:00,89.94727325439453,-54.0,-19.5
8832,17,17,0,17,264,2017-01-02 00:00:00,89.94727325439453,-54.0,-19.8
8833,17,17,0,17,265,2017-01-02 01:00:00,89.94727325439453,-54.0,NULL
8834,17,17,0,17,266,2017-01-02 02:00:00,89.94727325439453,-54.0,NULL
8835,17,17,0,17,267,2017-01-02 03:00:00,89.94727325439453,-54.0,NULL
8836,17,17,0,17,268,2017-01-02 04:00:00,89.94727325439453,-54.0,NULL
8837,17,17,0,17,269,2017-01-02 05:00:00,89.94727325439453,-54.0,NULL
8838,17,17,0,17,270,2017-01-02 06:00:00,89.94727325439453,-54.0,NULL
8839,17,17,0,17,271,2017-01-02 07:00:00,89.94727325439453,-54.0,NULL
8840,17,17,0,17,272,2017-01-02 08:00:00,89.94727325439453,-54.0,NULL
8841,17,17,0,17,273,2017-01-02 09:00:00,89.94727325439453,-54.0,NULL
8842,17,17,0,17,274,2017-01-02 10:00:00,89.94727325439453,-54.0,NULL
8843,17,17,0,17,275,2017-01-02 11:00:00,89.94727325439453,-54.0,NULL
8844,17,17,0,17,276,2017-01-02 12:00:00,89.94727325439453,-54.0,NULL
8845,17,17,0,17,277,2017-01-02 13:00:00,89.94727325439453,-54.0,NULL
8846,17,17,0,17,278,2017-01-02 14:00:00,89.94727325439453,-54.0,NULL
8847,17,17,0,17,279,2017-01-02 15:00:00,89.94727325439453,-54.0,NULL
8848,17,17,0,17,280,2017-01-02 16:00:00,89.94727325439453,-54.0,NULL
8849,17,17,0,17,281,2017-01-02 17:00:00,89.94727325439453,-54.0,NULL
8850,17,17,0,17,282,2017-01-02 18:00:00,89.94727325439453,-54.0,NULL
8851,17,17,0,17,283,2017-01-02 19:00:00,89.94727325439453,-54.0,NULL
8852,17,17,0,17,284,2017-01-02 20:00:00,89.94727325439453,-54.0,NULL
8853,17,17,0,17,285,2017-01-02 21:00:00,89.94727325439453,-54.0,NULL
8854,17,17,0,17,286,2017-01-02 22:00:00,89.94727325439453,-54.0,NULL
8855,17,17,0,17,287,2017-01-02 23:00:00,89.94727325439453,-54.0,NULL
8856,17,17,0,17,288,2017-01-03 00:00:00,89.94727325439453,-54.0,NULL
8857,17,17,0,17,289,2017-01-03 01:00:00,89.94727325439453,-54.0,NULL
8858,17,17,0,17,290,2017-01-03 02:00:00,89.94727325439453,-54.0,NULL
8859,17,17,0,17,291,2017-01-03 03:00:00,89.94727325439453,-54.0,NULL
8860,17,17,0,17,292,2017-01-03 04:00:00,89.94727325439453,-54.0,NULL
8861,17,17,0,17,293,2017-01-03 05:00:00,89.94727325439453,-54.0,NULL
8862,17,17,0,17,294,2017-01-03 06:00:00,89.94727325439453,-54.0,NULL
8863,17,17,0,17,295,2017-01-03 07:00:00,89.94727325439453,-54.0,NULL
8864,17,17,0,17,296,2017-01-03 08:00:00,89.94727325439453,-54.0,NULL
8865,17,17,0,17,297,2017-01-03 09:00:00,89.94727325439453,-54.0,NULL
8866,17,17,0,17,298,2017-01-03 10:00:00,89.94727325439453,-54.0,NULL
8867,17,17,0,17,299,2017-01-03 11:00:00,89.94727325439453,-54.0,NULL
8868,17,17,0,17,300,2017-01-03 12:00:00,89.94727325439453,-54.0,NULL
8869,17,17,0,17,301,2017-01-03 13:00:00,89.94727325439453,-54.0,NULL
8870,17,17,0,17,302,2017-01-03 14:00:00,89.94727325439453,-54.0,NULL
8871,17,17,0,17,303,2017-01-03 15:00:00,89.94727325439453,-54.0,NULL
8872,17,17,0,17,304,2017-01-03 16:00:00,89.94727325439453,-54.0,NULL
8873,17,17,0,17,305,2017-01-03 17:00:00,89.94727325439453,-54.0,NULL
8874,17,17,0,17,306,2017-01-03 18:00:00,89.94727325439453,-54.0,NULL
8875,17,17,0,17,307,2017-01-03 19:00:00,89.94727325439453,-54.0,NULL
8876,17,17,0,17,308,2017-01-03 20:00:00,89.94727325439453,-54.0,NULL
8877,17,17,0,17,309,2017-01-03 21:00:00,89.94727325439453,-54.0,NULL
8878,17,17,0,17,310,2017-01-03 22:00:00,89.94727325439453,-54.0,NULL
8879,17,17,0,17,311,2017-01-03 23:00:00,89.94727325439453,-54.0,NULL
8880,17,17,0,17,312,2017-01-04 00:00:00,89.94727325439453,-54.0,NULL
8881,17,17,0,17,313,2017-01-04 01:00:00,89.94727325439453,-54.0,NULL
8882,17,17,0,17,314,2017-01-04 02:00:00,89.94727325439453,-54.0,NULL
8883,17,17,0,17,315,2017-01-04 03:00:00,89.94727325439453,-54.0,NULL
8884,17,17,0,17,316,2017-01-04 04:00:00,89.94727325439453,-54.0,NULL
8885,17,17,0,17,317,2017-01-04 05:00:00,89.94727325439453,-54.0,NULL
8886,17,17,0,17,318,2017-01-04 06:00:00,89.94727325439453,-54.0,NULL
8887,17,17,0,17,319,2017-01-04 07:00:00,89.94727325439453,-54.0,NULL
8888,17,17,0,17,320,2017-01-04 08:00:00,89.94727325439453,-54.0,NULL
8889,17,17,0,17,321,2017-01-04 09:00:00,89.94727325439453,-54.0,NULL
8890,17,17,0,17,322,2017-01-04 10:00:00,89.94727325439453,-54.0,NULL
8891,17,17,0,17,323,2017-01-04 11:00:00,89.94727325439453,-54.0,NULL
8892,17,17,0,17,324,2017-01-04 12:00:00,89.94727325439453,-54.0,NULL
8893,17,17,0,17,325,2017-01-04 13:00:00,89.94727325439453,-54.0,NULL
8894,17,17,0,17,326,2017-01-04 14:00:00,89.94727325439453,-54.0,NULL
8895,17,17,0,17,327,2017-01-04 15:00:00,89.94727325439453,-54.0,NULL
8896,17,17,0,17,328,2017-01-04 16:00:00,89.94727325439453,-54.0,NULL
8897,17,17,0,17,329,2017-01-04 17:00:00,89.94727325439453,-54.0,NULL
8898,17,17,0,17,330,2017-01-04 18:00:00,89.94727325439453,-54.0,NULL
8899,17,17,0,17,331,2017-01-04 19:00:00,89.94727325439453,-54.0,NULL
8900,17,17,0,17,332,2017-01-04 20:00:00,89.94727325439453,-54.0,NULL
8901,17,17,0,17,333,2017-01-04 21:00:00,89.94727325439453,-54.0,NULL
8902,17,17,0,17,334,2017-01-04 22:00:00,89.94727325439453,-54.0,NULL
8903,17,17,0,17,335,2017-01-04 23:00:00,89.94727325439453,-54.0,NULL
8904,17,17,0,17,336,2017-01-05 00:00:00,89.94727325439453,-54.0,NULL
8905,17,17,0,17,337,2017-01-05 01:00:00,89.94727325439453,-54.0,NULL
8906,17,17,0,17,338,2017-01-05 02:00:00,89.94727325439453,-54.0,NULL
8907,17,17,0,17,339,2017-01-05 03:00:00,89.94727325439453,-54.0,NULL
8908,17,17,0,17,340,2017-01-05 04:00:00,89.94727325439453,-54.0,NULL
8909,17,17,0,17,341,2017-01-05 05:00:00,89.94727325439453,-54.0,NULL
8910,17,17,0,17,342,2017-01-05 06:00:00,89.94727325439453,-54.0,NULL
8911,17,17,0,17,343,2017-01-05 07:00:00,89.94727325439453,-54.0,NULL
8912,17,17,0,17,344,2017-01-05 08:00:00,89.94727325439453,-54.0,NULL
8913,17,17,0,17,345,2017-01-05 09:00:00,89.94727325439453,-54.0,NULL
8914,17,17,0,17,346,2017-01-05 10:00:00,89.94727325439453,-54.0,NULL
8915,17,17,0,17,347,2017-01-05 11:00:00,89.94727325439453,-54.0,NULL
8916,17,17,0,17,348,2017-01-05 12:00:00,89.94727325439453,-54.0,NULL
8917,17,17,0,17,349,2017-01-05 13:00:00,89.94727325439453,-54.0,NULL
8918,17,17,0,17,350,2017-01-05 14:00:00,89.94727325439453,-54.0,NULL
8919,17,17,0,17,351,2017-01-05 15:00:00,89.94727325439453,-54.0,NULL
8920,17,17,0,17,352,2017-01-05 16:00:00,89.94727325439453,-54.0,NULL
8921,17,17,0,17,353,2017-01-05 17:00:00,89.94727325439453,-54.0,NULL
8922,17,17,0,17,354,2017-01-05 18:00:00,89.94727325439453,-54.0,NULL
8923,17,17,0,17,355,2017-01-05 19:00:00,89.94727325439453,-54.0,NULL
8924,17,17,0,17,356,2017-01-05 20:00:00,89.94727325439453,-54.0,NULL
8925,17,17,0,17,357,2017-01-05 21:00:00,89.94727325439453,-54.0,NULL
8926,17,17,0,17,358,2017-01-05 22:00:00,89.94727325439453,-54.0,NULL
8927,17,17,0,17,359,2017-01-05 23:00:00,89.94727325439453,-54.0,NULL
8928,17,17,0,17,360,2017-01-06 00:00:00,89.94727325439453,-54.0,NULL
8929,17,17,0,17,361,2017-01-06 01:00:00,89.94727325439453,-54.0,NULL
8930,17,17,0,17,362,2017-01-06 02:00:00,89.94727325439453,-54.0,NULL
8931,17,17,0,17,363,2017-01-06 03:00:00,89.94727325439453,-54.0,NULL
8932,17,17,0,17,364,2017-01-06 04:00:00,89.94727325439453,-54.0,NULL
8933,17,17,0,17,365,2017-01-06 05:00:00,89.94727325439453,-54.0,NULL
8934,17,17,0,17,366,2017-01-06 06:00:00,89.94727325439453,-54.0,NULL
8935,17,17,0,17,367,2017-01-06 07:00:00,89.94727325439453,-54.0,NULL
8936,17,17,0,17,368,2017-01-06 08:00:00,89.94727325439453,-54.0,NULL
8937,17,17,0,17,369,2017-01-06 09:00:00,89.94727325439453,-54.0,NULL
8938,17,17,0,17,370,2017-01-06 10:00:00,89.94727325439453,-54.0,NULL
8939,17,17,0,17,371,2017-01-06 11:00:00,89.94727325439453,-54.0,NULL
8940,17,17,0,17,372,2017-01-06 12:00:00,89.94727325439453,-54.0,NULL
8941,17,17,0,17,373,2017-01-06 13:00:00,89.94727325439453,-54.0,NULL
8942,17,17,0,17,374,2017-01-06 14:00:00,89.94727325439453,-54.0,NULL
8943,17,17,0,17,375,2017-01-06 15:00:00,89.94727325439453,-54.0,NULL
8944,17,17,0,17,376,2017-01-06 16:00:00,89.94727325439453,-54.0,NULL
8945,17,17,0,17,377,2017-01-06 17:00:00,89.94727325439453,-54.0,NULL
8946,17,17,0,17,378,2017-01-06 18:00:00,89.94727325439453,-54.0,NULL
8947,17,17,0,17,379,2017-01-06 19:00:00,89.94727325439453,-54.0,NULL
8948,17,17,0,17,380,2017-01-06 20:00:00,89.94727325439453,-54.0,NULL
8949,17,17,0,17,381,2017-01-06 21:00:00,89.94727325439453,-54.0,NULL
8950,17,17,0,17,382,2017-01-06 22:00:00,89.94727325439453,-54.0,NULL
8951,17,17,0,17,383,2017-01-06 23:00:00,89.94727325439453,-54.0,NULL
8952,17,17,0,17,384,2017-01-07 00:00:00,89.94727325439453,-54.0,NULL
8953,17,17,0,17,385,2017-01-07 01:00:00,89.94727325439453,-54.0,NULL
8954,17,17,0,17,386,2017-01-07 02:00:00,89.94727325439453,-54.0,NULL
8955,17,17,0,17,387,2017-01-07 03:00:00,89.94727325439453,-54.0,NULL
8956,17,17,0,17,388,2017-01-07 04:00:00,89.94727325439453,-54.0,NULL
8957,17,17,0,17,389,2017-01-07 05:00:00,89.94727325439453,-54.0,NULL
8958,17,17,0,17,390,2017-01-07 06:00:00,89.94727325439453,-54.0,NULL
8959,17,17,0,17,391,2017-01-07 07:00:00,89.94727325439453,-54.0,NULL
8960,17,17,0,17,392,2017-01-07 08:00:00,89.94727325439453,-54.0,NULL
8961,17,17,0,17,393,2017-01-07 09:00:00,89.94727325439453,-54.0,NULL
8962,17,17,0,17,394,2017-01-07 10:00:00,89.94727325439453,-54.0,NULL
8963,17,17,0,17,395,2017-01-07 11:00:00,89.94727325439453,-54.0,NULL
8964,17,17,0,17,396,2017-01-07 12:00:00,89.94727325439453,-54.0,NULL
8965,17,17,0,17,397,2017-01-07 13:00:00,89.94727325439453,-54.0,NULL
8966,17,17,0,17,398,2017-01-07 14:00:00,89.94727325439453,-54.0,NULL
8967,17,17,0,17,399,2017-01-07 15:00:00,89.94727325439453,-54.0,NULL
8968,17,17,0,17,400,2017-01-07 16:00:00,89.94727325439453,-54.0,NULL
8969,17,17,0,17,401,2017-01-07 17:00:00,89.94727325439453,-54.0,NULL
8970,17,17,0,17,402,2017-01-07 18:00:00,89.94727325439453,-54.0,NULL
8971,17,17,0,17,403,2017-01-07 19:00:00,89.94727325439453,-54.0,NULL
8972,17,17,0,17,404,2017-01-07 20:00:00,89.94727325439453,-54.0,NULL
8973,17,17,0,17,405,2017-01-07 21:00:00,89.94727325439453,-54.0,NULL
8974,17,17,0,17,406,2017-01-07 22:00:00,89.94727325439453,-54.0,NULL
8975,17,17,0,17,407,2017-01-07 23:00:00,89.94727325439453,-54.0,NULL
8976,17,17,0,17,408,2017-01-08 00:00:00,89.94727325439453,-54.0,NULL
8977,17,17,0,17,409,2017-01-08 01:00:00,89.94727325439453,-54.0,NULL
8978,17,17,0,17,410,2017-01-08 02:00:00,89.94727325439453,-54.0,NULL
8979,17,17,0,17,411,2017-01-08 03:00:00,89.94727325439453,-54.0,NULL
8980,17,17,0,17,412,2017-01-08 04:00:00,89.94727325439453,-54.0,NULL
8981,17,17,0,17,413,2017-01-08 05:00:00,89.94727325439453,-54.0,NULL
8982,17,17,0,17,414,2017-01-08 06:00:00,89.94727325439453,-54.0,NULL
8983,17,17,0,17,415,2017-01-08 07:00:00,89.94727325439453,-54.0,NULL
8984,17,17,0,17,416,2017-01-08 08:00:00,89.94727325439453,-54.0,NULL
8985,17,17,0,17,417,2017-01-08 09:00:00,89.94727325439453,-54.0,NULL
8986,17,17,0,17,418,2017-01-08 10:00:00,89.94727325439453,-54.0,NULL
8987,17,17,0,17,419,2017-01-08 11:00:00,89.94727325439453,-54.0,NULL
8988,17,17,0,17,420,2017-01-08 12:00:00,89.94727325439453,-54.0,NULL
8989,17,17,0,17,421,2017-01-08 13:00:00,89.94727325439453,-54.0,NULL
8990,17,17,0,17,422,2017-01-08 14:00:00,89.94727325439453,-54.0,NULL
8991,17,17,0,17,423,2017-01-08 15:00:00,89.94727325439453,-54.0,NULL
8992,17,17,0,17,424,2017-01-08 16:00:00,89.94727325439453,-54.0,NULL
8993,17,17,0,17,425,2017-01-08 17:00:00,89.94727325439453,-54.0,NULL
8994,17,17,0,17,426,2017-01-08 18:00:00,89.94727325439453,-54.0,NULL
8995,17,17,0,17,427,2017-01-08 19:00:00,89.94727325439453,-54.0,NULL
8996,17,17,0,17,428,2017-01-08 20:00:00,89.94727325439453,-54.0,NULL
8997,17,17,0,17,429,2017-01-08 21:00:00,89.94727325439453,-54.0,NULL
8998,17,17,0,17,430,2017-01-08 22:00:00,89.94727325439453,-54.0,NULL
8999,17,17,0,17,431,2017-01-08 23:00:00,89.94727325439453,-54.0,NULL
9000,17,17,0,17,432,2017-01-09 00:00:00,89.94727325439453,-54.0,NULL
9001,17,17,0,17,433,2017-01-09 01:00:00,89.94727325439453,-54.0,NULL
9002,17,17,0,17,434,2017-01-09 02:00:00,89.94727325439453,-54.0,NULL
9003,17,17,0,17,435,2017-01-09 03:00:00,89.94727325439453,-54.0,NULL
9004,17,17,0,17,436,2017-01-09 04:00:00,89.94727325439453,-54.0,NULL
9005,17,17,0,17,437,2017-01-09 05:00:00,89.94727325439453,-54.0,NULL
9006,17,17,0,17,438,2017-01-09 06:00:00,89.94727325439453,-54.0,NULL
9007,17,17,0,17,439,2017-01-09 07:00:00,89.94727325439453,-54.0,NULL
9008,17,17,0,17,440,2017-01-09 08:00:00,89.94727325439453,-54.0,NULL
9009,17,17,0,17,441,2017-01-09 09:00:00,89.94727325439453,-54.0,NULL
9010,17,17,0,17,442,2017-01-09 10:00:00,89.94727325439453,-54.0,NULL
9011,17,17,0,17,443,2017-01-09 11:00:00,89.94727325439453,-54.0,NULL
9012,17,17,0,17,444,2017-01-09 12:00:00,89.94727325439453,-54.0,NULL
9013,17,17,0,17,445,2017-01-09 13:00:00,89.94727325439453,-54.0,NULL
9014,17,17,0,17,446,2017-01-09 14:00:00,89.94727325439453,-54.0,NULL
9015,17,17,0,17,447,2017-01-09 15:00:00,89.94727325439453,-54.0,NULL
9016,17,17,0,17,448,2017-01-09 16:00:00,89.94727325439453,-54.0,NULL
9017,17,17,0,17,449,2017-01-09 17:00:00,89.94727325439453,-54.0,NULL
9018,17,17,0,17,450,2017-01-09 18:00:00,89.94727325439453,-54.0,NULL
9019,17,17,0,17,451,2017-01-09 19:00:00,89.94727325439453,-54.0,NULL
9020,17,17,0,17,452,2017-01-09 20:00:00,89.94727325439453,-54.0,NULL
9021,17,17,0,17,453,2017-01-09 21:00:00,89.94727325439453,-54.0,NULL
9022,17,17,0,17,454,2017-01-09 22:00:00,89.94727325439453,-54.0,NULL
9023,17,17,0,17,455,2017-01-09 23:00:00,89.94727325439453,-54.0,NULL
9024,17,17,0,17,456,2017-01-10 00:00:00,89.94727325439453,-54.0,NULL
9025,17,17,0,17,457,2017-01-10 01:00:00,89.94727325439453,-54.0,NULL
9026,17,17,0,17,458,2017-01-10 02:00:00,89.94727325439453,-54.0,NULL
9027,17,17,0,17,459,2017-01-10 03:00:00,89.94727325439453,-54.0,NULL
9028,17,17,0,17,460,2017-01-10 04:00:00,89.94727325439453,-54.0,NULL
9029,17,17,0,17,461,2017-01-10 05:00:00,89.94727325439453,-54.0,NULL
9030,17,17,0,17,462,2017-01-10 06:00:00,89.94727325439453,-54.0,NULL
9031,17,17,0,17,463,2017-01-10 07:00:00,89.94727325439453,-54.0,NULL
9032,17,17,0,17,464,2017-01-10 08:00:00,89.94727325439453,-54.0,NULL
9033,17,17,0,17,465,2017-01-10 09:00:00,89.94727325439453,-54.0,NULL
9034,17,17,0,17,466,2017-01-10 10:00:00,89.94727325439453,-54.0,NULL
9035,17,17,0,17,467,2017-01-10 11:00:00,89.94727325439453,-54.0,NULL
9036,17,17,0,17,468,2017-01-10 12:00:00,89.94727325439453,-54.0,NULL
9037,17,17,0,17,469,2017-01-10 13:00:00,89.94727325439453,-54.0,NULL
9038,17,17,0,17,470,2017-01-10 14:00:00,89.94727325439453,-54.0,NULL
9039,17,17,0,17,471,2017-01-10 15:00:00,89.94727325439453,-54.0,NULL
9040,17,17,0,17,472,2017-01-10 16:00:00,89.94727325439453,-54.0,NULL
9041,17,17,0,17,473,2017-01-10 17:00:00,89.94727325439453,-54.0,NULL
9042,17,17,0,17,474,2017-01-10 18:00:00,89.94727325439453,-54.0,NULL
9043,17,17,0,17,475,2017-01-10 19:00:00,89.94727325439453,-54.0,NULL
9044,17,17,0,17,476,2017-01-10 20:00:00,89.94727325439453,-54.0,NULL
9045,17,17,0,17,477,2017-01-10 21:00:00,89.94727325439453,-54.0,NULL
9046,17,17,0,17,478,2017-01-10 22:00:00,89.94727325439453,-54.0,NULL
9047,17,17,0,17,479,2017-01-10 23:00:00,89.94727325439453,-54.0,NULL
9048,17,17,0,17,480,2017-01-11 00:00:00,89.94727325439453,-54.0,NULL
9049,17,17,0,17,481,2017-01-11 01:00:00,89.94727325439453,-54.0,NULL
9050,17,17,0,17,482,2017-01-11 02:00:00,89.94727325439453,-54.0,NULL
9051,17,17,0,17,483,2017-01-11 03:00:00,89.94727325439453,-54.0,NULL
9052,17,17,0,17,484,2017-01-11 04:00:00,89.94727325439453,-54.0,NULL
9053,17,17,0,17,485,2017-01-11 05:00:00,89.94727325439453,-54.0,NULL
9054,17,17,0,17,486,2017-01-11 06:00:00,89.94727325439453,-54.0,NULL
9055,17,17,0,17,487,2017-01-11 07:00:00,89.94727325439453,-54.0,NULL
9056,17,17,0,17,488,2017-01-11 08:00:00,89.94727325439453,-54.0,NULL
9057,17,17,0,17,489,2017-01-11 09:00:00,89.94727325439453,-54.0,NULL
9058,17,17,0,17,490,2017-01-11 10:00:00,89.94727325439453,-54.0,NULL
9059,17,17,0,17,491,2017-01-11 11:00:00,89.94727325439453,-54.0,NULL
9060,17,17,0,17,492,2017-01-11 12:00:00,89.94727325439453,-54.0,NULL
9061,17,17,0,17,493,2017-01-11 13:00:00,89.94727325439453,-54.0,NULL
9062,17,17,0,17,494,2017-01-11 14:00:00,89.94727325439453,-54.0,NULL
9063,17,17,0,17,495,2017-01-11 15:00:00,89.94727325439453,-54.0,NULL
9064,17,17,0,17,496,2017-01-11 16:00:00,89.94727325439453,-54.0,NULL
9065,17,17,0,17,497,2017-01-11 17:00:00,89.94727325439453,-54.0,NULL
9066,17,17,0,17,498,2017-01-11 18:00:00,89.94727325439453,-54.0,NULL
9067,17,17,0,17,499,2017-01-11 19:00:00,89.94727325439453,-54.0,NULL
9068,17,17,0,17,500,2017-01-11 20:00:00,89.94727325439453,-54.0,NULL
9069,17,17,0,17,501,2017-01-11 21:00:00,89.94727325439453,-54.0,NULL
9070,17,17,0,17,502,2017-01-11 22:00:00,89.94727325439453,-54.0,NULL
9071,17,17,0,17,503,2017-01-11 23:00:00,89.94727325439453,-54.0,NULL
9072,18,18,0,18,0,2016-12-22 00:00:00,89.94727325439453,-36.0,NULL
9073,18,18,0,18,1,2016-12-22 01:00:00,89.94727325439453,-36.0,NULL
9074,18,18,0,18,2,2016-12-22 02:00:00,89.94727325439453,-36.0,NULL
9075,18,18,0,18,3,2016-12-22 03:00:00,89.94727325439453,-36.0,NULL
9076,18,18,0,18,4,2016-12-22 04:00:00,89.94727325439453,-36.0,NULL
9077,18,18,0,18,5,2016-12-22 05:00:00,89.94727325439453,-36.0,NULL
9078,18,18,0,18,6,2016-12-22 06:00:00,89.94727325439453,-36.0,NULL
9079,18,18,0,18,7,2016-12-22 07:00:00,89.94727325439453,-36.0,NULL
9080,18,18,0,18,8,2016-12-22 08:00:00,89.94727325439453,-36.0,NULL
9081,18,18,0,18,9,2016-12-22 09:00:00,89.94727325439453,-36.0,NULL
9082,18,18,0,18,10,2016-12-22 10:00:00,89.94727325439453,-36.0,NULL
9083,18,18,0,18,11,2016-12-22 11:00:00,89.94727325439453,-36.0,NULL
9084,18,18,0,18,12,2016-12-22 12:00:00,89.94727325439453,-36.0,NULL
9085,18,18,0,18,13,2016-12-22 13:00:00,89.94727325439453,-36.0,NULL
9086,18,18,0,18,14,2016-12-22 14:00:00,89.94727325439453,-36.0,NULL
9087,18,18,0,18,15,2016-12-22 15:00:00,89.94727325439453,-36.0,NULL
9088,18,18,0,18,16,2016-12-22 16:00:00,89.94727325439453,-36.0,NULL
9089,18,18,0,18,17,2016-12-22 17:00:00,89.94727325439453,-36.0,NULL
9090,18,18,0,18,18,2016-12-22 18:00:00,89.94727325439453,-36.0,NULL
9091,18,18,0,18,19,2016-12-22 19:00:00,89.94727325439453,-36.0,NULL
9092,18,18,0,18,20,2016-12-22 20:00:00,89.94727325439453,-36.0,NULL
9093,18,18,0,18,21,2016-12-22 21:00:00,89.94727325439453,-36.0,NULL
9094,18,18,0,18,22,2016-12-22 22:00:00,89.94727325439453,-36.0,NULL
9095,18,18,0,18,23,2016-12-22 23:00:00,89.94727325439453,-36.0,NULL
9096,18,18,0,18,24,2016-12-23 00:00:00,89.94727325439453,-36.0,NULL
9097,18,18,0,18,25,2016-12-23 01:00:00,89.94727325439453,-36.0,NULL
9098,18,18,0,18,26,2016-12-23 02:00:00,89.94727325439453,-36.0,NULL
9099,18,18,0,18,27,2016-12-23 03:00:00,89.94727325439453,-36.0,NULL
9100,18,18,0,18,28,2016-12-23 04:00:00,89.94727325439453,-36.0,NULL
9101,18,18,0,18,29,2016-12-23 05:00:00,89.94727325439453,-36.0,NULL
9102,18,18,0,18,30,2016-12-23 06:00:00,89.94727325439453,-36.0,NULL
9103,18,18,0,18,31,2016-12-23 07:00:00,89.94727325439453,-36.0,NULL
9104,18,18,0,18,32,2016-12-23 08:00:00,89.94727325439453,-36.0,NULL
9105,18,18,0,18,33,2016-12-23 09:00:00,89.94727325439453,-36.0,NULL
9106,18,18,0,18,34,2016-12-23 10:00:00,89.94727325439453,-36.0,NULL
9107,18,18,0,18,35,2016-12-23 11:00:00,89.94727325439453,-36.0,NULL
9108,18,18,0,18,36,2016-12-23 12:00:00,89.94727325439453,-36.0,NULL
9109,18,18,0,18,37,2016-12-23 13:00:00,89.94727325439453,-36.0,NULL
9110,18,18,0,18,38,2016-12-23 14:00:00,89.94727325439453,-36.0,NULL
9111,18,18,0,18,39,2016-12-23 15:00:00,89.94727325439453,-36.0,NULL
9112,18,18,0,18,40,2016-12-23 16:00:00,89.94727325439453,-36.0,NULL
9113,18,18,0,18,41,2016-12-23 17:00:00,89.94727325439453,-36.0,NULL
9114,18,18,0,18,42,2016-12-23 18:00:00,89.94727325439453,-36.0,NULL
9115,18,18,0,18,43,2016-12-23 19:00:00,89.94727325439453,-36.0,NULL
9116,18,18,0,18,44,2016-12-23 20:00:00,89.94727325439453,-36.0,NULL
9117,18,18,0,18,45,2016-12-23 21:00:00,89.94727325439453,-36.0,NULL
9118,18,18,0,18,46,2016-12-23 22:00:00,89.94727325439453,-36.0,NULL
9119,18,18,0,18,47,2016-12-23 23:00:00,89.94727325439453,-36.0,NULL
9120,18,18,0,18,48,2016-12-24 00:00:00,89.94727325439453,-36.0,NULL
9121,18,18,0,18,49,2016-12-24 01:00:00,89.94727325439453,-36.0,NULL
9122,18,18,0,18,50,2016-12-24 02:00:00,89.94727325439453,-36.0,NULL
9123,18,18,0,18,51,2016-12-24 03:00:00,89.94727325439453,-36.0,NULL
9124,18,18,0,18,52,2016-12-24 04:00:00,89.94727325439453,-36.0,NULL
9125,18,18,0,18,53,2016-12-24 05:00:00,89.94727325439453,-36.0,NULL
9126,18,18,0,18,54,2016-12-24 06:00:00,89.94727325439453,-36.0,NULL
9127,18,18,0,18,55,2016-12-24 07:00:00,89.94727325439453,-36.0,NULL
9128,18,18,0,18,56,2016-12-24 08:00:00,89.94727325439453,-36.0,NULL
9129,18,18,0,18,57,2016-12-24 09:00:00,89.94727325439453,-36.0,NULL
9130,18,18,0,18,58,2016-12-24 10:00:00,89.94727325439453,-36.0,NULL
9131,18,18,0,18,59,2016-12-24 11:00:00,89.94727325439453,-36.0,NULL
9132,18,18,0,18,60,2016-12-24 12:00:00,89.94727325439453,-36.0,NULL
9133,18,18,0,18,61,2016-12-24 13:00:00,89.94727325439453,-36.0,NULL
9134,18,18,0,18,62,2016-12-24 14:00:00,89.94727325439453,-36.0,NULL
9135,18,18,0,18,63,2016-12-24 15:00:00,89.94727325439453,-36.0,NULL
9136,18,18,0,18,64,2016-12-24 16:00:00,89.94727325439453,-36.0,NULL
9137,18,18,0,18,65,2016-12-24 17:00:00,89.94727325439453,-36.0,NULL
9138,18,18,0,18,66,2016-12-24 18:00:00,89.94727325439453,-36.0,NULL
9139,18,18,0,18,67,2016-12-24 19:00:00,89.94727325439453,-36.0,NULL
9140,18,18,0,18,68,2016-12-24 20:00:00,89.94727325439453,-36.0,NULL
9141,18,18,0,18,69,2016-12-24 21:00:00,89.94727325439453,-36.0,NULL
9142,18,18,0,18,70,2016-12-24 22:00:00,89.94727325439453,-36.0,NULL
9143,18,18,0,18,71,2016-12-24 23:00:00,89.94727325439453,-36.0,NULL
9144,18,18,0,18,72,2016-12-25 00:00:00,89.94727325439453,-36.0,NULL
9145,18,18,0,18,73,2016-12-25 01:00:00,89.94727325439453,-36.0,NULL
9146,18,18,0,18,74,2016-12-25 02:00:00,89.94727325439453,-36.0,NULL
9147,18,18,0,18,75,2016-12-25 03:00:00,89.94727325439453,-36.0,NULL
9148,18,18,0,18,76,2016-12-25 04:00:00,89.94727325439453,-36.0,NULL
9149,18,18,0,18,77,2016-12-25 05:00:00,89.94727325439453,-36.0,NULL
9150,18,18,0,18,78,2016-12-25 06:00:00,89.94727325439453,-36.0,NULL
9151,18,18,0,18,79,2016-12-25 07:00:00,89.94727325439453,-36.0,NULL
9152,18,18,0,18,80,2016-12-25 08:00:00,89.94727325439453,-36.0,NULL
9153,18,18,0,18,81,2016-12-25 09:00:00,89.94727325439453,-36.0,NULL
9154,18,18,0,18,82,2016-12-25 10:00:00,89.94727325439453,-36.0,NULL
9155,18,18,0,18,83,2016-12-25 11:00:00,89.94727325439453,-36.0,NULL
9156,18,18,0,18,84,2016-12-25 12:00:00,89.94727325439453,-36.0,NULL
9157,18,18,0,18,85,2016-12-25 13:00:00,89.94727325439453,-36.0,NULL
9158,18,18,0,18,86,2016-12-25 14:00:00,89.94727325439453,-36.0,NULL
9159,18,18,0,18,87,2016-12-25 15:00:00,89.94727325439453,-36.0,NULL
9160,18,18,0,18,88,2016-12-25 16:00:00,89.94727325439453,-36.0,NULL
9161,18,18,0,18,89,2016-12-25 17:00:00,89.94727325439453,-36.0,NULL
9162,18,18,0,18,90,2016-12-25 18:00:00,89.94727325439453,-36.0,NULL
9163,18,18,0,18,91,2016-12-25 19:00:00,89.94727325439453,-36.0,NULL
9164,18,18,0,18,92,2016-12-25 20:00:00,89.94727325439453,-36.0,NULL
9165,18,18,0,18,93,2016-12-25 21:00:00,89.94727325439453,-36.0,NULL
9166,18,18,0,18,94,2016-12-25 22:00:00,89.94727325439453,-36.0,NULL
9167,18,18,0,18,95,2016-12-25 23:00:00,89.94727325439453,-36.0,NULL
9168,18,18,0,18,96,2016-12-26 00:00:00,89.94727325439453,-36.0,NULL
9169,18,18,0,18,97,2016-12-26 01:00:00,89.94727325439453,-36.0,NULL
9170,18,18,0,18,98,2016-12-26 02:00:00,89.94727325439453,-36.0,NULL
9171,18,18,0,18,99,2016-12-26 03:00:00,89.94727325439453,-36.0,NULL
9172,18,18,0,18,100,2016-12-26 04:00:00,89.94727325439453,-36.0,NULL
9173,18,18,0,18,101,2016-12-26 05:00:00,89.94727325439453,-36.0,NULL
9174,18,18,0,18,102,2016-12-26 06:00:00,89.94727325439453,-36.0,NULL
9175,18,18,0,18,103,2016-12-26 07:00:00,89.94727325439453,-36.0,NULL
9176,18,18,0,18,104,2016-12-26 08:00:00,89.94727325439453,-36.0,NULL
9177,18,18,0,18,105,2016-12-26 09:00:00,89.94727325439453,-36.0,NULL
9178,18,18,0,18,106,2016-12-26 10:00:00,89.94727325439453,-36.0,NULL
9179,18,18,0,18,107,2016-12-26 11:00:00,89.94727325439453,-36.0,NULL
9180,18,18,0,18,108,2016-12-26 12:00:00,89.94727325439453,-36.0,NULL
9181,18,18,0,18,109,2016-12-26 13:00:00,89.94727325439453,-36.0,NULL
9182,18,18,0,18,110,2016-12-26 14:00:00,89.94727325439453,-36.0,NULL
9183,18,18,0,18,111,2016-12-26 15:00:00,89.94727325439453,-36.0,NULL
9184,18,18,0,18,112,2016-12-26 16:00:00,89.94727325439453,-36.0,NULL
9185,18,18,0,18,113,2016-12-26 17:00:00,89.94727325439453,-36.0,NULL
9186,18,18,0,18,114,2016-12-26 18:00:00,89.94727325439453,-36.0,NULL
9187,18,18,0,18,115,2016-12-26 19:00:00,89.94727325439453,-36.0,NULL
9188,18,18,0,18,116,2016-12-26 20:00:00,89.94727325439453,-36.0,NULL
9189,18,18,0,18,117,2016-12-26 21:00:00,89.94727325439453,-36.0,NULL
9190,18,18,0,18,118,2016-12-26 22:00:00,89.94727325439453,-36.0,NULL
9191,18,18,0,18,119,2016-12-26 23:00:00,89.94727325439453,-36.0,NULL
9192,18,18,0,18,120,2016-12-27 00:00:00,89.94727325439453,-36.0,NULL
9193,18,18,0,18,121,2016-12-27 01:00:00,89.94727325439453,-36.0,NULL
9194,18,18,0,18,122,2016-12-27 02:00:00,89.94727325439453,-36.0,NULL
9195,18,18,0,18,123,2016-12-27 03:00:00,89.94727325439453,-36.0,NULL
9196,18,18,0,18,124,2016-12-27 04:00:00,89.94727325439453,-36.0,NULL
9197,18,18,0,18,125,2016-12-27 05:00:00,89.94727325439453,-36.0,NULL
9198,18,18,0,18,126,2016-12-27 06:00:00,89.94727325439453,-36.0,NULL
9199,18,18,0,18,127,2016-12-27 07:00:00,89.94727325439453,-36.0,NULL
9200,18,18,0,18,128,2016-12-27 08:00:00,89.94727325439453,-36.0,NULL
9201,18,18,0,18,129,2016-12-27 09:00:00,89.94727325439453,-36.0,NULL
9202,18,18,0,18,130,2016-12-27 10:00:00,89.94727325439453,-36.0,NULL
9203,18,18,0,18,131,2016-12-27 11:00:00,89.94727325439453,-36.0,NULL
9204,18,18,0,18,132,2016-12-27 12:00:00,89.94727325439453,-36.0,NULL
9205,18,18,0,18,133,2016-12-27 13:00:00,89.94727325439453,-36.0,NULL
9206,18,18,0,18,134,2016-12-27 14:00:00,89.94727325439453,-36.0,NULL
9207,18,18,0,18,135,2016-12-27 15:00:00,89.94727325439453,-36.0,NULL
9208,18,18,0,18,136,2016-12-27 16:00:00,89.94727325439453,-36.0,NULL
9209,18,18,0,18,137,2016-12-27 17:00:00,89.94727325439453,-36.0,NULL
9210,18,18,0,18,138,2016-12-27 18:00:00,89.94727325439453,-36.0,NULL
9211,18,18,0,18,139,2016-12-27 19:00:00,89.94727325439453,-36.0,NULL
9212,18,18,0,18,140,2016-12-27 20:00:00,89.94727325439453,-36.0,NULL
9213,18,18,0,18,141,2016-12-27 21:00:00,89.94727325439453,-36.0,NULL
9214,18,18,0,18,142,2016-12-27 22:00:00,89.94727325439453,-36.0,NULL
9215,18,18,0,18,143,2016-12-27 23:00:00,89.94727325439453,-36.0,NULL
9216,18,18,0,18,144,2016-12-28 00:00:00,89.94727325439453,-36.0,NULL
9217,18,18,0,18,145,2016-12-28 01:00:00,89.94727325439453,-36.0,NULL
9218,18,18,0,18,146,2016-12-28 02:00:00,89.94727325439453,-36.0,NULL
9219,18,18,0,18,147,2016-12-28 03:00:00,89.94727325439453,-36.0,NULL
9220,18,18,0,18,148,2016-12-28 04:00:00,89.94727325439453,-36.0,NULL
9221,18,18,0,18,149,2016-12-28 05:00:00,89.94727325439453,-36.0,NULL
9222,18,18,0,18,150,2016-12-28 06:00:00,89.94727325439453,-36.0,NULL
9223,18,18,0,18,151,2016-12-28 07:00:00,89.94727325439453,-36.0,NULL
9224,18,18,0,18,152,2016-12-28 08:00:00,89.94727325439453,-36.0,NULL
9225,18,18,0,18,153,2016-12-28 09:00:00,89.94727325439453,-36.0,NULL
9226,18,18,0,18,154,2016-12-28 10:00:00,89.94727325439453,-36.0,NULL
9227,18,18,0,18,155,2016-12-28 11:00:00,89.94727325439453,-36.0,NULL
9228,18,18,0,18,156,2016-12-28 12:00:00,89.94727325439453,-36.0,NULL
9229,18,18,0,18,157,2016-12-28 13:00:00,89.94727325439453,-36.0,NULL
9230,18,18,0,18,158,2016-12-28 14:00:00,89.94727325439453,-36.0,NULL
9231,18,18,0,18,159,2016-12-28 15:00:00,89.94727325439453,-36.0,NULL
9232,18,18,0,18,160,2016-12-28 16:00:00,89.94727325439453,-36.0,NULL
9233,18,18,0,18,161,2016-12-28 17:00:00,89.94727325439453,-36.0,NULL
9234,18,18,0,18,162,2016-12-28 18:00:00,89.94727325439453,-36.0,NULL
9235,18,18,0,18,163,2016-12-28 19:00:00,89.94727325439453,-36.0,NULL
9236,18,18,0,18,164,2016-12-28 20:00:00,89.94727325439453,-36.0,NULL
9237,18,18,0,18,165,2016-12-28 21:00:00,89.94727325439453,-36.0,NULL
9238,18,18,0,18,166,2016-12-28 22:00:00,89.94727325439453,-36.0,NULL
9239,18,18,0,18,167,2016-12-28 23:00:00,89.94727325439453,-36.0,NULL
9240,18,18,0,18,168,2016-12-29 00:00:00,89.94727325439453,-36.0,NULL
9241,18,18,0,18,169,2016-12-29 01:00:00,89.94727325439453,-36.0,NULL
9242,18,18,0,18,170,2016-12-29 02:00:00,89.94727325439453,-36.0,NULL
9243,18,18,0,18,171,2016-12-29 03:00:00,89.94727325439453,-36.0,NULL
9244,18,18,0,18,172,2016-12-29 04:00:00,89.94727325439453,-36.0,NULL
9245,18,18,0,18,173,2016-12-29 05:00:00,89.94727325439453,-36.0,NULL
9246,18,18,0,18,174,2016-12-29 06:00:00,89.94727325439453,-36.0,NULL
9247,18,18,0,18,175,2016-12-29 07:00:00,89.94727325439453,-36.0,NULL
9248,18,18,0,18,176,2016-12-29 08:00:00,89.94727325439453,-36.0,NULL
9249,18,18,0,18,177,2016-12-29 09:00:00,89.94727325439453,-36.0,NULL
9250,18,18,0,18,178,2016-12-29 10:00:00,89.94727325439453,-36.0,NULL
9251,18,18,0,18,179,2016-12-29 11:00:00,89.94727325439453,-36.0,NULL
9252,18,18,0,18,180,2016-12-29 12:00:00,89.94727325439453,-36.0,NULL
9253,18,18,0,18,181,2016-12-29 13:00:00,89.94727325439453,-36.0,NULL
9254,18,18,0,18,182,2016-12-29 14:00:00,89.94727325439453,-36.0,NULL
9255,18,18,0,18,183,2016-12-29 15:00:00,89.94727325439453,-36.0,NULL
9256,18,18,0,18,184,2016-12-29 16:00:00,89.94727325439453,-36.0,NULL
9257,18,18,0,18,185,2016-12-29 17:00:00,89.94727325439453,-36.0,NULL
9258,18,18,0,18,186,2016-12-29 18:00:00,89.94727325439453,-36.0,NULL
9259,18,18,0,18,187,2016-12-29 19:00:00,89.94727325439453,-36.0,NULL
9260,18,18,0,18,188,2016-12-29 20:00:00,89.94727325439453,-36.0,NULL
9261,18,18,0,18,189,2016-12-29 21:00:00,89.94727325439453,-36.0,NULL
9262,18,18,0,18,190,2016-12-29 22:00:00,89.94727325439453,-36.0,NULL
9263,18,18,0,18,191,2016-12-29 23:00:00,89.94727325439453,-36.0,NULL
9264,18,18,0,18,192,2016-12-30 00:00:00,89.94727325439453,-36.0,NULL
9265,18,18,0,18,193,2016-12-30 01:00:00,89.94727325439453,-36.0,NULL
9266,18,18,0,18,194,2016-12-30 02:00:00,89.94727325439453,-36.0,NULL
9267,18,18,0,18,195,2016-12-30 03:00:00,89.94727325439453,-36.0,NULL
9268,18,18,0,18,196,2016-12-30 04:00:00,89.94727325439453,-36.0,NULL
9269,18,18,0,18,197,2016-12-30 05:00:00,89.94727325439453,-36.0,NULL
9270,18,18,0,18,198,2016-12-30 06:00:00,89.94727325439453,-36.0,NULL
9271,18,18,0,18,199,2016-12-30 07:00:00,89.94727325439453,-36.0,NULL
9272,18,18,0,18,200,2016-12-30 08:00:00,89.94727325439453,-36.0,NULL
9273,18,18,0,18,201,2016-12-30 09:00:00,89.94727325439453,-36.0,NULL
9274,18,18,0,18,202,2016-12-30 10:00:00,89.94727325439453,-36.0,NULL
9275,18,18,0,18,203,2016-12-30 11:00:00,89.94727325439453,-36.0,NULL
9276,18,18,0,18,204,2016-12-30 12:00:00,89.94727325439453,-36.0,NULL
9277,18,18,0,18,205,2016-12-30 13:00:00,89.94727325439453,-36.0,NULL
9278,18,18,0,18,206,2016-12-30 14:00:00,89.94727325439453,-36.0,NULL
9279,18,18,0,18,207,2016-12-30 15:00:00,89.94727325439453,-36.0,NULL
9280,18,18,0,18,208,2016-12-30 16:00:00,89.94727325439453,-36.0,NULL
9281,18,18,0,18,209,2016-12-30 17:00:00,89.94727325439453,-36.0,NULL
9282,18,18,0,18,210,2016-12-30 18:00:00,89.94727325439453,-36.0,NULL
9283,18,18,0,18,211,2016-12-30 19:00:00,89.94727325439453,-36.0,NULL
9284,18,18,0,18,212,2016-12-30 20:00:00,89.94727325439453,-36.0,NULL
9285,18,18,0,18,213,2016-12-30 21:00:00,89.94727325439453,-36.0,NULL
9286,18,18,0,18,214,2016-12-30 22:00:00,89.94727325439453,-36.0,NULL
9287,18,18,0,18,215,2016-12-30 23:00:00,89.94727325439453,-36.0,NULL
9288,18,18,0,18,216,2016-12-31 00:00:00,89.94727325439453,-36.0,NULL
9289,18,18,0,18,217,2016-12-31 01:00:00,89.94727325439453,-36.0,-21.0
9290,18,18,0,18,218,2016-12-31 02:00:00,89.94727325439453,-36.0,-20.9
9291,18,18,0,18,219,2016-12-31 03:00:00,89.94727325439453,-36.0,-20.7
9292,18,18,0,18,220,2016-12-31 04:00:00,89.94727325439453,-36.0,-20.45
9293,18,18,0,18,221,2016-12-31 05:00:00,89.94727325439453,-36.0,-20.15
9294,18,18,0,18,222,2016-12-31 06:00:00,89.94727325439453,-36.0,-19.85
9295,18,18,0,18,223,2016-12-31 07:00:00,89.94727325439453,-36.0,-19.65
9296,18,18,0,18,224,2016-12-31 08:00:00,89.94727325439453,-36.0,-19.35
9297,18,18,0,18,225,2016-12-31 09:00:00,89.94727325439453,-36.0,-19.1
9298,18,18,0,18,226,2016-12-31 10:00:00,89.94727325439453,-36.0,-18.75
9299,18,18,0,18,227,2016-12-31 11:00:00,89.94727325439453,-36.0,-18.7
9300,18,18,0,18,228,2016-12-31 12:00:00,89.94727325439453,-36.0,-18.6
9301,18,18,0,18,229,2016-12-31 13:00:00,89.94727325439453,-36.0,-19.75
9302,18,18,0,18,230,2016-12-31 14:00:00,89.94727325439453,-36.0,-19.6
9303,18,18,0,18,231,2016-12-31 15:00:00,89.94727325439453,-36.0,-19.55
9304,18,18,0,18,232,2016-12-31 16:00:00,89.94727325439453,-36.0,-19.5
9305,18,18,0,18,233,2016-12-31 17:00:00,89.94727325439453,-36.0,-19.5
9306,18,18,0,18,234,2016-12-31 18:00:00,89.94727325439453,-36.0,-19.55
9307,18,18,0,18,235,2016-12-31 19:00:00,89.94727325439453,-36.0,-19.65
9308,18,18,0,18,236,2016-12-31 20:00:00,89.94727325439453,-36.0,-19.65
9309,18,18,0,18,237,2016-12-31 21:00:00,89.94727325439453,-36.0,-19.55
9310,18,18,0,18,238,2016-12-31 22:00:00,89.94727325439453,-36.0,-19.4
9311,18,18,0,18,239,2016-12-31 23:00:00,89.94727325439453,-36.0,-19.2
9312,18,18,0,18,240,2017-01-01 00:00:00,89.94727325439453,-36.0,-18.8
9313,18,18,0,18,241,2017-01-01 01:00:00,89.94727325439453,-36.0,-18.4
9314,18,18,0,18,242,2017-01-01 02:00:00,89.94727325439453,-36.0,-18.05
9315,18,18,0,18,243,2017-01-01 03:00:00,89.94727325439453,-36.0,-17.8
9316,18,18,0,18,244,2017-01-01 04:00:00,89.94727325439453,-36.0,-17.6
9317,18,18,0,18,245,2017-01-01 05:00:00,89.94727325439453,-36.0,-17.55
9318,18,18,0,18,246,2017-01-01 06:00:00,89.94727325439453,-36.0,-18.05
9319,18,18,0,18,247,2017-01-01 07:00:00,89.94727325439453,-36.0,-18.55
9320,18,18,0,18,248,2017-01-01 08:00:00,89.94727325439453,-36.0,-18.7
9321,18,18,0,18,249,2017-01-01 09:00:00,89.94727325439453,-36.0,-18.7
9322,18,18,0,18,250,2017-01-01 10:00:00,89.94727325439453,-36.0,-18.7
9323,18,18,0,18,251,2017-01-01 11:00:00,89.94727325439453,-36.0,-18.95
9324,18,18,0,18,252,2017-01-01 12:00:00,89.94727325439453,-36.0,-19.15
9325,18,18,0,18,253,2017-01-01 13:00:00,89.94727325439453,-36.0,-20.95
9326,18,18,0,18,254,2017-01-01 14:00:00,89.94727325439453,-36.0,-21.25
9327,18,18,0,18,255,2017-01-01 15:00:00,89.94727325439453,-36.0,-21.6
9328,18,18,0,18,256,2017-01-01 16:00:00,89.94727325439453,-36.0,-21.85
9329,18,18,0,18,257,2017-01-01 17:00:00,89.94727325439453,-36.0,-22.05
9330,18,18,0,18,258,2017-01-01 18:00:00,89.94727325439453,-36.0,-22.2
9331,18,18,0,18,259,2017-01-01 19:00:00,89.94727325439453,-36.0,-22.15
9332,18,18,0,18,260,2017-01-01 20:00:00,89.94727325439453,-36.0,-21.45
9333,18,18,0,18,261,2017-01-01 21:00:00,89.94727325439453,-36.0,-20.6
9334,18,18,0,18,262,2017-01-01 22:00:00,89.94727325439453,-36.0,-20.0
9335,18,18,0,18,263,2017-01-01 23:00:00,89.94727325439453,-36.0,-19.55
9336,18,18,0,18,264,2017-01-02 00:00:00,89.94727325439453,-36.0,-19.8
9337,18,18,0,18,265,2017-01-02 01:00:00,89.94727325439453,-36.0,NULL
9338,18,18,0,18,266,2017-01-02 02:00:00,89.94727325439453,-36.0,NULL
9339,18,18,0,18,267,2017-01-02 03:00:00,89.94727325439453,-36.0,NULL
9340,18,18,0,18,268,2017-01-02 04:00:00,89.94727325439453,-36.0,NULL
9341,18,18,0,18,269,2017-01-02 05:00:00,89.94727325439453,-36.0,NULL
9342,18,18,0,18,270,2017-01-02 06:00:00,89.94727325439453,-36.0,NULL
9343,18,18,0,18,271,2017-01-02 07:00:00,89.94727325439453,-36.0,NULL
9344,18,18,0,18,272,2017-01-02 08:00:00,89.94727325439453,-36.0,NULL
9345,18,18,0,18,273,2017-01-02 09:00:00,89.94727325439453,-36.0,NULL
9346,18,18,0,18,274,2017-01-02 10:00:00,89.94727325439453,-36.0,NULL
9347,18,18,0,18,275,2017-01-02 11:00:00,89.94727325439453,-36.0,NULL
9348,18,18,0,18,276,2017-01-02 12:00:00,89.94727325439453,-36.0,NULL
9349,18,18,0,18,277,2017-01-02 13:00:00,89.94727325439453,-36.0,NULL
9350,18,18,0,18,278,2017-01-02 14:00:00,89.94727325439453,-36.0,NULL
9351,18,18,0,18,279,2017-01-02 15:00:00,89.94727325439453,-36.0,NULL
9352,18,18,0,18,280,2017-01-02 16:00:00,89.94727325439453,-36.0,NULL
9353,18,18,0,18,281,2017-01-02 17:00:00,89.94727325439453,-36.0,NULL
9354,18,18,0,18,282,2017-01-02 18:00:00,89.94727325439453,-36.0,NULL
9355,18,18,0,18,283,2017-01-02 19:00:00,89.94727325439453,-36.0,NULL
9356,18,18,0,18,284,2017-01-02 20:00:00,89.94727325439453,-36.0,NULL
9357,18,18,0,18,285,2017-01-02 21:00:00,89.94727325439453,-36.0,NULL
9358,18,18,0,18,286,2017-01-02 22:00:00,89.94727325439453,-36.0,NULL
9359,18,18,0,18,287,2017-01-02 23:00:00,89.94727325439453,-36.0,NULL
9360,18,18,0,18,288,2017-01-03 00:00:00,89.94727325439453,-36.0,NULL
9361,18,18,0,18,289,2017-01-03 01:00:00,89.94727325439453,-36.0,NULL
9362,18,18,0,18,290,2017-01-03 02:00:00,89.94727325439453,-36.0,NULL
9363,18,18,0,18,291,2017-01-03 03:00:00,89.94727325439453,-36.0,NULL
9364,18,18,0,18,292,2017-01-03 04:00:00,89.94727325439453,-36.0,NULL
9365,18,18,0,18,293,2017-01-03 05:00:00,89.94727325439453,-36.0,NULL
9366,18,18,0,18,294,2017-01-03 06:00:00,89.94727325439453,-36.0,NULL
9367,18,18,0,18,295,2017-01-03 07:00:00,89.94727325439453,-36.0,NULL
9368,18,18,0,18,296,2017-01-03 08:00:00,89.94727325439453,-36.0,NULL
9369,18,18,0,18,297,2017-01-03 09:00:00,89.94727325439453,-36.0,NULL
9370,18,18,0,18,298,2017-01-03 10:00:00,89.94727325439453,-36.0,NULL
9371,18,18,0,18,299,2017-01-03 11:00:00,89.94727325439453,-36.0,NULL
9372,18,18,0,18,300,2017-01-03 12:00:00,89.94727325439453,-36.0,NULL
9373,18,18,0,18,301,2017-01-03 13:00:00,89.94727325439453,-36.0,NULL
9374,18,18,0,18,302,2017-01-03 14:00:00,89.94727325439453,-36.0,NULL
9375,18,18,0,18,303,2017-01-03 15:00:00,89.94727325439453,-36.0,NULL
9376,18,18,0,18,304,2017-01-03 16:00:00,89.94727325439453,-36.0,NULL
9377,18,18,0,18,305,2017-01-03 17:00:00,89.94727325439453,-36.0,NULL
9378,18,18,0,18,306,2017-01-03 18:00:00,89.94727325439453,-36.0,NULL
9379,18,18,0,18,307,2017-01-03 19:00:00,89.94727325439453,-36.0,NULL
9380,18,18,0,18,308,2017-01-03 20:00:00,89.94727325439453,-36.0,NULL
9381,18,18,0,18,309,2017-01-03 21:00:00,89.94727325439453,-36.0,NULL
9382,18,18,0,18,310,2017-01-03 22:00:00,89.94727325439453,-36.0,NULL
9383,18,18,0,18,311,2017-01-03 23:00:00,89.94727325439453,-36.0,NULL
9384,18,18,0,18,312,2017-01-04 00:00:00,89.94727325439453,-36.0,NULL
9385,18,18,0,18,313,2017-01-04 01:00:00,89.94727325439453,-36.0,NULL
9386,18,18,0,18,314,2017-01-04 02:00:00,89.94727325439453,-36.0,NULL
9387,18,18,0,18,315,2017-01-04 03:00:00,89.94727325439453,-36.0,NULL
9388,18,18,0,18,316,2017-01-04 04:00:00,89.94727325439453,-36.0,NULL
9389,18,18,0,18,317,2017-01-04 05:00:00,89.94727325439453,-36.0,NULL
9390,18,18,0,18,318,2017-01-04 06:00:00,89.94727325439453,-36.0,NULL
9391,18,18,0,18,319,2017-01-04 07:00:00,89.94727325439453,-36.0,NULL
9392,18,18,0,18,320,2017-01-04 08:00:00,89.94727325439453,-36.0,NULL
9393,18,18,0,18,321,2017-01-04 09:00:00,89.94727325439453,-36.0,NULL
9394,18,18,0,18,322,2017-01-04 10:00:00,89.94727325439453,-36.0,NULL
9395,18,18,0,18,323,2017-01-04 11:00:00,89.94727325439453,-36.0,NULL
9396,18,18,0,18,324,2017-01-04 12:00:00,89.94727325439453,-36.0,NULL
9397,18,18,0,18,325,2017-01-04 13:00:00,89.94727325439453,-36.0,NULL
9398,18,18,0,18,326,2017-01-04 14:00:00,89.94727325439453,-36.0,NULL
9399,18,18,0,18,327,2017-01-04 15:00:00,89.94727325439453,-36.0,NULL
9400,18,18,0,18,328,2017-01-04 16:00:00,89.94727325439453,-36.0,NULL
9401,18,18,0,18,329,2017-01-04 17:00:00,89.94727325439453,-36.0,NULL
9402,18,18,0,18,330,2017-01-04 18:00:00,89.94727325439453,-36.0,NULL
9403,18,18,0,18,331,2017-01-04 19:00:00,89.94727325439453,-36.0,NULL
9404,18,18,0,18,332,2017-01-04 20:00:00,89.94727325439453,-36.0,NULL
9405,18,18,0,18,333,2017-01-04 21:00:00,89.94727325439453,-36.0,NULL
9406,18,18,0,18,334,2017-01-04 22:00:00,89.94727325439453,-36.0,NULL
9407,18,18,0,18,335,2017-01-04 23:00:00,89.94727325439453,-36.0,NULL
9408,18,18,0,18,336,2017-01-05 00:00:00,89.94727325439453,-36.0,NULL
9409,18,18,0,18,337,2017-01-05 01:00:00,89.94727325439453,-36.0,NULL
9410,18,18,0,18,338,2017-01-05 02:00:00,89.94727325439453,-36.0,NULL
9411,18,18,0,18,339,2017-01-05 03:00:00,89.94727325439453,-36.0,NULL
9412,18,18,0,18,340,2017-01-05 04:00:00,89.94727325439453,-36.0,NULL
9413,18,18,0,18,341,2017-01-05 05:00:00,89.94727325439453,-36.0,NULL
9414,18,18,0,18,342,2017-01-05 06:00:00,89.94727325439453,-36.0,NULL
9415,18,18,0,18,343,2017-01-05 07:00:00,89.94727325439453,-36.0,NULL
9416,18,18,0,18,344,2017-01-05 08:00:00,89.94727325439453,-36.0,NULL
9417,18,18,0,18,345,2017-01-05 09:00:00,89.94727325439453,-36.0,NULL
9418,18,18,0,18,346,2017-01-05 10:00:00,89.94727325439453,-36.0,NULL
9419,18,18,0,18,347,2017-01-05 11:00:00,89.94727325439453,-36.0,NULL
9420,18,18,0,18,348,2017-01-05 12:00:00,89.94727325439453,-36.0,NULL
9421,18,18,0,18,349,2017-01-05 13:00:00,89.94727325439453,-36.0,NULL
9422,18,18,0,18,350,2017-01-05 14:00:00,89.94727325439453,-36.0,NULL
9423,18,18,0,18,351,2017-01-05 15:00:00,89.94727325439453,-36.0,NULL
9424,18,18,0,18,352,2017-01-05 16:00:00,89.94727325439453,-36.0,NULL
9425,18,18,0,18,353,2017-01-05 17:00:00,89.94727325439453,-36.0,NULL
9426,18,18,0,18,354,2017-01-05 18:00:00,89.94727325439453,-36.0,NULL
9427,18,18,0,18,355,2017-01-05 19:00:00,89.94727325439453,-36.0,NULL
9428,18,18,0,18,356,2017-01-05 20:00:00,89.94727325439453,-36.0,NULL
9429,18,18,0,18,357,2017-01-05 21:00:00,89.94727325439453,-36.0,NULL
9430,18,18,0,18,358,2017-01-05 22:00:00,89.94727325439453,-36.0,NULL
9431,18,18,0,18,359,2017-01-05 23:00:00,89.94727325439453,-36.0,NULL
9432,18,18,0,18,360,2017-01-06 00:00:00,89.94727325439453,-36.0,NULL
9433,18,18,0,18,361,2017-01-06 01:00:00,89.94727325439453,-36.0,NULL
9434,18,18,0,18,362,2017-01-06 02:00:00,89.94727325439453,-36.0,NULL
9435,18,18,0,18,363,2017-01-06 03:00:00,89.94727325439453,-36.0,NULL
9436,18,18,0,18,364,2017-01-06 04:00:00,89.94727325439453,-36.0,NULL
9437,18,18,0,18,365,2017-01-06 05:00:00,89.94727325439453,-36.0,NULL
9438,18,18,0,18,366,2017-01-06 06:00:00,89.94727325439453,-36.0,NULL
9439,18,18,0,18,367,2017-01-06 07:00:00,89.94727325439453,-36.0,NULL
9440,18,18,0,18,368,2017-01-06 08:00:00,89.94727325439453,-36.0,NULL
9441,18,18,0,18,369,2017-01-06 09:00:00,89.94727325439453,-36.0,NULL
9442,18,18,0,18,370,2017-01-06 10:00:00,89.94727325439453,-36.0,NULL
9443,18,18,0,18,371,2017-01-06 11:00:00,89.94727325439453,-36.0,NULL
9444,18,18,0,18,372,2017-01-06 12:00:00,89.94727325439453,-36.0,NULL
9445,18,18,0,18,373,2017-01-06 13:00:00,89.94727325439453,-36.0,NULL
9446,18,18,0,18,374,2017-01-06 14:00:00,89.94727325439453,-36.0,NULL
9447,18,18,0,18,375,2017-01-06 15:00:00,89.94727325439453,-36.0,NULL
9448,18,18,0,18,376,2017-01-06 16:00:00,89.94727325439453,-36.0,NULL
9449,18,18,0,18,377,2017-01-06 17:00:00,89.94727325439453,-36.0,NULL
9450,18,18,0,18,378,2017-01-06 18:00:00,89.94727325439453,-36.0,NULL
9451,18,18,0,18,379,2017-01-06 19:00:00,89.94727325439453,-36.0,NULL
9452,18,18,0,18,380,2017-01-06 20:00:00,89.94727325439453,-36.0,NULL
9453,18,18,0,18,381,2017-01-06 21:00:00,89.94727325439453,-36.0,NULL
9454,18,18,0,18,382,2017-01-06 22:00:00,89.94727325439453,-36.0,NULL
9455,18,18,0,18,383,2017-01-06 23:00:00,89.94727325439453,-36.0,NULL
9456,18,18,0,18,384,2017-01-07 00:00:00,89.94727325439453,-36.0,NULL
9457,18,18,0,18,385,2017-01-07 01:00:00,89.94727325439453,-36.0,NULL
9458,18,18,0,18,386,2017-01-07 02:00:00,89.94727325439453,-36.0,NULL
9459,18,18,0,18,387,2017-01-07 03:00:00,89.94727325439453,-36.0,NULL
9460,18,18,0,18,388,2017-01-07 04:00:00,89.94727325439453,-36.0,NULL
9461,18,18,0,18,389,2017-01-07 05:00:00,89.94727325439453,-36.0,NULL
9462,18,18,0,18,390,2017-01-07 06:00:00,89.94727325439453,-36.0,NULL
9463,18,18,0,18,391,2017-01-07 07:00:00,89.94727325439453,-36.0,NULL
9464,18,18,0,18,392,2017-01-07 08:00:00,89.94727325439453,-36.0,NULL
9465,18,18,0,18,393,2017-01-07 09:00:00,89.94727325439453,-36.0,NULL
9466,18,18,0,18,394,2017-01-07 10:00:00,89.94727325439453,-36.0,NULL
9467,18,18,0,18,395,2017-01-07 11:00:00,89.94727325439453,-36.0,NULL
9468,18,18,0,18,396,2017-01-07 12:00:00,89.94727325439453,-36.0,NULL
9469,18,18,0,18,397,2017-01-07 13:00:00,89.94727325439453,-36.0,NULL
9470,18,18,0,18,398,2017-01-07 14:00:00,89.94727325439453,-36.0,NULL
9471,18,18,0,18,399,2017-01-07 15:00:00,89.94727325439453,-36.0,NULL
9472,18,18,0,18,400,2017-01-07 16:00:00,89.94727325439453,-36.0,NULL
9473,18,18,0,18,401,2017-01-07 17:00:00,89.94727325439453,-36.0,NULL
9474,18,18,0,18,402,2017-01-07 18:00:00,89.94727325439453,-36.0,NULL
9475,18,18,0,18,403,2017-01-07 19:00:00,89.94727325439453,-36.0,NULL
9476,18,18,0,18,404,2017-01-07 20:00:00,89.94727325439453,-36.0,NULL
9477,18,18,0,18,405,2017-01-07 21:00:00,89.94727325439453,-36.0,NULL
9478,18,18,0,18,406,2017-01-07 22:00:00,89.94727325439453,-36.0,NULL
9479,18,18,0,18,407,2017-01-07 23:00:00,89.94727325439453,-36.0,NULL
9480,18,18,0,18,408,2017-01-08 00:00:00,89.94727325439453,-36.0,NULL
9481,18,18,0,18,409,2017-01-08 01:00:00,89.94727325439453,-36.0,NULL
9482,18,18,0,18,410,2017-01-08 02:00:00,89.94727325439453,-36.0,NULL
9483,18,18,0,18,411,2017-01-08 03:00:00,89.94727325439453,-36.0,NULL
9484,18,18,0,18,412,2017-01-08 04:00:00,89.94727325439453,-36.0,NULL
9485,18,18,0,18,413,2017-01-08 05:00:00,89.94727325439453,-36.0,NULL
9486,18,18,0,18,414,2017-01-08 06:00:00,89.94727325439453,-36.0,NULL
9487,18,18,0,18,415,2017-01-08 07:00:00,89.94727325439453,-36.0,NULL
9488,18,18,0,18,416,2017-01-08 08:00:00,89.94727325439453,-36.0,NULL
9489,18,18,0,18,417,2017-01-08 09:00:00,89.94727325439453,-36.0,NULL
9490,18,18,0,18,418,2017-01-08 10:00:00,89.94727325439453,-36.0,NULL
9491,18,18,0,18,419,2017-01-08 11:00:00,89.94727325439453,-36.0,NULL
9492,18,18,0,18,420,2017-01-08 12:00:00,89.94727325439453,-36.0,NULL
9493,18,18,0,18,421,2017-01-08 13:00:00,89.94727325439453,-36.0,NULL
9494,18,18,0,18,422,2017-01-08 14:00:00,89.94727325439453,-36.0,NULL
9495,18,18,0,18,423,2017-01-08 15:00:00,89.94727325439453,-36.0,NULL
9496,18,18,0,18,424,2017-01-08 16:00:00,89.94727325439453,-36.0,NULL
9497,18,18,0,18,425,2017-01-08 17:00:00,89.94727325439453,-36.0,NULL
9498,18,18,0,18,426,2017-01-08 18:00:00,89.94727325439453,-36.0,NULL
9499,18,18,0,18,427,2017-01-08 19:00:00,89.94727325439453,-36.0,NULL
9500,18,18,0,18,428,2017-01-08 20:00:00,89.94727325439453,-36.0,NULL
9501,18,18,0,18,429,2017-01-08 21:00:00,89.94727325439453,-36.0,NULL
9502,18,18,0,18,430,2017-01-08 22:00:00,89.94727325439453,-36.0,NULL
9503,18,18,0,18,431,2017-01-08 23:00:00,89.94727325439453,-36.0,NULL
9504,18,18,0,18,432,2017-01-09 00:00:00,89.94727325439453,-36.0,NULL
9505,18,18,0,18,433,2017-01-09 01:00:00,89.94727325439453,-36.0,NULL
9506,18,18,0,18,434,2017-01-09 02:00:00,89.94727325439453,-36.0,NULL
9507,18,18,0,18,435,2017-01-09 03:00:00,89.94727325439453,-36.0,NULL
9508,18,18,0,18,436,2017-01-09 04:00:00,89.94727325439453,-36.0,NULL
9509,18,18,0,18,437,2017-01-09 05:00:00,89.94727325439453,-36.0,NULL
9510,18,18,0,18,438,2017-01-09 06:00:00,89.94727325439453,-36.0,NULL
9511,18,18,0,18,439,2017-01-09 07:00:00,89.94727325439453,-36.0,NULL
9512,18,18,0,18,440,2017-01-09 08:00:00,89.94727325439453,-36.0,NULL
9513,18,18,0,18,441,2017-01-09 09:00:00,89.94727325439453,-36.0,NULL
9514,18,18,0,18,442,2017-01-09 10:00:00,89.94727325439453,-36.0,NULL
9515,18,18,0,18,443,2017-01-09 11:00:00,89.94727325439453,-36.0,NULL
9516,18,18,0,18,444,2017-01-09 12:00:00,89.94727325439453,-36.0,NULL
9517,18,18,0,18,445,2017-01-09 13:00:00,89.94727325439453,-36.0,NULL
9518,18,18,0,18,446,2017-01-09 14:00:00,89.94727325439453,-36.0,NULL
9519,18,18,0,18,447,2017-01-09 15:00:00,89.94727325439453,-36.0,NULL
9520,18,18,0,18,448,2017-01-09 16:00:00,89.94727325439453,-36.0,NULL
9521,18,18,0,18,449,2017-01-09 17:00:00,89.94727325439453,-36.0,NULL
9522,18,18,0,18,450,2017-01-09 18:00:00,89.94727325439453,-36.0,NULL
9523,18,18,0,18,451,2017-01-09 19:00:00,89.94727325439453,-36.0,NULL
9524,18,18,0,18,452,2017-01-09 20:00:00,89.94727325439453,-36.0,NULL
9525,18,18,0,18,453,2017-01-09 21:00:00,89.94727325439453,-36.0,NULL
9526,18,18,0,18,454,2017-01-09 22:00:00,89.94727325439453,-36.0,NULL
9527,18,18,0,18,455,2017-01-09 23:00:00,89.94727325439453,-36.0,NULL
9528,18,18,0,18,456,2017-01-10 00:00:00,89.94727325439453,-36.0,NULL
9529,18,18,0,18,457,2017-01-10 01:00:00,89.94727325439453,-36.0,NULL
9530,18,18,0,18,458,2017-01-10 02:00:00,89.94727325439453,-36.0,NULL
9531,18,18,0,18,459,2017-01-10 03:00:00,89.94727325439453,-36.0,NULL
9532,18,18,0,18,460,2017-01-10 04:00:00,89.94727325439453,-36.0,NULL
9533,18,18,0,18,461,2017-01-10 05:00:00,89.94727325439453,-36.0,NULL
9534,18,18,0,18,462,2017-01-10 06:00:00,89.94727325439453,-36.0,NULL
9535,18,18,0,18,463,2017-01-10 07:00:00,89.94727325439453,-36.0,NULL
9536,18,18,0,18,464,2017-01-10 08:00:00,89.94727325439453,-36.0,NULL
9537,18,18,0,18,465,2017-01-10 09:00:00,89.94727325439453,-36.0,NULL
9538,18,18,0,18,466,2017-01-10 10:00:00,89.94727325439453,-36.0,NULL
9539,18,18,0,18,467,2017-01-10 11:00:00,89.94727325439453,-36.0,NULL
9540,18,18,0,18,468,2017-01-10 12:00:00,89.94727325439453,-36.0,NULL
9541,18,18,0,18,469,2017-01-10 13:00:00,89.94727325439453,-36.0,NULL
9542,18,18,0,18,470,2017-01-10 14:00:00,89.94727325439453,-36.0,NULL
9543,18,18,0,18,471,2017-01-10 15:00:00,89.94727325439453,-36.0,NULL
9544,18,18,0,18,472,2017-01-10 16:00:00,89.94727325439453,-36.0,NULL
9545,18,18,0,18,473,2017-01-10 17:00:00,89.94727325439453,-36.0,NULL
9546,18,18,0,18,474,2017-01-10 18:00:00,89.94727325439453,-36.0,NULL
9547,18,18,0,18,475,2017-01-10 19:00:00,89.94727325439453,-36.0,NULL
9548,18,18,0,18,476,2017-01-10 20:00:00,89.94727325439453,-36.0,NULL
9549,18,18,0,18,477,2017-01-10 21:00:00,89.94727325439453,-36.0,NULL
9550,18,18,0,18,478,2017-01-10 22:00:00,89.94727325439453,-36.0,NULL
9551,18,18,0,18,479,2017-01-10 23:00:00,89.94727325439453,-36.0,NULL
9552,18,18,0,18,480,2017-01-11 00:00:00,89.94727325439453,-36.0,NULL
9553,18,18,0,18,481,2017-01-11 01:00:00,89.94727325439453,-36.0,NULL
9554,18,18,0,18,482,2017-01-11 02:00:00,89.94727325439453,-36.0,NULL
9555,18,18,0,18,483,2017-01-11 03:00:00,89.94727325439453,-36.0,NULL
9556,18,18,0,18,484,2017-01-11 04:00:00,89.94727325439453,-36.0,NULL
9557,18,18,0,18,485,2017-01-11 05:00:00,89.94727325439453,-36.0,NULL
9558,18,18,0,18,486,2017-01-11 06:00:00,89.94727325439453,-36.0,NULL
9559,18,18,0,18,487,2017-01-11 07:00:00,89.94727325439453,-36.0,NULL
9560,18,18,0,18,488,2017-01-11 08:00:00,89.94727325439453,-36.0,NULL
9561,18,18,0,18,489,2017-01-11 09:00:00,89.94727325439453,-36.0,NULL
9562,18,18,0,18,490,2017-01-11 10:00:00,89.94727325439453,-36.0,NULL
9563,18,18,0,18,491,2017-01-11 11:00:00,89.94727325439453,-36.0,NULL
9564,18,18,0,18,492,2017-01-11 12:00:00,89.94727325439453,-36.0,NULL
9565,18,18,0,18,493,2017-01-11 13:00:00,89.94727325439453,-36.0,NULL
9566,18,18,0,18,494,2017-01-11 14:00:00,89.94727325439453,-36.0,NULL
9567,18,18,0,18,495,2017-01-11 15:00:00,89.94727325439453,-36.0,NULL
9568,18,18,0,18,496,2017-01-11 16:00:00,89.94727325439453,-36.0,NULL
9569,18,18,0,18,497,2017-01-11 17:00:00,89.94727325439453,-36.0,NULL
9570,18,18,0,18,498,2017-01-11 18:00:00,89.94727325439453,-36.0,NULL
9571,18,18,0,18,499,2017-01-11 19:00:00,89.94727325439453,-36.0,NULL
9572,18,18,0,18,500,2017-01-11 20:00:00,89.94727325439453,-36.0,NULL
9573,18,18,0,18,501,2017-01-11 21:00:00,89.94727325439453,-36.0,NULL
9574,18,18,0,18,502,2017-01-11 22:00:00,89.94727325439453,-36.0,NULL
9575,18,18,0,18,503,2017-01-11 23:00:00,89.94727325439453,-36.0,NULL
9576,19,19,0,19,0,2016-12-22 00:00:00,89.94727325439453,-18.0,NULL
9577,19,19,0,19,1,2016-12-22 01:00:00,89.94727325439453,-18.0,NULL
9578,19,19,0,19,2,2016-12-22 02:00:00,89.94727325439453,-18.0,NULL
9579,19,19,0,19,3,2016-12-22 03:00:00,89.94727325439453,-18.0,NULL
9580,19,19,0,19,4,2016-12-22 04:00:00,89.94727325439453,-18.0,NULL
9581,19,19,0,19,5,2016-12-22 05:00:00,89.94727325439453,-18.0,NULL
9582,19,19,0,19,6,2016-12-22 06:00:00,89.94727325439453,-18.0,NULL
9583,19,19,0,19,7,2016-12-22 07:00:00,89.94727325439453,-18.0,NULL
9584,19,19,0,19,8,2016-12-22 08:00:00,89.94727325439453,-18.0,NULL
9585,19,19,0,19,9,2016-12-22 09:00:00,89.94727325439453,-18.0,NULL
9586,19,19,0,19,10,2016-12-22 10:00:00,89.94727325439453,-18.0,NULL
9587,19,19,0,19,11,2016-12-22 11:00:00,89.94727325439453,-18.0,NULL
9588,19,19,0,19,12,2016-12-22 12:00:00,89.94727325439453,-18.0,NULL
9589,19,19,0,19,13,2016-12-22 13:00:00,89.94727325439453,-18.0,NULL
9590,19,19,0,19,14,2016-12-22 14:00:00,89.94727325439453,-18.0,NULL
9591,19,19,0,19,15,2016-12-22 15:00:00,89.94727325439453,-18.0,NULL
9592,19,19,0,19,16,2016-12-22 16:00:00,89.94727325439453,-18.0,NULL
9593,19,19,0,19,17,2016-12-22 17:00:00,89.94727325439453,-18.0,NULL
9594,19,19,0,19,18,2016-12-22 18:00:00,89.94727325439453,-18.0,NULL
9595,19,19,0,19,19,2016-12-22 19:00:00,89.94727325439453,-18.0,NULL
9596,19,19,0,19,20,2016-12-22 20:00:00,89.94727325439453,-18.0,NULL
9597,19,19,0,19,21,2016-12-22 21:00:00,89.94727325439453,-18.0,NULL
9598,19,19,0,19,22,2016-12-22 22:00:00,89.94727325439453,-18.0,NULL
9599,19,19,0,19,23,2016-12-22 23:00:00,89.94727325439453,-18.0,NULL
9600,19,19,0,19,24,2016-12-23 00:00:00,89.94727325439453,-18.0,NULL
9601,19,19,0,19,25,2016-12-23 01:00:00,89.94727325439453,-18.0,NULL
9602,19,19,0,19,26,2016-12-23 02:00:00,89.94727325439453,-18.0,NULL
9603,19,19,0,19,27,2016-12-23 03:00:00,89.94727325439453,-18.0,NULL
9604,19,19,0,19,28,2016-12-23 04:00:00,89.94727325439453,-18.0,NULL
9605,19,19,0,19,29,2016-12-23 05:00:00,89.94727325439453,-18.0,NULL
9606,19,19,0,19,30,2016-12-23 06:00:00,89.94727325439453,-18.0,NULL
9607,19,19,0,19,31,2016-12-23 07:00:00,89.94727325439453,-18.0,NULL
9608,19,19,0,19,32,2016-12-23 08:00:00,89.94727325439453,-18.0,NULL
9609,19,19,0,19,33,2016-12-23 09:00:00,89.94727325439453,-18.0,NULL
9610,19,19,0,19,34,2016-12-23 10:00:00,89.94727325439453,-18.0,NULL
9611,19,19,0,19,35,2016-12-23 11:00:00,89.94727325439453,-18.0,NULL
9612,19,19,0,19,36,2016-12-23 12:00:00,89.94727325439453,-18.0,NULL
9613,19,19,0,19,37,2016-12-23 13:00:00,89.94727325439453,-18.0,NULL
9614,19,19,0,19,38,2016-12-23 14:00:00,89.94727325439453,-18.0,NULL
9615,19,19,0,19,39,2016-12-23 15:00:00,89.94727325439453,-18.0,NULL
9616,19,19,0,19,40,2016-12-23 16:00:00,89.94727325439453,-18.0,NULL
9617,19,19,0,19,41,2016-12-23 17:00:00,89.94727325439453,-18.0,NULL
9618,19,19,0,19,42,2016-12-23 18:00:00,89.94727325439453,-18.0,NULL
9619,19,19,0,19,43,2016-12-23 19:00:00,89.94727325439453,-18.0,NULL
9620,19,19,0,19,44,2016-12-23 20:00:00,89.94727325439453,-18.0,NULL
9621,19,19,0,19,45,2016-12-23 21:00:00,89.94727325439453,-18.0,NULL
9622,19,19,0,19,46,2016-12-23 22:00:00,89.94727325439453,-18.0,NULL
9623,19,19,0,19,47,2016-12-23 23:00:00,89.94727325439453,-18.0,NULL
9624,19,19,0,19,48,2016-12-24 00:00:00,89.94727325439453,-18.0,NULL
9625,19,19,0,19,49,2016-12-24 01:00:00,89.94727325439453,-18.0,NULL
9626,19,19,0,19,50,2016-12-24 02:00:00,89.94727325439453,-18.0,NULL
9627,19,19,0,19,51,2016-12-24 03:00:00,89.94727325439453,-18.0,NULL
9628,19,19,0,19,52,2016-12-24 04:00:00,89.94727325439453,-18.0,NULL
9629,19,19,0,19,53,2016-12-24 05:00:00,89.94727325439453,-18.0,NULL
9630,19,19,0,19,54,2016-12-24 06:00:00,89.94727325439453,-18.0,NULL
9631,19,19,0,19,55,2016-12-24 07:00:00,89.94727325439453,-18.0,NULL
9632,19,19,0,19,56,2016-12-24 08:00:00,89.94727325439453,-18.0,NULL
9633,19,19,0,19,57,2016-12-24 09:00:00,89.94727325439453,-18.0,NULL
9634,19,19,0,19,58,2016-12-24 10:00:00,89.94727325439453,-18.0,NULL
9635,19,19,0,19,59,2016-12-24 11:00:00,89.94727325439453,-18.0,NULL
9636,19,19,0,19,60,2016-12-24 12:00:00,89.94727325439453,-18.0,NULL
9637,19,19,0,19,61,2016-12-24 13:00:00,89.94727325439453,-18.0,NULL
9638,19,19,0,19,62,2016-12-24 14:00:00,89.94727325439453,-18.0,NULL
9639,19,19,0,19,63,2016-12-24 15:00:00,89.94727325439453,-18.0,NULL
9640,19,19,0,19,64,2016-12-24 16:00:00,89.94727325439453,-18.0,NULL
9641,19,19,0,19,65,2016-12-24 17:00:00,89.94727325439453,-18.0,NULL
9642,19,19,0,19,66,2016-12-24 18:00:00,89.94727325439453,-18.0,NULL
9643,19,19,0,19,67,2016-12-24 19:00:00,89.94727325439453,-18.0,NULL
9644,19,19,0,19,68,2016-12-24 20:00:00,89.94727325439453,-18.0,NULL
9645,19,19,0,19,69,2016-12-24 21:00:00,89.94727325439453,-18.0,NULL
9646,19,19,0,19,70,2016-12-24 22:00:00,89.94727325439453,-18.0,NULL
9647,19,19,0,19,71,2016-12-24 23:00:00,89.94727325439453,-18.0,NULL
9648,19,19,0,19,72,2016-12-25 00:00:00,89.94727325439453,-18.0,NULL
9649,19,19,0,19,73,2016-12-25 01:00:00,89.94727325439453,-18.0,NULL
9650,19,19,0,19,74,2016-12-25 02:00:00,89.94727325439453,-18.0,NULL
9651,19,19,0,19,75,2016-12-25 03:00:00,89.94727325439453,-18.0,NULL
9652,19,19,0,19,76,2016-12-25 04:00:00,89.94727325439453,-18.0,NULL
9653,19,19,0,19,77,2016-12-25 05:00:00,89.94727325439453,-18.0,NULL
9654,19,19,0,19,78,2016-12-25 06:00:00,89.94727325439453,-18.0,NULL
9655,19,19,0,19,79,2016-12-25 07:00:00,89.94727325439453,-18.0,NULL
9656,19,19,0,19,80,2016-12-25 08:00:00,89.94727325439453,-18.0,NULL
9657,19,19,0,19,81,2016-12-25 09:00:00,89.94727325439453,-18.0,NULL
9658,19,19,0,19,82,2016-12-25 10:00:00,89.94727325439453,-18.0,NULL
9659,19,19,0,19,83,2016-12-25 11:00:00,89.94727325439453,-18.0,NULL
9660,19,19,0,19,84,2016-12-25 12:00:00,89.94727325439453,-18.0,NULL
9661,19,19,0,19,85,2016-12-25 13:00:00,89.94727325439453,-18.0,NULL
9662,19,19,0,19,86,2016-12-25 14:00:00,89.94727325439453,-18.0,NULL
9663,19,19,0,19,87,2016-12-25 15:00:00,89.94727325439453,-18.0,NULL
9664,19,19,0,19,88,2016-12-25 16:00:00,89.94727325439453,-18.0,NULL
9665,19,19,0,19,89,2016-12-25 17:00:00,89.94727325439453,-18.0,NULL
9666,19,19,0,19,90,2016-12-25 18:00:00,89.94727325439453,-18.0,NULL
9667,19,19,0,19,91,2016-12-25 19:00:00,89.94727325439453,-18.0,NULL
9668,19,19,0,19,92,2016-12-25 20:00:00,89.94727325439453,-18.0,NULL
9669,19,19,0,19,93,2016-12-25 21:00:00,89.94727325439453,-18.0,NULL
9670,19,19,0,19,94,2016-12-25 22:00:00,89.94727325439453,-18.0,NULL
9671,19,19,0,19,95,2016-12-25 23:00:00,89.94727325439453,-18.0,NULL
9672,19,19,0,19,96,2016-12-26 00:00:00,89.94727325439453,-18.0,NULL
9673,19,19,0,19,97,2016-12-26 01:00:00,89.94727325439453,-18.0,NULL
9674,19,19,0,19,98,2016-12-26 02:00:00,89.94727325439453,-18.0,NULL
9675,19,19,0,19,99,2016-12-26 03:00:00,89.94727325439453,-18.0,NULL
9676,19,19,0,19,100,2016-12-26 04:00:00,89.94727325439453,-18.0,NULL
9677,19,19,0,19,101,2016-12-26 05:00:00,89.94727325439453,-18.0,NULL
9678,19,19,0,19,102,2016-12-26 06:00:00,89.94727325439453,-18.0,NULL
9679,19,19,0,19,103,2016-12-26 07:00:00,89.94727325439453,-18.0,NULL
9680,19,19,0,19,104,2016-12-26 08:00:00,89.94727325439453,-18.0,NULL
9681,19,19,0,19,105,2016-12-26 09:00:00,89.94727325439453,-18.0,NULL
9682,19,19,0,19,106,2016-12-26 10:00:00,89.94727325439453,-18.0,NULL
9683,19,19,0,19,107,2016-12-26 11:00:00,89.94727325439453,-18.0,NULL
9684,19,19,0,19,108,2016-12-26 12:00:00,89.94727325439453,-18.0,NULL
9685,19,19,0,19,109,2016-12-26 13:00:00,89.94727325439453,-18.0,NULL
9686,19,19,0,19,110,2016-12-26 14:00:00,89.94727325439453,-18.0,NULL
9687,19,19,0,19,111,2016-12-26 15:00:00,89.94727325439453,-18.0,NULL
9688,19,19,0,19,112,2016-12-26 16:00:00,89.94727325439453,-18.0,NULL
9689,19,19,0,19,113,2016-12-26 17:00:00,89.94727325439453,-18.0,NULL
9690,19,19,0,19,114,2016-12-26 18:00:00,89.94727325439453,-18.0,NULL
9691,19,19,0,19,115,2016-12-26 19:00:00,89.94727325439453,-18.0,NULL
9692,19,19,0,19,116,2016-12-26 20:00:00,89.94727325439453,-18.0,NULL
9693,19,19,0,19,117,2016-12-26 21:00:00,89.94727325439453,-18.0,NULL
9694,19,19,0,19,118,2016-12-26 22:00:00,89.94727325439453,-18.0,NULL
9695,19,19,0,19,119,2016-12-26 23:00:00,89.94727325439453,-18.0,NULL
9696,19,19,0,19,120,2016-12-27 00:00:00,89.94727325439453,-18.0,NULL
9697,19,19,0,19,121,2016-12-27 01:00:00,89.94727325439453,-18.0,NULL
9698,19,19,0,19,122,2016-12-27 02:00:00,89.94727325439453,-18.0,NULL
9699,19,19,0,19,123,2016-12-27 03:00:00,89.94727325439453,-18.0,NULL
9700,19,19,0,19,124,2016-12-27 04:00:00,89.94727325439453,-18.0,NULL
9701,19,19,0,19,125,2016-12-27 05:00:00,89.94727325439453,-18.0,NULL
9702,19,19,0,19,126,2016-12-27 06:00:00,89.94727325439453,-18.0,NULL
9703,19,19,0,19,127,2016-12-27 07:00:00,89.94727325439453,-18.0,NULL
9704,19,19,0,19,128,2016-12-27 08:00:00,89.94727325439453,-18.0,NULL
9705,19,19,0,19,129,2016-12-27 09:00:00,89.94727325439453,-18.0,NULL
9706,19,19,0,19,130,2016-12-27 10:00:00,89.94727325439453,-18.0,NULL
9707,19,19,0,19,131,2016-12-27 11:00:00,89.94727325439453,-18.0,NULL
9708,19,19,0,19,132,2016-12-27 12:00:00,89.94727325439453,-18.0,NULL
9709,19,19,0,19,133,2016-12-27 13:00:00,89.94727325439453,-18.0,NULL
9710,19,19,0,19,134,2016-12-27 14:00:00,89.94727325439453,-18.0,NULL
9711,19,19,0,19,135,2016-12-27 15:00:00,89.94727325439453,-18.0,NULL
9712,19,19,0,19,136,2016-12-27 16:00:00,89.94727325439453,-18.0,NULL
9713,19,19,0,19,137,2016-12-27 17:00:00,89.94727325439453,-18.0,NULL
9714,19,19,0,19,138,2016-12-27 18:00:00,89.94727325439453,-18.0,NULL
9715,19,19,0,19,139,2016-12-27 19:00:00,89.94727325439453,-18.0,NULL
9716,19,19,0,19,140,2016-12-27 20:00:00,89.94727325439453,-18.0,NULL
9717,19,19,0,19,141,2016-12-27 21:00:00,89.94727325439453,-18.0,NULL
9718,19,19,0,19,142,2016-12-27 22:00:00,89.94727325439453,-18.0,NULL
9719,19,19,0,19,143,2016-12-27 23:00:00,89.94727325439453,-18.0,NULL
9720,19,19,0,19,144,2016-12-28 00:00:00,89.94727325439453,-18.0,NULL
9721,19,19,0,19,145,2016-12-28 01:00:00,89.94727325439453,-18.0,NULL
9722,19,19,0,19,146,2016-12-28 02:00:00,89.94727325439453,-18.0,NULL
9723,19,19,0,19,147,2016-12-28 03:00:00,89.94727325439453,-18.0,NULL
9724,19,19,0,19,148,2016-12-28 04:00:00,89.94727325439453,-18.0,NULL
9725,19,19,0,19,149,2016-12-28 05:00:00,89.94727325439453,-18.0,NULL
9726,19,19,0,19,150,2016-12-28 06:00:00,89.94727325439453,-18.0,NULL
9727,19,19,0,19,151,2016-12-28 07:00:00,89.94727325439453,-18.0,NULL
9728,19,19,0,19,152,2016-12-28 08:00:00,89.94727325439453,-18.0,NULL
9729,19,19,0,19,153,2016-12-28 09:00:00,89.94727325439453,-18.0,NULL
9730,19,19,0,19,154,2016-12-28 10:00:00,89.94727325439453,-18.0,NULL
9731,19,19,0,19,155,2016-12-28 11:00:00,89.94727325439453,-18.0,NULL
9732,19,19,0,19,156,2016-12-28 12:00:00,89.94727325439453,-18.0,NULL
9733,19,19,0,19,157,2016-12-28 13:00:00,89.94727325439453,-18.0,NULL
9734,19,19,0,19,158,2016-12-28 14:00:00,89.94727325439453,-18.0,NULL
9735,19,19,0,19,159,2016-12-28 15:00:00,89.94727325439453,-18.0,NULL
9736,19,19,0,19,160,2016-12-28 16:00:00,89.94727325439453,-18.0,NULL
9737,19,19,0,19,161,2016-12-28 17:00:00,89.94727325439453,-18.0,NULL
9738,19,19,0,19,162,2016-12-28 18:00:00,89.94727325439453,-18.0,NULL
9739,19,19,0,19,163,2016-12-28 19:00:00,89.94727325439453,-18.0,NULL
9740,19,19,0,19,164,2016-12-28 20:00:00,89.94727325439453,-18.0,NULL
9741,19,19,0,19,165,2016-12-28 21:00:00,89.94727325439453,-18.0,NULL
9742,19,19,0,19,166,2016-12-28 22:00:00,89.94727325439453,-18.0,NULL
9743,19,19,0,19,167,2016-12-28 23:00:00,89.94727325439453,-18.0,NULL
9744,19,19,0,19,168,2016-12-29 00:00:00,89.94727325439453,-18.0,NULL
9745,19,19,0,19,169,2016-12-29 01:00:00,89.94727325439453,-18.0,NULL
9746,19,19,0,19,170,2016-12-29 02:00:00,89.94727325439453,-18.0,NULL
9747,19,19,0,19,171,2016-12-29 03:00:00,89.94727325439453,-18.0,NULL
9748,19,19,0,19,172,2016-12-29 04:00:00,89.94727325439453,-18.0,NULL
9749,19,19,0,19,173,2016-12-29 05:00:00,89.94727325439453,-18.0,NULL
9750,19,19,0,19,174,2016-12-29 06:00:00,89.94727325439453,-18.0,NULL
9751,19,19,0,19,175,2016-12-29 07:00:00,89.94727325439453,-18.0,NULL
9752,19,19,0,19,176,2016-12-29 08:00:00,89.94727325439453,-18.0,NULL
9753,19,19,0,19,177,2016-12-29 09:00:00,89.94727325439453,-18.0,NULL
9754,19,19,0,19,178,2016-12-29 10:00:00,89.94727325439453,-18.0,NULL
9755,19,19,0,19,179,2016-12-29 11:00:00,89.94727325439453,-18.0,NULL
9756,19,19,0,19,180,2016-12-29 12:00:00,89.94727325439453,-18.0,NULL
9757,19,19,0,19,181,2016-12-29 13:00:00,89.94727325439453,-18.0,NULL
9758,19,19,0,19,182,2016-12-29 14:00:00,89.94727325439453,-18.0,NULL
9759,19,19,0,19,183,2016-12-29 15:00:00,89.94727325439453,-18.0,NULL
9760,19,19,0,19,184,2016-12-29 16:00:00,89.94727325439453,-18.0,NULL
9761,19,19,0,19,185,2016-12-29 17:00:00,89.94727325439453,-18.0,NULL
9762,19,19,0,19,186,2016-12-29 18:00:00,89.94727325439453,-18.0,NULL
9763,19,19,0,19,187,2016-12-29 19:00:00,89.94727325439453,-18.0,NULL
9764,19,19,0,19,188,2016-12-29 20:00:00,89.94727325439453,-18.0,NULL
9765,19,19,0,19,189,2016-12-29 21:00:00,89.94727325439453,-18.0,NULL
9766,19,19,0,19,190,2016-12-29 22:00:00,89.94727325439453,-18.0,NULL
9767,19,19,0,19,191,2016-12-29 23:00:00,89.94727325439453,-18.0,NULL
9768,19,19,0,19,192,2016-12-30 00:00:00,89.94727325439453,-18.0,NULL
9769,19,19,0,19,193,2016-12-30 01:00:00,89.94727325439453,-18.0,NULL
9770,19,19,0,19,194,2016-12-30 02:00:00,89.94727325439453,-18.0,NULL
9771,19,19,0,19,195,2016-12-30 03:00:00,89.94727325439453,-18.0,NULL
9772,19,19,0,19,196,2016-12-30 04:00:00,89.94727325439453,-18.0,NULL
9773,19,19,0,19,197,2016-12-30 05:00:00,89.94727325439453,-18.0,NULL
9774,19,19,0,19,198,2016-12-30 06:00:00,89.94727325439453,-18.0,NULL
9775,19,19,0,19,199,2016-12-30 07:00:00,89.94727325439453,-18.0,NULL
9776,19,19,0,19,200,2016-12-30 08:00:00,89.94727325439453,-18.0,NULL
9777,19,19,0,19,201,2016-12-30 09:00:00,89.94727325439453,-18.0,NULL
9778,19,19,0,19,202,2016-12-30 10:00:00,89.94727325439453,-18.0,NULL
9779,19,19,0,19,203,2016-12-30 11:00:00,89.94727325439453,-18.0,NULL
9780,19,19,0,19,204,2016-12-30 12:00:00,89.94727325439453,-18.0,NULL
9781,19,19,0,19,205,2016-12-30 13:00:00,89.94727325439453,-18.0,NULL
9782,19,19,0,19,206,2016-12-30 14:00:00,89.94727325439453,-18.0,NULL
9783,19,19,0,19,207,2016-12-30 15:00:00,89.94727325439453,-18.0,NULL
9784,19,19,0,19,208,2016-12-30 16:00:00,89.94727325439453,-18.0,NULL
9785,19,19,0,19,209,2016-12-30 17:00:00,89.94727325439453,-18.0,NULL
9786,19,19,0,19,210,2016-12-30 18:00:00,89.94727325439453,-18.0,NULL
9787,19,19,0,19,211,2016-12-30 19:00:00,89.94727325439453,-18.0,NULL
9788,19,19,0,19,212,2016-12-30 20:00:00,89.94727325439453,-18.0,NULL
9789,19,19,0,19,213,2016-12-30 21:00:00,89.94727325439453,-18.0,NULL
9790,19,19,0,19,214,2016-12-30 22:00:00,89.94727325439453,-18.0,NULL
9791,19,19,0,19,215,2016-12-30 23:00:00,89.94727325439453,-18.0,NULL
9792,19,19,0,19,216,2016-12-31 00:00:00,89.94727325439453,-18.0,NULL
9793,19,19,0,19,217,2016-12-31 01:00:00,89.94727325439453,-18.0,-21.05
9794,19,19,0,19,218,2016-12-31 02:00:00,89.94727325439453,-18.0,-20.9
9795,19,19,0,19,219,2016-12-31 03:00:00,89.94727325439453,-18.0,-20.7
9796,19,19,0,19,220,2016-12-31 04:00:00,89.94727325439453,-18.0,-20.45
9797,19,19,0,19,221,2016-12-31 05:00:00,89.94727325439453,-18.0,-20.2
9798,19,19,0,19,222,2016-12-31 06:00:00,89.94727325439453,-18.0,-19.9
9799,19,19,0,19,223,2016-12-31 07:00:00,89.94727325439453,-18.0,-19.65
9800,19,19,0,19,224,2016-12-31 08:00:00,89.94727325439453,-18.0,-19.35
9801,19,19,0,19,225,2016-12-31 09:00:00,89.94727325439453,-18.0,-19.1
9802,19,19,0,19,226,2016-12-31 10:00:00,89.94727325439453,-18.0,-18.75
9803,19,19,0,19,227,2016-12-31 11:00:00,89.94727325439453,-18.0,-18.7
9804,19,19,0,19,228,2016-12-31 12:00:00,89.94727325439453,-18.0,-18.6
9805,19,19,0,19,229,2016-12-31 13:00:00,89.94727325439453,-18.0,-19.8
9806,19,19,0,19,230,2016-12-31 14:00:00,89.94727325439453,-18.0,-19.6
9807,19,19,0,19,231,2016-12-31 15:00:00,89.94727325439453,-18.0,-19.55
9808,19,19,0,19,232,2016-12-31 16:00:00,89.94727325439453,-18.0,-19.55
9809,19,19,0,19,233,2016-12-31 17:00:00,89.94727325439453,-18.0,-19.5
9810,19,19,0,19,234,2016-12-31 18:00:00,89.94727325439453,-18.0,-19.55
9811,19,19,0,19,235,2016-12-31 19:00:00,89.94727325439453,-18.0,-19.7
9812,19,19,0,19,236,2016-12-31 20:00:00,89.94727325439453,-18.0,-19.7
9813,19,19,0,19,237,2016-12-31 21:00:00,89.94727325439453,-18.0,-19.6
9814,19,19,0,19,238,2016-12-31 22:00:00,89.94727325439453,-18.0,-19.45
9815,19,19,0,19,239,2016-12-31 23:00:00,89.94727325439453,-18.0,-19.25
9816,19,19,0,19,240,2017-01-01 00:00:00,89.94727325439453,-18.0,-18.9
9817,19,19,0,19,241,2017-01-01 01:00:00,89.94727325439453,-18.0,-18.45
9818,19,19,0,19,242,2017-01-01 02:00:00,89.94727325439453,-18.0,-18.15
9819,19,19,0,19,243,2017-01-01 03:00:00,89.94727325439453,-18.0,-17.9
9820,19,19,0,19,244,2017-01-01 04:00:00,89.94727325439453,-18.0,-17.7
9821,19,19,0,19,245,2017-01-01 05:00:00,89.94727325439453,-18.0,-17.65
9822,19,19,0,19,246,2017-01-01 06:00:00,89.94727325439453,-18.0,-18.15
9823,19,19,0,19,247,2017-01-01 07:00:00,89.94727325439453,-18.0,-18.7
9824,19,19,0,19,248,2017-01-01 08:00:00,89.94727325439453,-18.0,-18.8
9825,19,19,0,19,249,2017-01-01 09:00:00,89.94727325439453,-18.0,-18.85
9826,19,19,0,19,250,2017-01-01 10:00:00,89.94727325439453,-18.0,-18.9
9827,19,19,0,19,251,2017-01-01 11:00:00,89.94727325439453,-18.0,-19.1
9828,19,19,0,19,252,2017-01-01 12:00:00,89.94727325439453,-18.0,-19.3
9829,19,19,0,19,253,2017-01-01 13:00:00,89.94727325439453,-18.0,-21.05
9830,19,19,0,19,254,2017-01-01 14:00:00,89.94727325439453,-18.0,-21.4
9831,19,19,0,19,255,2017-01-01 15:00:00,89.94727325439453,-18.0,-21.65
9832,19,19,0,19,256,2017-01-01 16:00:00,89.94727325439453,-18.0,-21.9
9833,19,19,0,19,257,2017-01-01 17:00:00,89.94727325439453,-18.0,-22.15
9834,19,19,0,19,258,2017-01-01 18:00:00,89.94727325439453,-18.0,-22.3
9835,19,19,0,19,259,2017-01-01 19:00:00,89.94727325439453,-18.0,-22.2
9836,19,19,0,19,260,2017-01-01 20:00:00,89.94727325439453,-18.0,-21.55
9837,19,19,0,19,261,2017-01-01 21:00:00,89.94727325439453,-18.0,-20.65
9838,19,19,0,19,262,2017-01-01 22:00:00,89.94727325439453,-18.0,-20.15
9839,19,19,0,19,263,2017-01-01 23:00:00,89.94727325439453,-18.0,-19.75
9840,19,19,0,19,264,2017-01-02 00:00:00,89.94727325439453,-18.0,-20.0
9841,19,19,0,19,265,2017-01-02 01:00:00,89.94727325439453,-18.0,NULL
9842,19,19,0,19,266,2017-01-02 02:00:00,89.94727325439453,-18.0,NULL
9843,19,19,0,19,267,2017-01-02 03:00:00,89.94727325439453,-18.0,NULL
9844,19,19,0,19,268,2017-01-02 04:00:00,89.94727325439453,-18.0,NULL
9845,19,19,0,19,269,2017-01-02 05:00:00,89.94727325439453,-18.0,NULL
9846,19,19,0,19,270,2017-01-02 06:00:00,89.94727325439453,-18.0,NULL
9847,19,19,0,19,271,2017-01-02 07:00:00,89.94727325439453,-18.0,NULL
9848,19,19,0,19,272,2017-01-02 08:00:00,89.94727325439453,-18.0,NULL
9849,19,19,0,19,273,2017-01-02 09:00:00,89.94727325439453,-18.0,NULL
9850,19,19,0,19,274,2017-01-02 10:00:00,89.94727325439453,-18.0,NULL
9851,19,19,0,19,275,2017-01-02 11:00:00,89.94727325439453,-18.0,NULL
9852,19,19,0,19,276,2017-01-02 12:00:00,89.94727325439453,-18.0,NULL
9853,19,19,0,19,277,2017-01-02 13:00:00,89.94727325439453,-18.0,NULL
9854,19,19,0,19,278,2017-01-02 14:00:00,89.94727325439453,-18.0,NULL
9855,19,19,0,19,279,2017-01-02 15:00:00,89.94727325439453,-18.0,NULL
9856,19,19,0,19,280,2017-01-02 16:00:00,89.94727325439453,-18.0,NULL
9857,19,19,0,19,281,2017-01-02 17:00:00,89.94727325439453,-18.0,NULL
9858,19,19,0,19,282,2017-01-02 18:00:00,89.94727325439453,-18.0,NULL
9859,19,19,0,19,283,2017-01-02 19:00:00,89.94727325439453,-18.0,NULL
9860,19,19,0,19,284,2017-01-02 20:00:00,89.94727325439453,-18.0,NULL
9861,19,19,0,19,285,2017-01-02 21:00:00,89.94727325439453,-18.0,NULL
9862,19,19,0,19,286,2017-01-02 22:00:00,89.94727325439453,-18.0,NULL
9863,19,19,0,19,287,2017-01-02 23:00:00,89.94727325439453,-18.0,NULL
9864,19,19,0,19,288,2017-01-03 00:00:00,89.94727325439453,-18.0,NULL
9865,19,19,0,19,289,2017-01-03 01:00:00,89.94727325439453,-18.0,NULL
9866,19,19,0,19,290,2017-01-03 02:00:00,89.94727325439453,-18.0,NULL
9867,19,19,0,19,291,2017-01-03 03:00:00,89.94727325439453,-18.0,NULL
9868,19,19,0,19,292,2017-01-03 04:00:00,89.94727325439453,-18.0,NULL
9869,19,19,0,19,293,2017-01-03 05:00:00,89.94727325439453,-18.0,NULL
9870,19,19,0,19,294,2017-01-03 06:00:00,89.94727325439453,-18.0,NULL
9871,19,19,0,19,295,2017-01-03 07:00:00,89.94727325439453,-18.0,NULL
9872,19,19,0,19,296,2017-01-03 08:00:00,89.94727325439453,-18.0,NULL
9873,19,19,0,19,297,2017-01-03 09:00:00,89.94727325439453,-18.0,NULL
9874,19,19,0,19,298,2017-01-03 10:00:00,89.94727325439453,-18.0,NULL
9875,19,19,0,19,299,2017-01-03 11:00:00,89.94727325439453,-18.0,NULL
9876,19,19,0,19,300,2017-01-03 12:00:00,89.94727325439453,-18.0,NULL
9877,19,19,0,19,301,2017-01-03 13:00:00,89.94727325439453,-18.0,NULL
9878,19,19,0,19,302,2017-01-03 14:00:00,89.94727325439453,-18.0,NULL
9879,19,19,0,19,303,2017-01-03 15:00:00,89.94727325439453,-18.0,NULL
9880,19,19,0,19,304,2017-01-03 16:00:00,89.94727325439453,-18.0,NULL
9881,19,19,0,19,305,2017-01-03 17:00:00,89.94727325439453,-18.0,NULL
9882,19,19,0,19,306,2017-01-03 18:00:00,89.94727325439453,-18.0,NULL
9883,19,19,0,19,307,2017-01-03 19:00:00,89.94727325439453,-18.0,NULL
9884,19,19,0,19,308,2017-01-03 20:00:00,89.94727325439453,-18.0,NULL
9885,19,19,0,19,309,2017-01-03 21:00:00,89.94727325439453,-18.0,NULL
9886,19,19,0,19,310,2017-01-03 22:00:00,89.94727325439453,-18.0,NULL
9887,19,19,0,19,311,2017-01-03 23:00:00,89.94727325439453,-18.0,NULL
9888,19,19,0,19,312,2017-01-04 00:00:00,89.94727325439453,-18.0,NULL
9889,19,19,0,19,313,2017-01-04 01:00:00,89.94727325439453,-18.0,NULL
9890,19,19,0,19,314,2017-01-04 02:00:00,89.94727325439453,-18.0,NULL
9891,19,19,0,19,315,2017-01-04 03:00:00,89.94727325439453,-18.0,NULL
9892,19,19,0,19,316,2017-01-04 04:00:00,89.94727325439453,-18.0,NULL
9893,19,19,0,19,317,2017-01-04 05:00:00,89.94727325439453,-18.0,NULL
9894,19,19,0,19,318,2017-01-04 06:00:00,89.94727325439453,-18.0,NULL
9895,19,19,0,19,319,2017-01-04 07:00:00,89.94727325439453,-18.0,NULL
9896,19,19,0,19,320,2017-01-04 08:00:00,89.94727325439453,-18.0,NULL
9897,19,19,0,19,321,2017-01-04 09:00:00,89.94727325439453,-18.0,NULL
9898,19,19,0,19,322,2017-01-04 10:00:00,89.94727325439453,-18.0,NULL
9899,19,19,0,19,323,2017-01-04 11:00:00,89.94727325439453,-18.0,NULL
9900,19,19,0,19,324,2017-01-04 12:00:00,89.94727325439453,-18.0,NULL
9901,19,19,0,19,325,2017-01-04 13:00:00,89.94727325439453,-18.0,NULL
9902,19,19,0,19,326,2017-01-04 14:00:00,89.94727325439453,-18.0,NULL
9903,19,19,0,19,327,2017-01-04 15:00:00,89.94727325439453,-18.0,NULL
9904,19,19,0,19,328,2017-01-04 16:00:00,89.94727325439453,-18.0,NULL
9905,19,19,0,19,329,2017-01-04 17:00:00,89.94727325439453,-18.0,NULL
9906,19,19,0,19,330,2017-01-04 18:00:00,89.94727325439453,-18.0,NULL
9907,19,19,0,19,331,2017-01-04 19:00:00,89.94727325439453,-18.0,NULL
9908,19,19,0,19,332,2017-01-04 20:00:00,89.94727325439453,-18.0,NULL
9909,19,19,0,19,333,2017-01-04 21:00:00,89.94727325439453,-18.0,NULL
9910,19,19,0,19,334,2017-01-04 22:00:00,89.94727325439453,-18.0,NULL
9911,19,19,0,19,335,2017-01-04 23:00:00,89.94727325439453,-18.0,NULL
9912,19,19,0,19,336,2017-01-05 00:00:00,89.94727325439453,-18.0,NULL
9913,19,19,0,19,337,2017-01-05 01:00:00,89.94727325439453,-18.0,NULL
9914,19,19,0,19,338,2017-01-05 02:00:00,89.94727325439453,-18.0,NULL
9915,19,19,0,19,339,2017-01-05 03:00:00,89.94727325439453,-18.0,NULL
9916,19,19,0,19,340,2017-01-05 04:00:00,89.94727325439453,-18.0,NULL
9917,19,19,0,19,341,2017-01-05 05:00:00,89.94727325439453,-18.0,NULL
9918,19,19,0,19,342,2017-01-05 06:00:00,89.94727325439453,-18.0,NULL
9919,19,19,0,19,343,2017-01-05 07:00:00,89.94727325439453,-18.0,NULL
9920,19,19,0,19,344,2017-01-05 08:00:00,89.94727325439453,-18.0,NULL
9921,19,19,0,19,345,2017-01-05 09:00:00,89.94727325439453,-18.0,NULL
9922,19,19,0,19,346,2017-01-05 10:00:00,89.94727325439453,-18.0,NULL
9923,19,19,0,19,347,2017-01-05 11:00:00,89.94727325439453,-18.0,NULL
9924,19,19,0,19,348,2017-01-05 12:00:00,89.94727325439453,-18.0,NULL
9925,19,19,0,19,349,2017-01-05 13:00:00,89.94727325439453,-18.0,NULL
9926,19,19,0,19,350,2017-01-05 14:00:00,89.94727325439453,-18.0,NULL
9927,19,19,0,19,351,2017-01-05 15:00:00,89.94727325439453,-18.0,NULL
9928,19,19,0,19,352,2017-01-05 16:00:00,89.94727325439453,-18.0,NULL
9929,19,19,0,19,353,2017-01-05 17:00:00,89.94727325439453,-18.0,NULL
9930,19,19,0,19,354,2017-01-05 18:00:00,89.94727325439453,-18.0,NULL
9931,19,19,0,19,355,2017-01-05 19:00:00,89.94727325439453,-18.0,NULL
9932,19,19,0,19,356,2017-01-05 20:00:00,89.94727325439453,-18.0,NULL
9933,19,19,0,19,357,2017-01-05 21:00:00,89.94727325439453,-18.0,NULL
9934,19,19,0,19,358,2017-01-05 22:00:00,89.94727325439453,-18.0,NULL
9935,19,19,0,19,359,2017-01-05 23:00:00,89.94727325439453,-18.0,NULL
9936,19,19,0,19,360,2017-01-06 00:00:00,89.94727325439453,-18.0,NULL
9937,19,19,0,19,361,2017-01-06 01:00:00,89.94727325439453,-18.0,NULL
9938,19,19,0,19,362,2017-01-06 02:00:00,89.94727325439453,-18.0,NULL
9939,19,19,0,19,363,2017-01-06 03:00:00,89.94727325439453,-18.0,NULL
9940,19,19,0,19,364,2017-01-06 04:00:00,89.94727325439453,-18.0,NULL
9941,19,19,0,19,365,2017-01-06 05:00:00,89.94727325439453,-18.0,NULL
9942,19,19,0,19,366,2017-01-06 06:00:00,89.94727325439453,-18.0,NULL
9943,19,19,0,19,367,2017-01-06 07:00:00,89.94727325439453,-18.0,NULL
9944,19,19,0,19,368,2017-01-06 08:00:00,89.94727325439453,-18.0,NULL
9945,19,19,0,19,369,2017-01-06 09:00:00,89.94727325439453,-18.0,NULL
9946,19,19,0,19,370,2017-01-06 10:00:00,89.94727325439453,-18.0,NULL
9947,19,19,0,19,371,2017-01-06 11:00:00,89.94727325439453,-18.0,NULL
9948,19,19,0,19,372,2017-01-06 12:00:00,89.94727325439453,-18.0,NULL
9949,19,19,0,19,373,2017-01-06 13:00:00,89.94727325439453,-18.0,NULL
9950,19,19,0,19,374,2017-01-06 14:00:00,89.94727325439453,-18.0,NULL
9951,19,19,0,19,375,2017-01-06 15:00:00,89.94727325439453,-18.0,NULL
9952,19,19,0,19,376,2017-01-06 16:00:00,89.94727325439453,-18.0,NULL
9953,19,19,0,19,377,2017-01-06 17:00:00,89.94727325439453,-18.0,NULL
9954,19,19,0,19,378,2017-01-06 18:00:00,89.94727325439453,-18.0,NULL
9955,19,19,0,19,379,2017-01-06 19:00:00,89.94727325439453,-18.0,NULL
9956,19,19,0,19,380,2017-01-06 20:00:00,89.94727325439453,-18.0,NULL
9957,19,19,0,19,381,2017-01-06 21:00:00,89.94727325439453,-18.0,NULL
9958,19,19,0,19,382,2017-01-06 22:00:00,89.94727325439453,-18.0,NULL
9959,19,19,0,19,383,2017-01-06 23:00:00,89.94727325439453,-18.0,NULL
9960,19,19,0,19,384,2017-01-07 00:00:00,89.94727325439453,-18.0,NULL
9961,19,19,0,19,385,2017-01-07 01:00:00,89.94727325439453,-18.0,NULL
9962,19,19,0,19,386,2017-01-07 02:00:00,89.94727325439453,-18.0,NULL
9963,19,19,0,19,387,2017-01-07 03:00:00,89.94727325439453,-18.0,NULL
9964,19,19,0,19,388,2017-01-07 04:00:00,89.94727325439453,-18.0,NULL
9965,19,19,0,19,389,2017-01-07 05:00:00,89.94727325439453,-18.0,NULL
9966,19,19,0,19,390,2017-01-07 06:00:00,89.94727325439453,-18.0,NULL
9967,19,19,0,19,391,2017-01-07 07:00:00,89.94727325439453,-18.0,NULL
9968,19,19,0,19,392,2017-01-07 08:00:00,89.94727325439453,-18.0,NULL
9969,19,19,0,19,393,2017-01-07 09:00:00,89.94727325439453,-18.0,NULL
9970,19,19,0,19,394,2017-01-07 10:00:00,89.94727325439453,-18.0,NULL
9971,19,19,0,19,395,2017-01-07 11:00:00,89.94727325439453,-18.0,NULL
9972,19,19,0,19,396,2017-01-07 12:00:00,89.94727325439453,-18.0,NULL
9973,19,19,0,19,397,2017-01-07 13:00:00,89.94727325439453,-18.0,NULL
9974,19,19,0,19,398,2017-01-07 14:00:00,89.94727325439453,-18.0,NULL
9975,19,19,0,19,399,2017-01-07 15:00:00,89.94727325439453,-18.0,NULL
9976,19,19,0,19,400,2017-01-07 16:00:00,89.94727325439453,-18.0,NULL
9977,19,19,0,19,401,2017-01-07 17:00:00,89.94727325439453,-18.0,NULL
9978,19,19,0,19,402,2017-01-07 18:00:00,89.94727325439453,-18.0,NULL
9979,19,19,0,19,403,2017-01-07 19:00:00,89.94727325439453,-18.0,NULL
9980,19,19,0,19,404,2017-01-07 20:00:00,89.94727325439453,-18.0,NULL
9981,19,19,0,19,405,2017-01-07 21:00:00,89.94727325439453,-18.0,NULL
9982,19,19,0,19,406,2017-01-07 22:00:00,89.94727325439453,-18.0,NULL
9983,19,19,0,19,407,2017-01-07 23:00:00,89.94727325439453,-18.0,NULL
9984,19,19,0,19,408,2017-01-08 00:00:00,89.94727325439453,-18.0,NULL
9985,19,19,0,19,409,2017-01-08 01:00:00,89.94727325439453,-18.0,NULL
9986,19,19,0,19,410,2017-01-08 02:00:00,89.94727325439453,-18.0,NULL
9987,19,19,0,19,411,2017-01-08 03:00:00,89.94727325439453,-18.0,NULL
9988,19,19,0,19,412,2017-01-08 04:00:00,89.94727325439453,-18.0,NULL
9989,19,19,0,19,413,2017-01-08 05:00:00,89.94727325439453,-18.0,NULL
9990,19,19,0,19,414,2017-01-08 06:00:00,89.94727325439453,-18.0,NULL
9991,19,19,0,19,415,2017-01-08 07:00:00,89.94727325439453,-18.0,NULL
9992,19,19,0,19,416,2017-01-08 08:00:00,89.94727325439453,-18.0,NULL
9993,19,19,0,19,417,2017-01-08 09:00:00,89.94727325439453,-18.0,NULL
9994,19,19,0,19,418,2017-01-08 10:00:00,89.94727325439453,-18.0,NULL
9995,19,19,0,19,419,2017-01-08 11:00:00,89.94727325439453,-18.0,NULL
9996,19,19,0,19,420,2017-01-08 12:00:00,89.94727325439453,-18.0,NULL
9997,19,19,0,19,421,2017-01-08 13:00:00,89.94727325439453,-18.0,NULL
9998,19,19,0,19,422,2017-01-08 14:00:00,89.94727325439453,-18.0,NULL
9999,19,19,0,19,423,2017-01-08 15:00:00,89.94727325439453,-18.0,NULL
10000,19,19,0,19,424,2017-01-08 16:00:00,89.94727325439453,-18.0,NULL
10001,19,19,0,19,425,2017-01-08 17:00:00,89.94727325439453,-18.0,NULL
10002,19,19,0,19,426,2017-01-08 18:00:00,89.94727325439453,-18.0,NULL
10003,19,19,0,19,427,2017-01-08 19:00:00,89.94727325439453,-18.0,NULL
10004,19,19,0,19,428,2017-01-08 20:00:00,89.94727325439453,-18.0,NULL
10005,19,19,0,19,429,2017-01-08 21:00:00,89.94727325439453,-18.0,NULL
10006,19,19,0,19,430,2017-01-08 22:00:00,89.94727325439453,-18.0,NULL
10007,19,19,0,19,431,2017-01-08 23:00:00,89.94727325439453,-18.0,NULL
10008,19,19,0,19,432,2017-01-09 00:00:00,89.94727325439453,-18.0,NULL
10009,19,19,0,19,433,2017-01-09 01:00:00,89.94727325439453,-18.0,NULL
10010,19,19,0,19,434,2017-01-09 02:00:00,89.94727325439453,-18.0,NULL
10011,19,19,0,19,435,2017-01-09 03:00:00,89.94727325439453,-18.0,NULL
10012,19,19,0,19,436,2017-01-09 04:00:00,89.94727325439453,-18.0,NULL
10013,19,19,0,19,437,2017-01-09 05:00:00,89.94727325439453,-18.0,NULL
10014,19,19,0,19,438,2017-01-09 06:00:00,89.94727325439453,-18.0,NULL
10015,19,19,0,19,439,2017-01-09 07:00:00,89.94727325439453,-18.0,NULL
10016,19,19,0,19,440,2017-01-09 08:00:00,89.94727325439453,-18.0,NULL
10017,19,19,0,19,441,2017-01-09 09:00:00,89.94727325439453,-18.0,NULL
10018,19,19,0,19,442,2017-01-09 10:00:00,89.94727325439453,-18.0,NULL
10019,19,19,0,19,443,2017-01-09 11:00:00,89.94727325439453,-18.0,NULL
10020,19,19,0,19,444,2017-01-09 12:00:00,89.94727325439453,-18.0,NULL
10021,19,19,0,19,445,2017-01-09 13:00:00,89.94727325439453,-18.0,NULL
10022,19,19,0,19,446,2017-01-09 14:00:00,89.94727325439453,-18.0,NULL
10023,19,19,0,19,447,2017-01-09 15:00:00,89.94727325439453,-18.0,NULL
10024,19,19,0,19,448,2017-01-09 16:00:00,89.94727325439453,-18.0,NULL
10025,19,19,0,19,449,2017-01-09 17:00:00,89.94727325439453,-18.0,NULL
10026,19,19,0,19,450,2017-01-09 18:00:00,89.94727325439453,-18.0,NULL
10027,19,19,0,19,451,2017-01-09 19:00:00,89.94727325439453,-18.0,NULL
10028,19,19,0,19,452,2017-01-09 20:00:00,89.94727325439453,-18.0,NULL
10029,19,19,0,19,453,2017-01-09 21:00:00,89.94727325439453,-18.0,NULL
10030,19,19,0,19,454,2017-01-09 22:00:00,89.94727325439453,-18.0,NULL
10031,19,19,0,19,455,2017-01-09 23:00:00,89.94727325439453,-18.0,NULL
10032,19,19,0,19,456,2017-01-10 00:00:00,89.94727325439453,-18.0,NULL
10033,19,19,0,19,457,2017-01-10 01:00:00,89.94727325439453,-18.0,NULL
10034,19,19,0,19,458,2017-01-10 02:00:00,89.94727325439453,-18.0,NULL
10035,19,19,0,19,459,2017-01-10 03:00:00,89.94727325439453,-18.0,NULL
10036,19,19,0,19,460,2017-01-10 04:00:00,89.94727325439453,-18.0,NULL
10037,19,19,0,19,461,2017-01-10 05:00:00,89.94727325439453,-18.0,NULL
10038,19,19,0,19,462,2017-01-10 06:00:00,89.94727325439453,-18.0,NULL
10039,19,19,0,19,463,2017-01-10 07:00:00,89.94727325439453,-18.0,NULL
10040,19,19,0,19,464,2017-01-10 08:00:00,89.94727325439453,-18.0,NULL
10041,19,19,0,19,465,2017-01-10 09:00:00,89.94727325439453,-18.0,NULL
10042,19,19,0,19,466,2017-01-10 10:00:00,89.94727325439453,-18.0,NULL
10043,19,19,0,19,467,2017-01-10 11:00:00,89.94727325439453,-18.0,NULL
10044,19,19,0,19,468,2017-01-10 12:00:00,89.94727325439453,-18.0,NULL
10045,19,19,0,19,469,2017-01-10 13:00:00,89.94727325439453,-18.0,NULL
10046,19,19,0,19,470,2017-01-10 14:00:00,89.94727325439453,-18.0,NULL
10047,19,19,0,19,471,2017-01-10 15:00:00,89.94727325439453,-18.0,NULL
10048,19,19,0,19,472,2017-01-10 16:00:00,89.94727325439453,-18.0,NULL
10049,19,19,0,19,473,2017-01-10 17:00:00,89.94727325439453,-18.0,NULL
10050,19,19,0,19,474,2017-01-10 18:00:00,89.94727325439453,-18.0,NULL
10051,19,19,0,19,475,2017-01-10 19:00:00,89.94727325439453,-18.0,NULL
10052,19,19,0,19,476,2017-01-10 20:00:00,89.94727325439453,-18.0,NULL
10053,19,19,0,19,477,2017-01-10 21:00:00,89.94727325439453,-18.0,NULL
10054,19,19,0,19,478,2017-01-10 22:00:00,89.94727325439453,-18.0,NULL
10055,19,19,0,19,479,2017-01-10 23:00:00,89.94727325439453,-18.0,NULL
10056,19,19,0,19,480,2017-01-11 00:00:00,89.94727325439453,-18.0,NULL
10057,19,19,0,19,481,2017-01-11 01:00:00,89.94727325439453,-18.0,NULL
10058,19,19,0,19,482,2017-01-11 02:00:00,89.94727325439453,-18.0,NULL
10059,19,19,0,19,483,2017-01-11 03:00:00,89.94727325439453,-18.0,NULL
10060,19,19,0,19,484,2017-01-11 04:00:00,89.94727325439453,-18.0,NULL
10061,19,19,0,19,485,2017-01-11 05:00:00,89.94727325439453,-18.0,NULL
10062,19,19,0,19,486,2017-01-11 06:00:00,89.94727325439453,-18.0,NULL
10063,19,19,0,19,487,2017-01-11 07:00:00,89.94727325439453,-18.0,NULL
10064,19,19,0,19,488,2017-01-11 08:00:00,89.94727325439453,-18.0,NULL
10065,19,19,0,19,489,2017-01-11 09:00:00,89.94727325439453,-18.0,NULL
10066,19,19,0,19,490,2017-01-11 10:00:00,89.94727325439453,-18.0,NULL
10067,19,19,0,19,491,2017-01-11 11:00:00,89.94727325439453,-18.0,NULL
10068,19,19,0,19,492,2017-01-11 12:00:00,89.94727325439453,-18.0,NULL
10069,19,19,0,19,493,2017-01-11 13:00:00,89.94727325439453,-18.0,NULL
10070,19,19,0,19,494,2017-01-11 14:00:00,89.94727325439453,-18.0,NULL
10071,19,19,0,19,495,2017-01-11 15:00:00,89.94727325439453,-18.0,NULL
10072,19,19,0,19,496,2017-01-11 16:00:00,89.94727325439453,-18.0,NULL
10073,19,19,0,19,497,2017-01-11 17:00:00,89.94727325439453,-18.0,NULL
10074,19,19,0,19,498,2017-01-11 18:00:00,89.94727325439453,-18.0,NULL
10075,19,19,0,19,499,2017-01-11 19:00:00,89.94727325439453,-18.0,NULL
10076,19,19,0,19,500,2017-01-11 20:00:00,89.94727325439453,-18.0,NULL
10077,19,19,0,19,501,2017-01-11 21:00:00,89.94727325439453,-18.0,NULL
10078,19,19,0,19,502,2017-01-11 22:00:00,89.94727325439453,-18.0,NULL
10079,19,19,0,19,503,2017-01-11 23:00:00,89.94727325439453,-18.0,NULL
